Team,Player_Name,Numbers_Worn,Name_Variations,Games,MPG,MIN,PTS,PPG,FGM,FGA,FG%,3PM,3PA,3P%,FTM,FTA,FT%,OREB,DREB,REB,AST,STL,BLK,TOV,PF,POSS,USG%,PTS/100,AST/100,REB/100,PTS_AST,TPC,TPC/G,TPC/100,CLUTCH_PTS,CLUTCH_PPG,CLUTCH_FGA,CLUTCH_FTA,CLUTCH_TS%,CLUTCH_USG,CLUTCH_GAMES,BPM,OBPM,DBPM,POSITION,ROLE,RIM_ATT,RIM_MADE,RIM%,OTD_2PT_ATT,OTD_2PT_MADE,OTD_2PT%,OTD_3PT_ATT,OTD_3PT_MADE,OTD_3PT%,PASS_TO,DRIBBLE_TO,DEFENSE_TO,MISC_TO,2ND_CHANCE_PTS,FAST_BREAK_PTS,PTS_OFF_TOV
Manchester Magic Academy EABL,O. Babalola,13,O. Babalola,13,31.2,405.8,228.0,17.5,96.0,192.0,50,15.0,46.0,32.6,21.0,32.0,65.6,30.0,109.0,139.0,66.0,52.0,23.0,57.0,21.0,223.8,26.8,27.5,8.0,16.8,158,386.0,29.7,46.5,6,2.0,3,4,63.0,5.8,3,11.91,0.16,11.75,4.7,1.9,0.0,0.0,0,146.0,81.0,55.5,46.0,15.0,32.6,22.0,24.0,0.0,11.0,45.0,93.0,97.0
Myerscough College EABL,O. Esingle,9,O. Esingle,13,25.0,325.4,187.0,14.4,73.0,154.0,47.4,11.0,33.0,33.3,30.0,38.0,78.9,13.0,54.0,67.0,63.0,36.0,10.0,37.0,25.0,186.9,28.7,28.7,9.7,10.3,136,323.0,24.8,49.6,2,1.0,4,2,20.5,5.9,2,14.84,2.9,11.95,2.2,1.3,0.0,0.0,0,121.0,62.0,51.2,33.0,11.0,33.3,10.0,21.0,0.0,6.0,37.0,73.0,71.0
Myerscough College EABL,H. Sheehan,0/11,H. Sheehan,13,23.9,310.7,157.0,12.1,53.0,154.0,34.4,26.0,98.0,26.5,25.0,34.0,73.5,3.0,25.0,28.0,26.0,14.0,0.0,17.0,12.0,175.6,28.3,25.2,4.2,4.5,55,212.0,16.3,34.1,0,0,0,0,0,0.0,0,4.52,-0.84,5.35,2.1,3.4,0.0,0.0,0,56.0,27.0,48.2,98.0,26.0,26.5,9.0,6.0,0.0,2.0,34.0,34.0,49.0
Myerscough College EABL,Z. Trezvant,12,Z. Trezvant,13,21.8,283.6,142.0,10.9,60.0,106.0,56.6,7.0,30.0,23.3,15.0,31.0,48.4,46.0,67.0,113.0,28.0,23.0,18.0,43.0,30.0,112.0,19.7,25.0,4.9,19.9,58,200.0,15.4,35.2,8,4.0,4,0,100.0,4.0,2,10.51,0.31,10.19,4.6,2.4,0.0,0.0,0,76.0,53.0,69.7,30.0,7.0,23.3,23.0,15.0,0.0,5.0,52.0,25.0,46.0
Manchester Magic Academy EABL,H. Blake,7,H. Blake,13,19.3,251.0,109.0,8.4,45.0,100.0,45,10.0,27.0,37,9.0,10.0,90,12.0,18.0,30.0,30.0,16.0,0.0,32.0,23.0,119.4,23.2,21.2,5.8,5.8,63,172.0,13.2,33.5,2,2.0,3,0,33.3,3.0,1,-0.29,-5.29,5.0,2.6,3.1,0.0,0.0,0,73.0,35.0,47.9,27.0,10.0,37,18.0,13.0,0.0,1.0,14.0,24.0,37.0
Myerscough College EABL,J. Bobkowski,1/4/5/6,J. Bobkowski,13,19.6,255.2,101.0,7.8,31.0,91.0,34.1,11.0,45.0,24.4,28.0,37.0,75.7,15.0,14.0,29.0,19.0,13.0,1.0,31.0,15.0,118.3,23.2,19.8,3.7,5.7,116,217.0,16.7,42.5,0,0.0,1,0,0.0,1.0,1,1.24,-3.85,5.09,2.4,3.8,0.0,0.0,0,46.0,20.0,43.5,45.0,11.0,24.4,15.0,11.0,1.0,4.0,18.0,43.0,37.0
Manchester Magic Academy EABL,T. Kamal Kazmi,2/5/6,T. Kamal Kazmi,13,16.6,215.4,36.0,2.8,15.0,30.0,50,2.0,3.0,66.7,4.0,10.0,40,12.0,18.0,30.0,18.0,6.0,5.0,13.0,21.0,34.0,7.7,8.2,4.1,6.8,105,141.0,10.8,32.0,0,0,0,0,0,0.0,0,-0.58,-6.3,5.72,3.4,4.3,0.0,0.0,0,27.0,13.0,48.1,3.0,2.0,66.7,6.0,5.0,0.0,2.0,9.0,4.0,6.0
Manchester Magic Academy EABL,D. Allotey,11,D. Allotey,13,8.4,109.2,31.0,2.4,11.0,33.0,33.3,7.0,20.0,35,2.0,6.0,33.3,5.0,7.0,12.0,4.0,2.0,0.0,14.0,15.0,42.9,19.1,13.9,1.8,5.4,10,41.0,3.2,18.4,0,0,0,0,0,0.0,0,-8.76,-10.65,1.89,3.2,4.7,0.0,0.0,0,13.0,4.0,30.8,20.0,7.0,35,5.0,6.0,0.0,3.0,6.0,4.0,7.0
BMET City of Birmingham Rockets EABL,L. Duru,15/16/22,L. Duru,12,34.3,411.9,306.0,25.5,113.0,219.0,51.6,14.0,37.0,37.8,66.0,121.0,54.5,48.0,114.0,162.0,26.0,15.0,12.0,56.0,33.0,269.0,30.0,34.5,2.9,18.3,60,366.0,30.5,41.2,6,2.0,5,3,47.5,7.3,3,2.72,1.81,0.9,5.0,1.0,0.0,0.0,0,182.0,99.0,54.4,37.0,14.0,37.8,14.0,34.0,1.0,7.0,66.0,49.0,64.0
Charnwood College Riders EABL,T. Curran,6,T. Curran,12,32.4,389.2,273.0,22.8,98.0,211.0,46.4,11.0,49.0,22.4,66.0,104.0,63.5,24.0,61.0,85.0,57.0,36.0,1.0,46.0,26.0,267.6,34.7,35.2,7.3,10.9,131,404.0,33.7,52.0,35,4.4,19,17,66.1,30.5,8,9.62,3.52,6.11,2.2,1.0,0.0,0.0,0,162.0,87.0,53.7,49.0,11.0,22.4,19.0,22.0,0.0,5.0,28.0,78.0,82.0
City of London Academy - Southwark EABL,D. Banjoko,12/8,D. Banjoko,12,51.1,613.6,242.0,20.2,97.0,194.0,50,9.0,59.0,15.3,39.0,62.0,62.9,57.0,85.0,142.0,52.0,69.0,7.0,61.0,41.0,216.3,18.4,20.7,4.5,12.2,116,358.0,29.8,30.6,5,2.5,1,7,61.3,5.1,2,9.45,-0.97,10.42,3.0,2.7,0.0,0.0,0,135.0,88.0,65.2,59.0,9.0,15.3,20.0,22.0,1.0,18.0,64.0,102.0,92.0
Itchen College EABL,E. Round,6,E. Round,12,31.2,374.7,232.0,19.3,78.0,170.0,45.9,39.0,99.0,39.4,37.0,44.0,84.1,14.0,55.0,69.0,51.0,23.0,4.0,29.0,12.0,196.2,25.9,31.0,6.8,9.2,111,343.0,28.6,45.8,1,0.5,1,1,34.7,2.4,2,14.23,6.75,7.48,2.6,1.1,0.0,0.0,0,71.0,39.0,54.9,99.0,39.0,39.4,14.0,11.0,0.0,4.0,35.0,86.0,59.0
Copleston High School EABL,M. Liddamore,10,M. Liddamore,12,36.5,437.7,219.0,18.2,84.0,186.0,45.2,11.0,38.0,28.9,40.0,65.0,61.5,31.0,63.0,94.0,16.0,18.0,13.0,52.0,34.0,226.2,24.7,23.8,1.7,10.2,45,264.0,22.0,28.7,0,0.0,3,0,0.0,3.0,1,-3.82,-3.61,-0.21,3.8,1.7,0.0,0.0,0,148.0,73.0,49.3,38.0,11.0,28.9,29.0,14.0,0.0,9.0,49.0,62.0,46.0
City of London Academy - Southwark EABL,A. Nwokolo,15,A. Nwokolo,12,26.4,316.7,185.0,15.4,65.0,144.0,45.1,6.0,31.0,19.4,49.0,81.0,60.5,32.0,58.0,90.0,18.0,14.0,5.0,32.0,20.0,172.5,28.4,30.7,3.0,14.9,40,225.0,18.8,37.3,5,1.7,3,3,57.9,6.3,3,6.19,-0.27,6.45,4.1,2.5,0.0,0.0,0,113.0,59.0,52.2,31.0,6.0,19.4,8.0,18.0,0.0,6.0,55.0,48.0,53.0
Manchester Magic Academy EABL,J. Walton,8,J. Walton,12,30.9,371.1,181.0,15.1,70.0,139.0,50.4,30.0,67.0,44.8,11.0,14.0,78.6,4.0,43.0,47.0,84.0,20.0,0.0,31.0,8.0,165.3,21.7,23.9,11.1,6.2,180,361.0,30.1,47.6,6,3.0,2,1,123.0,2.4,2,8.3,1.98,6.32,1.9,1.2,0.0,0.0,0,72.0,40.0,55.6,67.0,30.0,44.8,19.0,10.0,0.0,2.0,19.0,56.0,48.0
Oaklands Wolves EABL,L. Mcintosh,10,L. Mcintosh,12,28.6,342.9,171.0,14.2,63.0,162.0,38.9,5.0,29.0,17.2,40.0,71.0,56.3,27.0,38.0,65.0,24.0,10.0,7.0,39.0,36.0,197.0,29.9,25.8,3.6,9.8,56,227.0,18.9,34.2,4,2.0,3,2,51.5,3.9,2,-2.23,-3.03,0.79,3.3,2.9,0.0,0.0,0,133.0,58.0,43.6,29.0,5.0,17.2,15.0,18.0,0.0,6.0,48.0,58.0,44.0
Oaklands Wolves EABL,D. Kostadinov,1,D. Kostadinov,12,29.6,355.4,163.0,13.6,55.0,167.0,32.9,43.0,123.0,35,10.0,11.0,90.9,11.0,34.0,45.0,9.0,12.0,0.0,16.0,19.0,169.8,24.8,23.7,1.3,6.6,17,180.0,15.0,26.2,3,1.5,3,0,50.0,4.0,2,1.36,0.81,0.55,2.7,3.5,0.0,0.0,0,44.0,12.0,27.3,123.0,43.0,35,6.0,5.0,0.0,5.0,37.0,23.0,36.0
SGS College EABL,M. Perez Tosca,6,M. Perez Tosca,12,27.5,330.0,152.0,12.7,54.0,125.0,43.2,28.0,63.0,44.4,16.0,20.0,80,10.0,28.0,38.0,35.0,12.0,2.0,33.0,18.0,150.5,22.1,22.2,5.1,5.5,83,235.0,19.6,34.3,0,0.0,2,0,0.0,2.0,2,-0.02,-0.37,0.35,2.1,1.5,0.0,0.0,0,62.0,26.0,41.9,63.0,28.0,44.4,21.0,11.0,0.0,1.0,26.0,28.0,32.0
Myerscough College EABL,C. Sanchez Falette,4/8,C. Sanchez Falette,12,25.6,307.7,148.0,12.3,50.0,127.0,39.4,14.0,51.0,27.5,34.0,59.0,57.6,23.0,49.0,72.0,35.0,24.0,2.0,41.0,29.0,164.1,26.7,24.0,5.7,11.7,117,265.0,22.1,43.0,0,0,0,0,0,0.0,0,5.3,-2.47,7.77,2.8,3.0,0.0,0.0,0,76.0,36.0,47.4,51.0,14.0,27.5,16.0,21.0,0.0,4.0,50.0,56.0,43.0
BMET City of Birmingham Rockets EABL,P. Basioudis,10,P. Basioudis,12,29.6,355.0,143.0,11.9,52.0,174.0,29.9,35.0,108.0,32.4,4.0,6.0,66.7,4.0,29.0,33.0,28.0,18.0,1.0,40.0,24.0,204.1,26.4,18.7,3.7,4.3,64,207.0,17.2,27.1,0,0.0,5,0,0.0,5.0,3,-7.18,-5.48,-1.7,2.2,3.4,0.0,0.0,0,66.0,17.0,25.8,108.0,35.0,32.4,23.0,12.0,0.0,5.0,8.0,32.0,16.0
Oaklands Wolves EABL,D. Gladstone,24,D. Gladstone,12,26.3,315.6,131.0,10.9,58.0,96.0,60.4,0.0,3.0,0,15.0,27.0,55.6,68.0,72.0,140.0,4.0,11.0,9.0,25.0,22.0,62.3,10.3,21.5,0.7,22.9,10,141.0,11.8,23.1,0,0,0,0,0,0.0,0,3.11,2.24,0.87,5.0,3.3,0.0,0.0,0,93.0,58.0,62.4,3.0,0.0,0,4.0,12.0,1.0,8.0,67.0,36.0,29.0
SGS College EABL,M. Alburo,4/9,M. Alburo,12,21.8,261.0,127.0,10.6,49.0,147.0,33.3,11.0,55.0,20,18.0,32.0,56.2,10.0,28.0,38.0,30.0,31.0,0.0,33.0,16.0,176.7,32.7,23.4,5.5,7.0,72,199.0,16.6,36.7,0,0.0,1,0,0.0,2.0,1,-1.29,-3.9,2.62,1.6,2.5,0.0,0.0,0,92.0,38.0,41.3,55.0,11.0,20,24.0,7.0,0.0,2.0,15.0,61.0,41.0
Copleston High School EABL,C. Fobister,0/2/5,C. Fobister,12,22.8,273.2,127.0,10.6,42.0,112.0,37.5,20.0,67.0,29.9,23.0,29.0,79.3,16.0,17.0,33.0,11.0,18.0,2.0,41.0,25.0,143.8,25.1,22.1,1.9,5.7,52,179.0,14.9,31.1,0,0,0,0,0,0.0,0,-5.3,-4.47,-0.82,2.5,2.0,0.0,0.0,0,45.0,22.0,48.9,67.0,20.0,29.9,20.0,15.0,1.0,5.0,18.0,41.0,35.0
HHS Reading Rockets EABL,E. Harrington,5,E. Harrington,12,27.0,324.0,126.0,10.5,51.0,112.0,45.5,8.0,30.0,26.7,16.0,24.0,66.7,12.0,51.0,63.0,21.0,19.0,3.0,28.0,29.0,133.0,21.0,19.8,3.3,9.9,45,171.0,14.2,26.8,0,0,0,0,0,0.0,0,-0.3,-4.21,3.91,3.3,2.5,0.0,0.0,0,82.0,43.0,52.4,30.0,8.0,26.7,10.0,13.0,0.0,5.0,13.0,36.0,26.0
HHS Reading Rockets EABL,M. Hassan-Taylor,10,M. Hassan-Taylor,12,28.9,346.2,123.0,10.2,47.0,141.0,33.3,17.0,66.0,25.8,12.0,25.0,48,6.0,42.0,48.0,23.0,22.0,6.0,33.0,13.0,171.8,25.4,18.0,3.4,7.0,51,174.0,14.5,25.5,3,3.0,1,0,150.0,1.0,1,-2.22,-5.12,2.89,2.8,3.3,0.0,0.0,0,75.0,30.0,40,66.0,17.0,25.8,19.0,10.0,0.0,4.0,12.0,38.0,19.0
SGS College EABL,K. Ramirez Mora,14,K. Ramirez Mora,12,24.2,290.9,117.0,9.8,45.0,91.0,49.5,9.0,27.0,33.3,18.0,24.0,75,40.0,67.0,107.0,17.0,14.0,19.0,22.0,34.0,80.2,13.3,19.4,2.8,17.7,43,160.0,13.3,26.5,0,0,0,0,0,0.0,0,2.22,-0.77,2.99,5.0,2.5,0.0,0.0,0,64.0,36.0,56.2,27.0,9.0,33.3,6.0,9.0,1.0,6.0,36.0,26.0,26.0
Copleston High School EABL,N. Wilkinson,3/4/6,N. Wilkinson,12,31.1,373.5,111.0,9.2,42.0,148.0,28.4,24.0,110.0,21.8,3.0,6.0,50,10.0,35.0,45.0,23.0,13.0,0.0,63.0,5.0,195.5,25.0,14.1,2.9,5.7,66,177.0,14.8,22.5,0,0.0,1,0,0.0,1.0,1,-12.18,-8.61,-3.56,2.3,3.2,0.0,0.0,0,38.0,18.0,47.4,110.0,24.0,21.8,39.0,19.0,0.0,5.0,19.0,33.0,17.0
Itchen College EABL,B. Cope,3/5,B. Cope,12,26.3,316.1,107.0,8.9,40.0,117.0,34.2,10.0,36.0,27.8,17.0,23.0,73.9,10.0,31.0,41.0,55.0,23.0,1.0,41.0,27.0,151.8,23.8,16.9,8.7,6.5,128,235.0,19.6,37.2,2,1.0,3,2,25.8,6.9,2,1.66,-3.74,5.39,1.7,3.0,0.0,0.0,0,81.0,30.0,37,36.0,10.0,27.8,20.0,15.0,0.0,6.0,19.0,42.0,27.0
Oaklands Wolves EABL,E. Da Cruz Fatuda,17/4,E. Da Cruz Fatuda,12,32.5,389.9,92.0,7.7,32.0,104.0,30.8,12.0,49.0,24.5,16.0,30.0,53.3,26.0,30.0,56.0,52.0,19.0,1.0,24.0,24.0,110.6,14.7,12.2,6.9,7.4,147,239.0,19.9,31.7,2,2.0,1,0,100.0,1.0,1,0.19,-1.68,1.88,1.8,3.0,0.0,0.0,0,55.0,20.0,36.4,49.0,12.0,24.5,14.0,7.0,0.0,3.0,18.0,29.0,18.0
Itchen College EABL,T. Blower,2/9,T. Blower,12,15.5,186.0,85.0,7.1,19.0,60.0,31.7,9.0,36.0,25,38.0,47.0,80.9,7.0,15.0,22.0,7.0,23.0,0.0,21.0,15.0,90.9,24.2,22.9,1.9,5.9,16,101.0,8.4,27.2,0,0,0,0,0,0.0,0,5.52,-2.43,7.96,2.1,3.7,0.0,0.0,0,24.0,10.0,41.7,36.0,9.0,25,12.0,7.0,0.0,2.0,21.0,14.0,19.0
HHS Reading Rockets EABL,J. Waterhouse,13,J. Waterhouse,12,24.7,295.9,80.0,6.7,32.0,68.0,47.1,1.0,8.0,12.5,15.0,23.0,65.2,29.0,41.0,70.0,7.0,9.0,12.0,32.0,35.0,77.9,13.5,13.7,1.2,12.0,11,91.0,7.6,15.6,0,0.0,1,0,0.0,1.0,1,-5.14,-7.59,2.45,4.8,3.8,0.0,0.0,0,60.0,31.0,51.7,8.0,1.0,12.5,17.0,10.0,0.0,5.0,22.0,10.0,25.0
Itchen College EABL,J. Osei-Owusu,13/14,J. Osei-Owusu,12,16.1,193.3,79.0,6.6,34.0,72.0,47.2,1.0,9.0,11.1,10.0,26.0,38.5,27.0,60.0,87.0,14.0,14.0,5.0,19.0,27.0,72.4,18.5,20.5,3.6,22.5,37,116.0,9.7,30.0,0,0,0,0,0,0.0,0,4.53,-2.1,6.63,5.0,3.7,0.0,0.0,0,63.0,33.0,52.4,9.0,1.0,11.1,6.0,5.0,0.0,8.0,33.0,22.0,33.0
Oaklands Wolves EABL,H. Morrell,14,H. Morrell,12,21.0,251.7,76.0,6.3,28.0,74.0,37.8,1.0,15.0,6.7,19.0,23.0,82.6,14.0,22.0,36.0,24.0,14.0,2.0,31.0,21.0,97.1,20.0,15.6,4.9,7.4,57,133.0,11.1,27.3,0,0,0,0,0,0.0,0,-2.58,-4.61,2.03,2.2,3.2,0.0,0.0,0,59.0,27.0,45.8,15.0,1.0,6.7,20.0,8.0,0.0,3.0,13.0,16.0,19.0
Itchen College EABL,M. Edwards,11/12,M. Edwards,12,9.9,119.2,75.0,6.2,34.0,57.0,59.6,0.0,0.0,0,7.0,14.0,50,21.0,12.0,33.0,4.0,0.0,4.0,9.0,9.0,49.1,20.4,31.5,1.7,13.9,14,89.0,7.4,37.4,0,0.0,1,2,0.0,1.9,1,5.85,2.79,3.06,4.7,2.8,0.0,0.0,0,57.0,34.0,59.6,0.0,0.0,0,8.0,0.0,0.0,1.0,31.0,24.0,20.0
BMET City of Birmingham Rockets EABL,G. Angoy,13/6,G. Angoy,12,28.4,340.5,72.0,6.0,30.0,85.0,35.3,6.0,25.0,24,6.0,9.0,66.7,20.0,28.0,48.0,33.0,23.0,2.0,19.0,31.0,84.4,11.4,9.8,4.5,6.5,69,141.0,11.8,19.2,2,1.0,2,0,50.0,3.0,2,-4.14,-5.34,1.2,2.4,3.7,0.0,0.0,0,60.0,24.0,40,25.0,6.0,24,13.0,5.0,0.0,1.0,21.0,20.0,25.0
Itchen College EABL,E. Lotriet,8,E. Lotriet,12,22.5,270.1,70.0,5.8,28.0,73.0,38.4,10.0,37.0,27,4.0,4.0,100,9.0,23.0,32.0,30.0,19.0,1.0,19.0,28.0,81.4,14.9,13.0,5.6,5.9,68,138.0,11.5,25.6,0,0.0,1,0,0.0,1.0,1,3.62,-3.1,6.72,2.2,3.7,0.0,0.0,0,36.0,18.0,50,37.0,10.0,27,14.0,3.0,0.0,2.0,10.0,24.0,32.0
SGS College EABL,I. Toure,12,I. Toure,12,22.0,264.1,68.0,5.7,31.0,70.0,44.3,0.0,4.0,0,6.0,14.0,42.9,16.0,45.0,61.0,3.0,5.0,14.0,28.0,30.0,84.6,15.5,12.4,0.5,11.1,7,75.0,6.2,13.7,1,1.0,0,2,56.8,1.9,1,-7.96,-8.81,0.85,4.8,4.5,0.0,0.0,0,66.0,31.0,47,4.0,0.0,0,7.0,12.0,3.0,6.0,26.0,8.0,9.0
Charnwood College Riders EABL,P. Kattah,1/10,P. Kattah,12,21.7,260.2,61.0,5.1,24.0,40.0,60,2.0,7.0,28.6,11.0,19.0,57.9,22.0,30.0,52.0,15.0,8.0,1.0,19.0,18.0,43.5,8.4,11.7,2.9,10.0,31,92.0,7.7,17.7,0,0,0,0,0,0.0,0,-0.34,-3.24,2.9,3.3,3.6,0.0,0.0,0,33.0,22.0,66.7,7.0,2.0,28.6,11.0,7.0,0.0,1.0,14.0,25.0,19.0
Myerscough College EABL,A. Ibirinde,13/32,A. Ibirinde,12,11.5,137.4,54.0,4.5,20.0,40.0,50,0.0,1.0,0,14.0,24.0,58.3,32.0,23.0,55.0,4.0,12.0,10.0,11.0,17.0,28.4,10.3,19.6,1.5,20.0,14,68.0,5.7,24.7,0,0,0,0,0,0.0,0,7.87,-0.14,8.01,4.9,4.0,0.0,0.0,0,39.0,20.0,51.3,1.0,0.0,0,0.0,7.0,0.0,4.0,23.0,6.0,11.0
Copleston High School EABL,I. Little,7,I. Little,12,28.9,346.4,52.0,4.3,22.0,74.0,29.7,1.0,17.0,5.9,7.0,21.0,33.3,23.0,73.0,96.0,35.0,23.0,11.0,45.0,44.0,101.0,13.9,7.1,4.8,13.2,80,132.0,11.0,18.1,0,0,0,0,0,0.0,0,-8.88,-10.46,1.58,3.5,3.3,0.0,0.0,0,57.0,21.0,36.8,17.0,1.0,5.9,30.0,11.0,0.0,4.0,15.0,14.0,11.0
Myerscough College EABL,D. Okhuoya,21,D. Okhuoya,12,8.5,102.1,51.0,4.2,23.0,47.0,48.9,1.0,16.0,6.2,4.0,7.0,57.1,14.0,17.0,31.0,7.0,9.0,0.0,9.0,11.0,43.3,21.2,25.0,3.4,15.2,17,68.0,5.7,33.3,0,0,0,0,0,0.0,0,7.23,-0.85,8.08,3.3,3.4,0.0,0.0,0,31.0,22.0,71,16.0,1.0,6.2,4.0,3.0,0.0,2.0,21.0,14.0,21.0
Oaklands Wolves EABL,T. Mcintosh,8,T. Mcintosh,12,14.8,177.0,51.0,4.2,16.0,45.0,35.6,9.0,30.0,30,10.0,11.0,90.9,8.0,8.0,16.0,17.0,5.0,0.0,22.0,17.0,61.3,18.0,14.9,5.0,4.7,35,86.0,7.2,25.1,0,0,0,0,0,0.0,0,-3.75,-3.88,0.13,2.1,3.1,0.0,0.0,0,15.0,7.0,46.7,30.0,9.0,30,12.0,7.0,0.0,3.0,9.0,7.0,9.0
HHS Reading Rockets EABL,C. Okumus,16/4,C. Okumus,12,17.6,210.8,50.0,4.2,18.0,51.0,35.3,4.0,10.0,40,10.0,17.0,58.8,8.0,18.0,26.0,26.0,11.0,1.0,27.0,11.0,74.4,18.1,12.1,6.3,6.3,51,101.0,8.4,24.3,0,0,0,0,0,0.0,0,-4.57,-6.56,2.0,2.1,2.8,0.0,0.0,0,41.0,14.0,34.1,10.0,4.0,40,19.0,5.0,0.0,3.0,4.0,6.0,19.0
Charnwood College Riders EABL,T. Pearson,14/15/8,T. Pearson,12,19.9,238.9,47.0,3.9,16.0,46.0,34.8,11.0,31.0,35.5,4.0,4.0,100,10.0,24.0,34.0,20.0,23.0,0.0,19.0,21.0,54.5,11.5,9.9,4.2,7.1,115,162.0,13.5,34.0,3,1.5,1,3,64.7,2.3,2,1.53,-4.2,5.73,2.1,3.7,0.0,0.0,0,15.0,5.0,33.3,31.0,11.0,35.5,8.0,6.0,1.0,4.0,9.0,12.0,9.0
Itchen College EABL,R. Radu,10,R. Radu,12,14.5,173.6,47.0,3.9,14.0,37.0,37.8,3.0,13.0,23.1,16.0,20.0,80,7.0,25.0,32.0,30.0,8.0,1.0,19.0,17.0,55.5,15.8,13.5,8.6,9.2,67,114.0,9.5,32.9,0,0,0,0,0,0.0,0,3.44,-3.01,6.45,2.5,2.8,0.0,0.0,0,24.0,11.0,45.8,13.0,3.0,23.1,14.0,4.0,0.0,1.0,4.0,15.0,8.0
City of London Academy - Southwark EABL,D. Patel,5,D. Patel,12,17.7,212.7,46.0,3.8,15.0,36.0,41.7,3.0,11.0,27.3,13.0,16.0,81.2,6.0,12.0,18.0,45.0,15.0,1.0,27.0,17.0,61.5,15.1,11.4,11.1,4.4,100,146.0,12.2,36.1,2,2.0,1,0,100.0,1.0,1,3.21,-3.83,7.04,1.2,1.9,0.0,0.0,0,25.0,12.0,48,11.0,3.0,27.3,18.0,5.0,0.0,4.0,10.0,18.0,13.0
Manchester Magic Academy EABL,T. Weekes,14,T. Weekes,12,7.3,87.8,43.0,3.6,18.0,30.0,60,0.0,1.0,0,7.0,14.0,50,5.0,18.0,23.0,6.0,4.0,0.0,9.0,16.0,38.6,21.4,24.0,3.3,12.8,9,52.0,4.3,29.0,0,0,0,0,0,0.0,0,-0.56,-6.65,6.09,4.0,3.2,0.0,0.0,0,29.0,18.0,62.1,1.0,0.0,0,3.0,5.0,0.0,1.0,9.0,18.0,10.0
BMET City of Birmingham Rockets EABL,P. Walsh,1/7/8,P. Walsh,12,12.2,145.9,40.0,3.3,13.0,44.0,29.5,10.0,30.0,33.3,4.0,11.0,36.4,1.0,16.0,17.0,7.0,7.0,0.0,16.0,8.0,61.3,19.3,12.7,2.2,5.4,21,61.0,5.1,19.4,0,0,0,0,0,0.0,0,-8.44,-7.42,-1.02,2.6,4.2,0.0,0.0,0,14.0,3.0,21.4,30.0,10.0,33.3,12.0,4.0,0.0,0.0,0.0,13.0,18.0
HHS Reading Rockets EABL,J. Mackinnon,14,J. Mackinnon,12,15.0,179.9,29.0,2.4,12.0,38.0,31.6,1.0,15.0,6.7,4.0,8.0,50,9.0,22.0,31.0,9.0,7.0,0.0,9.0,16.0,39.9,11.4,8.2,2.5,8.8,20,49.0,4.1,13.8,0,0,0,0,0,0.0,0,-5.41,-7.75,2.34,3.2,4.5,0.0,0.0,0,23.0,11.0,47.8,15.0,1.0,6.7,3.0,5.0,0.0,1.0,9.0,10.0,12.0
Myerscough College EABL,F. Morgan,14,F. Morgan,12,11.3,135.2,27.0,2.2,9.0,42.0,21.4,5.0,26.0,19.2,4.0,7.0,57.1,6.0,17.0,23.0,11.0,5.0,5.0,8.0,13.0,45.2,16.7,10.0,4.1,8.5,26,53.0,4.4,19.6,0,0,0,0,0,0.0,0,0.04,-6.39,6.43,3.2,4.7,0.0,0.0,0,16.0,4.0,25,26.0,5.0,19.2,4.0,4.0,0.0,0.0,5.0,0.0,5.0
City of London Academy - Southwark EABL,A. Morentin,9,A. Morentin,12,7.2,86.2,18.0,1.5,7.0,16.0,43.8,4.0,7.0,57.1,0.0,1.0,0,4.0,2.0,6.0,5.0,6.0,4.0,6.0,14.0,17.7,10.7,11.0,3.0,3.7,13,31.0,2.6,18.9,0,0,0,0,0,0.0,0,4.43,-4.94,9.37,3.0,4.0,0.0,0.0,0,9.0,3.0,33.3,7.0,4.0,57.1,1.0,2.0,0.0,3.0,2.0,6.0,8.0
BMET City of Birmingham Rockets EABL,A. Camara,12/21,A. Camara,12,8.5,101.4,16.0,1.3,6.0,19.0,31.6,0.0,0.0,0,4.0,14.0,28.6,13.0,25.0,38.0,3.0,2.0,7.0,13.0,17.0,24.2,11.0,7.3,1.4,17.4,8,24.0,2.0,11.0,0,0,0,0,0,0.0,0,-10.92,-10.82,-0.1,5.0,4.9,0.0,0.0,0,19.0,6.0,31.6,0.0,0.0,0,7.0,4.0,1.0,1.0,8.0,1.0,4.0
City of London Academy - Southwark EABL,R. Testfay,11/4/6,R. Testfay,12,10.3,124.1,10.0,0.8,2.0,22.0,9.1,0.0,10.0,0,6.0,9.0,66.7,1.0,10.0,11.0,12.0,5.0,0.0,15.0,10.0,38.4,16.1,4.2,5.1,4.7,52,62.0,5.2,26.2,4,4.0,1,2,106.4,1.9,1,-7.15,-11.89,4.74,2.3,4.3,0.0,0.0,0,12.0,2.0,16.7,10.0,0.0,0,9.0,5.0,0.0,1.0,2.0,1.0,7.0
Copleston High School EABL,E. Tamakloe,14/23/90,E. Tamakloe,12,8.4,101.3,10.0,0.8,5.0,23.0,21.7,0.0,12.0,0,0.0,1.0,0,10.0,20.0,30.0,4.0,3.0,2.0,15.0,7.0,27.3,12.9,4.7,1.9,14.1,13,23.0,1.9,10.8,0,0,0,0,0,0.0,0,-14.21,-12.29,-1.92,4.1,4.7,0.0,0.0,0,11.0,5.0,45.5,12.0,0.0,0,8.0,3.0,0.0,4.0,4.0,2.0,6.0
Copleston High School EABL,O. Drane,11,O. Drane,12,4.8,57.7,3.0,0.2,1.0,13.0,7.7,1.0,12.0,8.3,0.0,0.0,0,0.0,5.0,5.0,3.0,4.0,2.0,7.0,5.0,19.2,15.9,2.5,2.5,4.1,7,10.0,0.8,8.2,0,0,0,0,0,0.0,0,-13.88,-13.66,-0.22,2.6,4.4,0.0,0.0,0,1.0,0.0,0,12.0,1.0,8.3,2.0,4.0,0.0,1.0,0.0,3.0,0.0
Oaklands Wolves EABL,G. Mitchell,15,G. Mitchell,11,32.9,361.6,192.0,17.5,71.0,167.0,42.5,12.0,44.0,27.3,38.0,63.0,60.3,48.0,100.0,148.0,30.0,18.0,14.0,43.0,22.0,182.1,26.2,27.5,4.3,21.2,72,264.0,24.0,37.8,3,3.0,2,0,75.0,5.0,1,5.51,2.08,3.42,4.7,2.2,0.0,0.0,0,123.0,59.0,48,44.0,12.0,27.3,18.0,21.0,0.0,4.0,78.0,11.0,26.0
City of London Academy - Southwark EABL,T. Gass,13,T. Gass,11,27.0,296.9,189.0,17.2,76.0,155.0,49,11.0,36.0,30.6,26.0,47.0,55.3,37.0,51.0,88.0,17.0,19.0,14.0,22.0,18.0,154.3,27.1,33.4,3.0,15.6,35,224.0,20.4,39.6,10,2.5,5,3,79.1,7.3,4,12.08,3.81,8.27,4.6,2.1,0.0,0.0,0,119.0,65.0,54.6,36.0,11.0,30.6,15.0,6.0,0.0,1.0,45.0,52.0,51.0
Barking Abbey EABL,J. Mendes,23,J. Mendes,11,29.4,323.1,182.0,16.5,72.0,152.0,47.4,7.0,31.0,22.6,31.0,41.0,75.6,44.0,65.0,109.0,15.0,14.0,11.0,28.0,24.0,147.9,23.8,29.2,2.4,17.5,38,220.0,20.0,35.2,2,1.0,5,2,17.0,5.9,2,6.92,0.38,6.54,4.8,2.3,0.0,0.0,0,121.0,65.0,53.7,31.0,7.0,22.6,6.0,14.0,1.0,7.0,59.0,47.0,56.0
HHS Reading Rockets EABL,M. Daines,7,M. Daines,11,36.6,402.2,170.0,15.5,61.0,198.0,30.8,16.0,79.0,20.3,32.0,46.0,69.6,12.0,41.0,53.0,55.0,37.0,1.0,56.0,17.0,251.8,32.1,21.5,6.9,6.7,109,279.0,25.4,35.2,6,3.0,1,4,108.7,2.8,2,-1.37,-4.25,2.88,1.6,1.9,0.0,0.0,0,119.0,45.0,37.8,79.0,16.0,20.3,36.0,13.0,0.0,7.0,33.0,41.0,67.0
Derby College Trailblazers EABL,C. Burr,0/10,C. Burr,11,32.1,353.4,163.0,14.8,65.0,165.0,39.4,10.0,51.0,19.6,23.0,31.0,74.2,19.0,61.0,80.0,42.0,19.0,6.0,33.0,21.0,184.9,26.0,22.9,5.9,11.2,97,260.0,23.6,36.5,13,2.2,15,4,38.8,19.8,6,-1.14,-2.53,1.39,3.3,2.6,0.0,0.0,0,114.0,55.0,48.2,51.0,10.0,19.6,21.0,12.0,0.0,0.0,19.0,53.0,43.0
Itchen College EABL,J. Ofman,4,J. Ofman,11,20.9,229.4,147.0,13.4,55.0,124.0,44.4,14.0,46.0,30.4,23.0,29.0,79.3,15.0,56.0,71.0,14.0,13.0,0.0,22.0,26.0,138.0,29.8,32.1,3.1,15.5,30,177.0,16.1,38.6,0,0,0,0,0,0.0,0,6.62,0.69,5.93,3.8,2.6,0.0,0.0,0,78.0,41.0,52.6,46.0,14.0,30.4,7.0,9.0,0.0,6.0,22.0,52.0,46.0
Derby College Trailblazers EABL,W. Tallon,6/9,W. Tallon,11,28.0,307.6,136.0,12.4,56.0,99.0,56.6,7.0,19.0,36.8,17.0,26.0,65.4,24.0,61.0,85.0,20.0,12.0,11.0,17.0,17.0,99.3,16.0,21.9,3.2,13.7,39,175.0,15.9,28.2,9,1.8,8,2,50.7,9.9,5,2.25,0.3,1.95,4.6,2.4,0.0,0.0,0,80.0,49.0,61.3,19.0,7.0,36.8,8.0,9.0,0.0,0.0,38.0,21.0,28.0
Barking Abbey EABL,K. Mabaya,10,K. Mabaya,11,23.5,258.6,134.0,12.2,46.0,135.0,34.1,10.0,42.0,23.8,32.0,48.0,66.7,29.0,38.0,67.0,21.0,30.0,6.0,24.0,20.0,145.1,29.2,26.8,4.2,13.4,50,184.0,16.7,36.8,5,2.5,2,2,86.8,3.9,2,7.85,-1.2,9.05,3.3,2.8,0.0,0.0,0,93.0,36.0,38.7,42.0,10.0,23.8,6.0,17.0,0.0,1.0,30.0,56.0,51.0
BMET City of Birmingham Rockets EABL,J. Agbeze,0/5,J. Agbeze,11,28.7,315.9,128.0,11.6,54.0,110.0,49.1,0.0,0.0,0,20.0,52.0,38.5,40.0,29.0,69.0,31.0,34.0,10.0,39.0,19.0,126.6,18.4,18.8,4.6,10.1,71,199.0,18.1,29.2,4,1.3,4,0,50.0,4.0,3,0.33,-2.31,2.63,3.2,2.5,0.0,0.0,0,110.0,54.0,49.1,0.0,0.0,0,18.0,16.0,1.0,4.0,39.0,31.0,48.0
Barking Abbey EABL,R. Connolly,12,R. Connolly,11,27.5,302.4,126.0,11.5,47.0,107.0,43.9,15.0,44.0,34.1,17.0,24.0,70.8,20.0,47.0,67.0,22.0,22.0,6.0,27.0,24.0,119.6,20.6,21.6,3.8,11.5,53,179.0,16.3,30.6,0,0,0,0,0,0.0,0,6.35,-2.12,8.47,3.3,2.6,0.0,0.0,0,63.0,32.0,50.8,44.0,15.0,34.1,11.0,13.0,0.0,3.0,21.0,49.0,34.0
Myerscough College EABL,S. Latidan,10/13/15/24/6/7/8,S. Latidan,11,36.7,404.1,125.0,11.4,57.0,103.0,55.3,2.0,9.0,22.2,9.0,24.0,37.5,77.0,59.0,136.0,32.0,22.0,7.0,22.0,33.0,56.2,7.0,15.5,4.0,16.8,191,316.0,28.7,39.1,0,0,0,0,0,0.0,0,8.31,0.97,7.34,3.9,3.6,0.0,0.0,0,94.0,55.0,58.5,9.0,2.0,22.2,7.0,7.0,1.0,7.0,49.0,34.0,40.0
SGS College EABL,D. Lloyd,5,D. Lloyd,11,23.5,258.2,117.0,10.6,41.0,107.0,38.3,18.0,50.0,36,17.0,24.0,70.8,6.0,28.0,34.0,17.0,22.0,2.0,25.0,9.0,131.1,24.6,21.8,3.2,6.3,41,158.0,14.4,29.5,2,2.0,1,0,100.0,1.0,1,0.6,-1.82,2.43,2.2,2.6,0.0,0.0,0,57.0,23.0,40.4,50.0,18.0,36,10.0,13.0,0.0,2.0,18.0,54.0,27.0
Manchester Magic Academy EABL,T. Richardson,3/4/6,T. Richardson,11,15.4,169.4,114.0,10.4,40.0,107.0,37.4,23.0,71.0,32.4,11.0,17.0,64.7,7.0,17.0,24.0,12.0,14.0,2.0,10.0,14.0,112.8,32.4,32.9,3.5,6.9,81,195.0,17.7,56.3,0,0,0,0,0,0.0,0,5.66,0.07,5.6,3.0,3.1,0.0,0.0,0,36.0,17.0,47.2,71.0,23.0,32.4,3.0,5.0,0.0,2.0,17.0,46.0,47.0
HHS Reading Rockets EABL,L. Bakary,15,L. Bakary,11,23.4,257.4,97.0,8.8,37.0,72.0,51.4,0.0,1.0,0,23.0,36.0,63.9,17.0,37.0,54.0,8.0,9.0,11.0,22.0,32.0,89.1,17.7,19.1,1.6,10.7,14,111.0,10.1,21.9,0,0,0,0,0,0.0,0,-1.89,-5.38,3.5,4.5,2.9,0.0,0.0,0,71.0,37.0,52.1,1.0,0.0,0,5.0,10.0,0.0,7.0,30.0,17.0,26.0
Itchen College EABL,D. Cimochowski,1/15,D. Cimochowski,11,19.2,211.4,94.0,8.5,42.0,80.0,52.5,0.0,0.0,0,10.0,21.0,47.6,37.0,35.0,72.0,12.0,5.0,7.0,23.0,38.0,72.2,16.9,22.2,2.8,17.0,42,136.0,12.4,32.2,0,0,0,0,0,0.0,0,1.01,-3.31,4.32,5.0,3.5,0.0,0.0,0,80.0,42.0,52.5,0.0,0.0,0,14.0,4.0,0.0,5.0,29.0,16.0,18.0
Copleston High School EABL,T. Rafiu,0/2/6/9,T. Rafiu,11,31.7,348.6,81.0,7.4,30.0,99.0,30.3,9.0,30.0,30,12.0,19.0,63.2,22.0,38.0,60.0,21.0,19.0,10.0,33.0,36.0,113.6,15.6,11.0,2.9,8.2,108,189.0,17.2,25.8,0,0,0,0,0,0.0,0,-7.79,-7.89,0.1,3.1,3.5,0.0,0.0,0,69.0,21.0,30.4,30.0,9.0,30,12.0,13.0,0.0,8.0,23.0,24.0,15.0
Derby College Trailblazers EABL,E. Rice,4,E. Rice,11,25.0,274.8,73.0,6.6,27.0,80.0,33.8,12.0,42.0,28.6,7.0,7.0,100,10.0,13.0,23.0,44.0,6.0,0.0,28.0,19.0,97.0,17.6,13.2,7.9,4.2,97,170.0,15.5,30.7,6,2.0,3,1,87.2,5.4,3,-6.86,-4.9,-1.96,1.9,3.0,0.0,0.0,0,38.0,15.0,39.5,42.0,12.0,28.6,17.0,9.0,0.0,2.0,16.0,19.0,26.0
BMET City of Birmingham Rockets EABL,J. Hyland,14/9,J. Hyland,11,29.5,324.1,68.0,6.2,22.0,83.0,26.5,11.0,50.0,22,13.0,19.0,68.4,6.0,29.0,35.0,52.0,16.0,2.0,65.0,16.0,144.3,20.5,9.7,7.4,5.0,127,195.0,17.7,27.9,1,0.5,1,2,26.6,2.9,2,-11.0,-8.86,-2.14,1.7,3.0,0.0,0.0,0,33.0,11.0,33.3,50.0,11.0,22,44.0,17.0,1.0,3.0,21.0,7.0,20.0
Derby College Trailblazers EABL,G. Pastor,13/14/5,G. Pastor,11,19.0,209.3,67.0,6.1,32.0,74.0,43.2,0.0,5.0,0,3.0,18.0,16.7,21.0,33.0,54.0,18.0,4.0,2.0,18.0,22.0,75.8,18.0,15.9,4.3,12.8,45,112.0,10.2,26.6,2,1.0,2,0,50.0,5.0,2,-7.34,-6.4,-0.94,4.0,3.8,0.0,0.0,0,69.0,32.0,46.4,5.0,0.0,0,7.0,9.0,0.0,2.0,18.0,10.0,7.0
Barking Abbey EABL,M. Filho,5,M. Filho,11,22.5,247.3,65.0,5.9,21.0,54.0,38.9,2.0,16.0,12.5,21.0,26.0,80.8,15.0,20.0,35.0,28.0,28.0,2.0,22.0,22.0,69.5,14.6,13.6,5.9,7.3,70,135.0,12.3,28.2,0,0,0,0,0,0.0,0,5.45,-4.68,10.13,2.1,3.0,0.0,0.0,0,38.0,19.0,50,16.0,2.0,12.5,14.0,5.0,0.0,3.0,22.0,24.0,33.0
Copleston High School EABL,I. Carty-Peters,13,I. Carty-Peters,11,13.8,151.4,56.0,5.1,21.0,71.0,29.6,11.0,35.0,31.4,3.0,10.0,30,7.0,16.0,23.0,12.0,12.0,2.0,34.0,12.0,98.3,31.0,17.6,3.8,7.2,31,87.0,7.9,27.3,0,0,0,0,0,0.0,0,-10.66,-9.14,-1.52,2.4,2.7,0.0,0.0,0,36.0,10.0,27.8,35.0,11.0,31.4,16.0,13.0,0.0,5.0,18.0,20.0,13.0
Derby College Trailblazers EABL,J. Lemanski,3/5,J. Lemanski,11,10.0,109.8,55.0,5.0,19.0,63.0,30.2,13.0,43.0,30.2,4.0,6.0,66.7,2.0,8.0,10.0,6.0,7.0,2.0,8.0,12.0,68.8,31.1,24.9,2.7,4.5,21,76.0,6.9,34.4,0,0.0,1,0,0.0,1.0,1,-4.0,-3.71,-0.29,2.7,3.6,0.0,0.0,0,20.0,6.0,30,43.0,13.0,30.2,3.0,4.0,0.0,1.0,7.0,23.0,8.0
Itchen College EABL,M. Yeates,11/12/14/15,M. Yeates,11,16.3,179.4,45.0,4.1,19.0,45.0,42.2,1.0,1.0,100,6.0,14.0,42.9,24.0,19.0,43.0,9.0,4.0,1.0,6.0,11.0,31.8,8.8,12.5,2.5,12.0,38,83.0,7.5,23.1,0,0,0,0,0,0.0,0,2.44,-1.25,3.69,3.6,4.5,0.0,0.0,0,44.0,18.0,40.9,1.0,1.0,100,0.0,6.0,0.0,0.0,19.0,11.0,13.0
BMET City of Birmingham Rockets EABL,B. Rose,11/15/16/4/8/9,B. Rose,11,10.2,112.4,30.0,2.7,9.0,31.0,29,5.0,21.0,23.8,7.0,8.0,87.5,4.0,6.0,10.0,8.0,3.0,1.0,20.0,6.0,48.5,19.8,12.4,3.3,4.1,175,205.0,18.6,84.6,0,0,0,0,0,0.0,0,-11.31,-8.65,-2.66,2.6,3.8,0.0,0.0,0,10.0,4.0,40,21.0,5.0,23.8,10.0,9.0,0.0,1.0,6.0,9.0,11.0
SGS College EABL,A. Odowa,10/8,A. Odowa,11,11.1,121.8,29.0,2.6,12.0,35.0,34.3,2.0,11.0,18.2,3.0,12.0,25,7.0,13.0,20.0,6.0,8.0,0.0,15.0,5.0,46.3,18.4,11.5,2.4,7.9,16,45.0,4.1,17.8,0,0,0,0,0,0.0,0,-7.61,-7.93,0.32,2.7,4.4,0.0,0.0,0,24.0,10.0,41.7,11.0,2.0,18.2,7.0,7.0,1.0,0.0,8.0,14.0,9.0
Barking Abbey EABL,F. Cole,13/4/7,F. Cole,11,6.0,65.8,21.0,1.9,8.0,21.0,38.1,3.0,9.0,33.3,2.0,8.0,25,5.0,12.0,17.0,4.0,6.0,2.0,6.0,7.0,24.5,19.3,16.5,3.1,13.4,14,35.0,3.2,27.5,0,0,0,0,0,0.0,0,3.69,-5.24,8.92,3.5,3.9,0.0,0.0,0,12.0,5.0,41.7,9.0,3.0,33.3,4.0,2.0,0.0,0.0,4.0,6.0,9.0
Itchen College EABL,G. Andrews,7,G. Andrews,11,9.4,103.9,20.0,1.8,9.0,19.0,47.4,1.0,3.0,33.3,1.0,4.0,25,11.0,4.0,15.0,5.0,7.0,0.0,8.0,15.0,17.0,8.1,9.6,2.4,7.2,12,32.0,2.9,15.4,0,0,0,0,0,0.0,0,1.25,-4.55,5.79,2.8,4.5,0.0,0.0,0,16.0,8.0,50,3.0,1.0,33.3,5.0,3.0,0.0,0.0,7.0,6.0,12.0
Copleston High School EABL,G. Millar,12/15,G. Millar,11,6.8,74.5,6.0,0.5,2.0,14.0,14.3,2.0,14.0,14.3,0.0,0.0,0,4.0,5.0,9.0,3.0,0.0,1.0,13.0,20.0,22.1,14.1,3.8,1.9,5.7,15,21.0,1.9,13.4,0,0,0,0,0,0.0,0,-21.42,-18.02,-3.39,3.3,4.6,0.0,0.0,0,0.0,0.0,0,14.0,2.0,14.3,7.0,3.0,0.0,3.0,3.0,0.0,0.0
Oaklands Wolves EABL,E. Ryan,12,E. Ryan,11,6.5,71.2,6.0,0.5,2.0,11.0,18.2,0.0,1.0,0,2.0,6.0,33.3,7.0,7.0,14.0,6.0,4.0,3.0,5.0,5.0,11.2,8.2,4.4,4.4,10.2,14,20.0,1.8,14.5,0,0,0,0,0,0.0,0,-1.45,-4.77,3.32,3.2,4.3,0.0,0.0,0,10.0,2.0,20,1.0,0.0,0,3.0,2.0,0.0,0.0,4.0,2.0,2.0
Charnwood College Riders EABL,Z. Gleadell-Smith,15,Z. Gleadell-Smith,10,28.2,281.5,135.0,13.5,60.0,115.0,52.2,1.0,6.0,16.7,14.0,22.0,63.6,38.0,71.0,109.0,18.0,11.0,22.0,19.0,18.0,101.5,18.2,24.0,3.2,19.4,45,180.0,18.0,32.0,16,3.2,10,2,73.5,11.9,5,6.5,1.56,4.94,5.0,2.6,0.0,0.0,0,109.0,59.0,54.1,6.0,1.0,16.7,8.0,5.0,1.0,5.0,50.0,30.0,42.0
Derby College Trailblazers EABL,E. Norman,7,E. Norman,10,29.6,295.5,109.0,10.9,37.0,110.0,33.6,12.0,50.0,24,23.0,31.0,74.2,11.0,45.0,56.0,31.0,10.0,0.0,35.0,16.0,141.7,23.8,18.3,5.2,9.4,64,173.0,17.3,29.1,6,2.0,5,6,39.3,9.6,3,-6.4,-5.64,-0.75,2.9,3.2,0.0,0.0,0,60.0,25.0,41.7,50.0,12.0,24,14.0,17.0,0.0,4.0,24.0,29.0,31.0
Derby College Trailblazers EABL,R. Hobday,12,R. Hobday,10,22.6,226.5,73.0,7.3,35.0,73.0,47.9,1.0,2.0,50,2.0,6.0,33.3,14.0,38.0,52.0,19.0,6.0,4.0,14.0,18.0,72.6,15.9,16.0,4.2,11.4,44,117.0,11.7,25.6,4,2.0,4,0,50.0,4.0,2,-3.71,-4.37,0.67,3.8,3.4,0.0,0.0,0,71.0,34.0,47.9,2.0,1.0,50,3.0,7.0,1.0,3.0,15.0,8.0,7.0
Manchester Magic Academy EABL,J. Odongo,10,J. Odongo,10,22.4,223.9,63.0,6.3,24.0,51.0,47.1,4.0,16.0,25,11.0,19.0,57.9,8.0,19.0,27.0,16.0,13.0,0.0,8.0,16.0,57.0,12.4,13.8,3.5,5.9,38,101.0,10.1,22.1,0,0,0,0,0,0.0,0,1.36,-4.72,6.09,2.8,4.0,0.0,0.0,0,35.0,20.0,57.1,16.0,4.0,25,5.0,3.0,0.0,0.0,8.0,17.0,25.0
City of London Academy - Southwark EABL,J. Hannick,7,J. Hannick,10,20.4,203.6,60.0,6.0,19.0,67.0,28.4,5.0,38.0,13.2,17.0,21.0,81,4.0,16.0,20.0,29.0,11.0,2.0,15.0,20.0,83.8,21.4,15.5,7.5,5.2,65,125.0,12.5,32.2,1,1.0,1,2,26.6,2.9,1,1.7,-5.14,6.83,2.0,3.2,0.0,0.0,0,29.0,14.0,48.3,38.0,5.0,13.2,8.0,3.0,0.0,4.0,14.0,21.0,11.0
Manchester Magic Academy EABL,S. Sidi-Boumedine,2,S. Sidi-Boumedine,10,16.4,163.7,53.0,5.3,21.0,61.0,34.4,11.0,34.0,32.4,0.0,5.0,0,5.0,13.0,18.0,11.0,10.0,0.0,7.0,10.0,62.6,18.6,15.8,3.3,5.4,29,82.0,8.2,24.5,3,3.0,1,0,150.0,1.0,1,-0.63,-5.34,4.72,2.7,4.5,0.0,0.0,0,27.0,10.0,37,34.0,11.0,32.4,4.0,1.0,0.0,2.0,11.0,21.0,23.0
Barking Abbey EABL,A. Nwabueze,22/32/4/44,A. Nwabueze,10,16.8,168.5,52.0,5.2,19.0,57.0,33.3,13.0,41.0,31.7,1.0,2.0,50,7.0,22.0,29.0,4.0,11.0,4.0,6.0,16.0,54.6,16.8,16.0,1.2,8.9,17,69.0,6.9,21.2,0,0,0,0,0,0.0,0,3.49,-4.0,7.49,3.4,4.2,0.0,0.0,0,16.0,6.0,37.5,41.0,13.0,31.7,2.0,3.0,0.0,1.0,20.0,18.0,13.0
Charnwood College Riders EABL,A. Oyerinde,5/99,A. Oyerinde,10,17.9,178.9,50.0,5.0,21.0,70.0,30,4.0,25.0,16,4.0,7.0,57.1,4.0,15.0,19.0,25.0,10.0,0.0,17.0,17.0,82.6,23.3,14.0,7.0,5.3,61,111.0,11.1,31.1,5,2.5,3,0,83.3,3.0,2,-4.89,-6.82,1.92,1.8,3.5,0.0,0.0,0,45.0,17.0,37.8,25.0,4.0,16,9.0,8.0,0.0,0.0,9.0,6.0,15.0
City of London Academy - Southwark EABL,R. Cryer,10/11/4/7,R. Cryer,10,9.8,98.2,42.0,4.2,15.0,54.0,27.8,12.0,43.0,27.9,0.0,0.0,0,3.0,10.0,13.0,6.0,3.0,0.0,7.0,2.0,55.7,29.5,22.5,3.2,7.0,121,163.0,16.3,87.2,0,0,0,0,0,0.0,0,0.49,-2.84,3.33,2.7,4.1,0.0,0.0,0,11.0,3.0,27.3,43.0,12.0,27.9,2.0,4.0,0.0,1.0,2.0,11.0,11.0
Derby College Trailblazers EABL,L. Ngomti,1/11/17/2/9,L. Ngomti,10,12.9,129.3,33.0,3.3,11.0,41.0,26.8,6.0,22.0,27.3,5.0,12.0,41.7,4.0,12.0,16.0,10.0,13.0,1.0,15.0,21.0,55.0,21.1,12.7,3.8,6.1,52,85.0,8.5,32.6,0,0,0,0,0,0.0,0,-7.9,-9.79,1.89,2.4,4.4,0.0,0.0,0,19.0,5.0,26.3,22.0,6.0,27.3,9.0,4.0,0.0,2.0,1.0,15.0,10.0
Myerscough College EABL,L. Farrell,10/24/4/7,L. Farrell,10,7.4,73.8,30.0,3.0,13.0,26.0,50,2.0,5.0,40,2.0,2.0,100,3.0,8.0,11.0,7.0,3.0,0.0,4.0,7.0,26.8,18.1,20.3,4.7,7.4,118,148.0,14.8,100.2,0,0,0,0,0,0.0,0,5.77,-1.49,7.26,2.7,3.3,0.0,0.0,0,21.0,11.0,52.4,5.0,2.0,40,2.0,2.0,0.0,0.0,8.0,2.0,2.0
Barking Abbey EABL,F. Oguntuase,11,F. Oguntuase,10,8.6,86.0,29.0,2.9,13.0,27.0,48.1,0.0,0.0,0,3.0,7.0,42.9,12.0,13.0,25.0,4.0,6.0,2.0,8.0,17.0,25.0,15.1,17.4,2.4,15.0,8,37.0,3.7,22.3,0,0,0,0,0,0.0,0,0.74,-6.8,7.55,4.0,3.7,0.0,0.0,0,27.0,13.0,48.1,0.0,0.0,0,1.0,4.0,1.0,2.0,12.0,8.0,4.0
City of London Academy - Southwark EABL,S. Shirwac,10/13/14/7,S. Shirwac,10,9.0,89.9,22.0,2.2,10.0,20.0,50,0.0,1.0,0,2.0,4.0,50,3.0,13.0,16.0,1.0,5.0,1.0,9.0,5.0,26.6,15.4,12.9,0.6,9.4,125,147.0,14.7,85.9,0,0,0,0,0,0.0,0,-0.07,-7.16,7.1,3.3,4.4,0.0,0.0,0,19.0,10.0,52.6,1.0,0.0,0,2.0,4.0,1.0,2.0,3.0,7.0,9.0
Charnwood College Riders EABL,S. Morris,14/19,S. Morris,10,11.9,119.1,21.0,2.1,10.0,25.0,40,0.0,0.0,0,1.0,4.0,25,13.0,18.0,31.0,4.0,3.0,3.0,14.0,16.0,26.6,11.3,8.8,1.7,13.0,48,69.0,6.9,29.0,2,2.0,1,0,100.0,1.0,1,-6.72,-8.7,1.98,4.3,4.7,0.0,0.0,0,25.0,10.0,40,0.0,0.0,0,1.0,4.0,0.0,9.0,10.0,3.0,12.0
Barking Abbey EABL,K. N'gabala,8,K. N'gabala,10,7.0,70.3,20.0,2.0,7.0,17.0,41.2,0.0,6.0,0,6.0,8.0,75,1.0,4.0,5.0,6.0,1.0,0.0,2.0,8.0,20.7,15.3,14.7,4.4,3.7,18,38.0,3.8,28.0,0,0,0,0,0,0.0,0,-0.87,-6.31,5.45,2.5,3.5,0.0,0.0,0,11.0,7.0,63.6,6.0,0.0,0,2.0,0.0,0.0,0.0,4.0,11.0,10.0
BMET City of Birmingham Rockets EABL,G. Singh,1/14/15/16/23,G. Singh,10,5.6,55.5,15.0,1.5,5.0,14.0,35.7,5.0,14.0,35.7,0.0,0.0,0,1.0,3.0,4.0,1.0,2.0,0.0,6.0,3.0,18.2,15.1,12.5,0.8,3.3,87,102.0,10.2,85.2,0,0,0,0,0,0.0,0,-7.51,-5.95,-1.56,2.7,4.1,0.0,0.0,0,0.0,0.0,0,14.0,5.0,35.7,5.0,0.0,0.0,1.0,0.0,3.0,6.0
Copleston High School EABL,A. Hickey,12/14/30,A. Hickey,10,10.6,105.5,13.0,1.3,5.0,21.0,23.8,3.0,14.0,21.4,0.0,3.0,0,3.0,15.0,18.0,5.0,6.0,5.0,2.0,14.0,20.5,9.3,5.9,2.3,8.1,14,27.0,2.7,12.2,0,0,0,0,0,0.0,0,-5.96,-7.96,1.99,3.4,4.4,0.0,0.0,0,7.0,2.0,28.6,14.0,3.0,21.4,1.0,0.0,0.0,1.0,0.0,5.0,0.0
Oaklands Wolves EABL,K. Gasperas,21,K. Gasperas,10,3.5,35.5,10.0,1.0,3.0,11.0,27.3,3.0,10.0,30,1.0,2.0,50,0.0,0.0,0.0,1.0,2.0,0.0,2.0,5.0,13.3,19.5,14.6,1.5,0.0,2,12.0,1.2,17.5,0,0,0,0,0,0.0,0,-4.04,-5.39,1.35,2.4,4.2,0.0,0.0,0,1.0,0.0,0,10.0,3.0,30,1.0,0.0,0.0,1.0,3.0,1.0,7.0
Copleston High School EABL,L. Read,15/91,L. Read,10,4.0,40.1,6.0,0.6,3.0,7.0,42.9,0.0,1.0,0,0.0,2.0,0,6.0,8.0,14.0,1.0,0.0,2.0,4.0,7.0,5.6,6.7,7.1,1.2,16.6,12,18.0,1.8,21.3,0,0,0,0,0,0.0,0,-11.71,-10.17,-1.54,4.5,4.3,0.0,0.0,0,6.0,3.0,50,1.0,0.0,0,2.0,2.0,0.0,0.0,4.0,2.0,2.0
Copleston High School EABL,M. Wells,8,M. Wells,10,5.6,55.5,0.0,0.0,0.0,9.0,0,0.0,0.0,0,0.0,2.0,0,4.0,7.0,11.0,0.0,1.0,0.0,10.0,7.0,15.2,13.1,0.0,0.0,9.4,0,0.0,0.0,0.0,0,0,0,0,0,0.0,0,-22.9,-18.41,-4.48,3.6,5.0,0.0,0.0,0,9.0,0.0,0,0.0,0.0,0,3.0,6.0,0.0,1.0,0.0,0.0,0.0
Charnwood College Riders EABL,R. Buckingham,0/9,R. Buckingham,9,30.4,273.9,124.0,13.8,45.0,112.0,40.2,27.0,72.0,37.5,7.0,9.0,77.8,1.0,23.0,24.0,9.0,15.0,0.0,15.0,14.0,124.8,23.0,22.7,1.6,4.4,16,140.0,15.6,25.6,21,4.2,10,3,92.8,11.3,5,2.15,-0.78,2.93,2.3,3.2,0.0,0.0,0,40.0,18.0,45,72.0,27.0,37.5,4.0,7.0,0.0,4.0,20.0,42.0,30.0
Barking Abbey EABL,O. Visockas,25/9,O. Visockas,9,23.7,212.9,93.0,10.3,28.0,94.0,29.8,15.0,54.0,27.8,22.0,34.0,64.7,17.0,22.0,39.0,12.0,12.0,7.0,16.0,16.0,103.6,25.3,22.6,2.9,9.5,45,138.0,15.3,33.5,0,0,0,0,0,0.0,0,3.45,-2.78,6.23,3.4,3.5,0.0,0.0,0,40.0,13.0,32.5,54.0,15.0,27.8,10.0,4.0,0.0,2.0,29.0,11.0,33.0
Manchester Magic Academy EABL,L. Clayton,12,L. Clayton,9,19.5,175.3,67.0,7.4,30.0,60.0,50,2.0,16.0,12.5,5.0,6.0,83.3,7.0,7.0,14.0,17.0,16.0,8.0,14.0,15.0,66.9,18.6,18.7,4.7,3.9,41,108.0,12.0,30.1,0,0,0,0,0,0.0,0,4.39,-3.84,8.23,2.8,3.5,0.0,0.0,0,44.0,28.0,63.6,16.0,2.0,12.5,9.0,5.0,0.0,0.0,9.0,28.0,14.0
SGS College EABL,L. Matthews,3,L. Matthews,9,22.3,200.4,61.0,6.8,21.0,73.0,28.8,3.0,22.0,13.6,16.0,33.0,48.5,12.0,28.0,40.0,22.0,13.0,2.0,25.0,19.0,96.5,23.3,14.7,5.3,9.6,48,109.0,12.1,26.2,5,5.0,1,3,107.8,3.3,1,-6.62,-7.61,0.99,2.7,3.4,0.0,0.0,0,51.0,18.0,35.3,22.0,3.0,13.6,11.0,12.0,0.0,2.0,9.0,25.0,19.0
Charnwood College Riders EABL,L. Boothe,4/7,L. Boothe,9,17.3,155.6,55.0,6.1,15.0,48.0,31.2,9.0,32.0,28.1,16.0,22.0,72.7,6.0,19.0,25.0,3.0,8.0,0.0,13.0,21.0,62.1,20.1,17.7,1.0,8.1,6,61.0,6.8,19.7,4,1.0,4,2,41.0,4.9,4,-3.41,-5.91,2.5,3.2,4.1,0.0,0.0,0,16.0,6.0,37.5,32.0,9.0,28.1,6.0,5.0,0.0,2.0,8.0,20.0,16.0
SGS College EABL,K. Richards,15,K. Richards,9,15.7,141.6,52.0,5.8,26.0,49.0,53.1,0.0,1.0,0,0.0,3.0,0,19.0,21.0,40.0,4.0,5.0,1.0,8.0,7.0,37.7,12.9,17.7,1.4,13.6,12,64.0,7.1,21.8,0,0.0,1,0,0.0,1.0,1,-1.75,-1.82,0.08,3.9,3.5,0.0,0.0,0,48.0,26.0,54.2,1.0,0.0,0,2.0,6.0,0.0,0.0,20.0,8.0,14.0
Manchester Magic Academy EABL,A. Sagay Isiorho,5,A. Isiorho; A. Sagay Isiorho,9,16.1,144.7,48.0,5.3,22.0,46.0,47.8,1.0,2.0,50,3.0,4.0,75,22.0,22.0,44.0,18.0,16.0,10.0,9.0,23.0,33.4,11.2,16.2,6.1,14.9,41,89.0,9.9,30.1,0,0,0,0,0,0.0,0,7.59,-2.53,10.13,4.7,3.6,0.0,0.0,0,44.0,21.0,47.7,2.0,1.0,50,1.0,4.0,1.0,3.0,8.0,17.0,24.0
SGS College EABL,S. Nelson,2/4,S. Nelson,9,20.7,186.0,41.0,4.6,10.0,50.0,20,6.0,29.0,20.7,15.0,18.0,83.3,9.0,17.0,26.0,16.0,9.0,0.0,31.0,21.0,76.7,19.9,10.6,4.1,6.7,91,132.0,14.7,34.2,0,0,0,0,0,0.0,0,-10.97,-10.29,-0.68,2.5,3.9,0.0,0.0,0,21.0,4.0,19,29.0,6.0,20.7,18.0,10.0,0.0,3.0,2.0,15.0,12.0
Derby College Trailblazers EABL,J. Howlett,8,J. Howlett,9,19.2,172.9,31.0,3.4,11.0,27.0,40.7,3.0,12.0,25,6.0,10.0,60,8.0,17.0,25.0,34.0,10.0,1.0,14.0,25.0,35.9,10.3,8.9,9.8,7.2,77,108.0,12.0,31.0,7,2.3,4,3,65.8,6.3,3,-3.19,-5.46,2.26,2.2,2.9,0.0,0.0,0,15.0,8.0,53.3,12.0,3.0,25,5.0,6.0,0.0,3.0,1.0,12.0,7.0
Charnwood College Riders EABL,F. Saeed,20/23,F. Saeed,9,15.1,135.8,27.0,3.0,12.0,32.0,37.5,1.0,6.0,16.7,2.0,4.0,50,6.0,18.0,24.0,5.0,3.0,4.0,14.0,16.0,40.1,14.9,10.0,1.8,8.9,12,39.0,4.3,14.4,0,0,0,0,0,0.0,0,-6.36,-8.79,2.43,3.8,4.6,0.0,0.0,0,26.0,11.0,42.3,6.0,1.0,16.7,7.0,5.0,0.0,2.0,7.0,11.0,8.0
Charnwood College Riders EABL,J. Hardy,4/55,J. Hardy,9,7.0,63.4,16.0,1.8,7.0,24.0,29.2,2.0,16.0,12.5,0.0,0.0,0,5.0,4.0,9.0,2.0,1.0,0.0,4.0,4.0,22.1,17.6,12.7,1.6,7.1,10,26.0,2.9,20.6,0,0.0,1,0,0.0,1.0,1,-7.26,-6.51,-0.75,3.0,4.8,0.0,0.0,0,8.0,5.0,62.5,16.0,2.0,12.5,2.0,2.0,0.0,0.0,4.0,7.0,6.0
BMET City of Birmingham Rockets EABL,S. Chikukwa,14/15/16/23/4,S. Chikukwa,9,6.2,56.2,7.0,0.8,3.0,3.0,100,0.0,0.0,0,1.0,2.0,50,0.0,2.0,2.0,1.0,1.0,0.0,4.0,1.0,7.6,6.2,5.8,0.8,1.7,93,100.0,11.1,82.6,0,0,0,0,0,0.0,0,-8.24,-7.18,-1.06,2.6,4.3,0.0,0.0,0,3.0,3.0,100,0.0,0.0,0,3.0,1.0,0.0,0.0,0.0,5.0,7.0
HHS Reading Rockets EABL,A. Moloney,6,A. Moloney,9,8.7,78.2,7.0,0.8,3.0,11.0,27.3,0.0,2.0,0,1.0,2.0,50,3.0,3.0,6.0,3.0,0.0,1.0,7.0,14.0,15.2,10.0,4.5,1.9,3.9,7,14.0,1.6,9.1,0,0,0,0,0,0.0,0,-12.39,-12.72,0.33,3.1,4.7,0.0,0.0,0,9.0,3.0,33.3,2.0,0.0,0,4.0,2.0,1.0,0.0,2.0,4.0,2.0
Derby College Trailblazers EABL,K. Otaye,0/1/10/11/21/9,K. Otaye,9,5.1,46.2,5.0,0.6,2.0,8.0,25,0.0,1.0,0,1.0,4.0,25,4.0,3.0,7.0,1.0,4.0,1.0,3.0,6.0,8.4,9.1,5.4,1.1,7.5,117,122.0,13.6,131.2,0,0,0,0,0,0.0,0,-8.16,-9.44,1.28,3.1,4.8,0.0,0.0,0,7.0,2.0,28.6,1.0,0.0,0,1.0,2.0,0.0,0.0,1.0,0.0,0.0
Manchester Magic Academy EABL,N. Brown,1,N. Brown,8,21.6,172.5,66.0,8.2,27.0,58.0,46.6,7.0,19.0,36.8,5.0,11.0,45.5,2.0,8.0,10.0,13.0,11.0,2.0,15.0,10.0,72.8,20.6,18.7,3.7,2.8,34,100.0,12.5,28.4,3,1.0,2,2,52.1,2.9,3,0.17,-5.16,5.33,2.4,3.7,0.0,0.0,0,39.0,20.0,51.3,19.0,7.0,36.8,6.0,8.0,0.0,1.0,4.0,20.0,19.0
Charnwood College Riders EABL,L. Stevenson,13,L. Stevenson,8,18.7,149.8,51.0,6.4,23.0,50.0,46,2.0,10.0,20,3.0,6.0,50,6.0,16.0,22.0,6.0,8.0,0.0,15.0,17.0,59.2,19.9,17.1,2.0,7.4,11,62.0,7.8,20.8,0,0.0,1,0,0.0,1.0,1,-3.8,-6.57,2.77,2.9,3.9,0.0,0.0,0,40.0,21.0,52.5,10.0,2.0,20,4.0,8.0,0.0,3.0,5.0,26.0,10.0
City of London Academy - Southwark EABL,L. Thompson,6,L. Thompson,8,15.8,126.4,48.0,6.0,20.0,40.0,50,3.0,9.0,33.3,5.0,14.0,35.7,14.0,11.0,25.0,4.0,7.0,0.0,10.0,11.0,40.5,16.7,19.9,1.7,10.4,10,58.0,7.2,24.1,2,2.0,1,0,100.0,1.0,1,3.28,-2.78,6.06,3.3,3.7,0.0,0.0,0,31.0,17.0,54.8,9.0,3.0,33.3,3.0,2.0,1.0,4.0,18.0,12.0,15.0
City of London Academy - Southwark EABL,B. Olowoshile,14,B. Olowoshile,8,17.3,138.1,32.0,4.0,13.0,31.0,41.9,0.0,0.0,0,6.0,15.0,40,19.0,19.0,38.0,4.0,2.0,5.0,17.0,14.0,34.2,12.9,12.2,1.5,14.5,11,43.0,5.4,16.4,0,0,0,0,0,0.0,0,-3.15,-7.89,4.73,4.6,4.6,0.0,0.0,0,31.0,13.0,41.9,0.0,0.0,0,4.0,4.0,0.0,9.0,10.0,8.0,11.0
Barking Abbey EABL,A. Maitland,14/15,A. Maitland,8,23.3,186.0,9.0,1.1,4.0,23.0,17.4,1.0,13.0,7.7,0.0,0.0,0,3.0,6.0,9.0,29.0,14.0,0.0,19.0,4.0,37.4,10.5,2.5,8.1,2.5,85,94.0,11.8,26.2,0,0,0,0,0,0.0,0,-2.06,-8.13,6.06,1.2,3.5,0.0,0.0,0,10.0,3.0,30,13.0,1.0,7.7,17.0,1.0,0.0,1.0,0.0,0.0,4.0
Barking Abbey EABL,H. Egbayelo,13/15/32,H. Egbayelo,8,3.3,26.1,9.0,1.1,3.0,3.0,100,0.0,0.0,0,3.0,6.0,50,3.0,8.0,11.0,1.0,1.0,1.0,6.0,6.0,8.3,16.5,17.9,2.0,21.9,30,39.0,4.9,77.5,0,0,0,0,0,0.0,0,-2.68,-11.14,8.46,4.1,3.5,0.0,0.0,0,3.0,3.0,100,0.0,0.0,0,2.0,3.0,0.0,1.0,2.0,2.0,2.0
Oaklands Wolves EABL,G. Augenti,4,G. Augenti,8,4.5,36.3,3.0,0.4,1.0,7.0,14.3,1.0,5.0,20,0.0,0.0,0,0.0,5.0,5.0,5.0,1.0,0.0,1.0,1.0,7.7,11.0,4.3,7.1,7.1,17,20.0,2.5,28.5,0,0,0,0,0,0.0,0,-2.45,-4.48,2.02,2.4,3.8,0.0,0.0,0,2.0,0.0,0,5.0,1.0,20,0.0,1.0,0.0,0.0,0.0,0.0,0.0
Oaklands Wolves EABL,Z. Gribble,22,Z. Gribble,8,3.8,30.1,3.0,0.4,1.0,3.0,33.3,1.0,1.0,100,0.0,0.0,0,0.0,2.0,2.0,2.0,2.0,0.0,3.0,0.0,5.8,9.9,5.2,3.4,3.4,5,8.0,1.0,13.7,0,0,0,0,0,0.0,0,-1.88,-4.86,2.98,2.3,4.1,0.0,0.0,0,2.0,0.0,0,1.0,1.0,100,1.0,0.0,0.0,2.0,0.0,0.0,0.0
Derby College Trailblazers EABL,F. Tuck,5,F. Tuck,8,2.2,17.9,2.0,0.2,1.0,4.0,25,0.0,2.0,0,0.0,0.0,0,0.0,0.0,0.0,1.0,0.0,0.0,1.0,1.0,4.8,13.3,5.5,2.8,0.0,10,12.0,1.5,33.2,0,0,0,0,0,0.0,0,-14.13,-10.58,-3.55,2.7,4.3,0.0,0.0,0,2.0,1.0,50,2.0,0.0,0,1.0,0.0,0.0,0.0,0.0,0.0,0.0
Derby College Trailblazers EABL,M. Smith-Fjordland,2/22,M. Smith-Fjordland,7,14.9,104.3,59.0,8.4,21.0,45.0,46.7,9.0,18.0,50,8.0,15.0,53.3,5.0,9.0,14.0,13.0,10.0,3.0,16.0,15.0,60.1,28.6,28.1,6.2,6.7,32,91.0,13.0,43.3,1,0.5,2,2,17.4,2.9,2,2.72,-0.84,3.56,2.6,1.9,0.0,0.0,0,27.0,12.0,44.4,18.0,9.0,50,8.0,7.0,0.0,1.0,7.0,16.0,7.0
Charnwood College Riders EABL,D. Hanousek,8,D. Hanousek,7,18.7,131.0,43.0,6.1,12.0,40.0,30,4.0,15.0,26.7,15.0,26.0,57.7,5.0,15.0,20.0,10.0,6.0,0.0,17.0,22.0,60.9,23.4,16.4,3.8,7.7,27,70.0,10.0,26.8,3,1.0,5,6,19.6,7.6,3,-6.91,-8.93,2.01,2.8,3.8,0.0,0.0,0,25.0,8.0,32,15.0,4.0,26.7,6.0,8.0,0.0,3.0,12.0,8.0,15.0
BMET City of Birmingham Rockets EABL,I. Gisbourne,11/15/5/7/8,I. Gisbourne,7,11.4,79.7,30.0,4.3,13.0,26.0,50,4.0,13.0,30.8,0.0,2.0,0,3.0,4.0,7.0,3.0,5.0,0.0,15.0,4.0,37.3,21.5,17.5,1.7,4.1,143,173.0,24.7,100.7,0,0,0,0,0,0.0,0,-7.93,-6.78,-1.15,2.5,3.4,0.0,0.0,0,13.0,9.0,69.2,13.0,4.0,30.8,9.0,5.0,0.0,1.0,2.0,9.0,9.0
Barking Abbey EABL,M. Myamutenha,4/8,M. Myamutenha,7,7.5,52.9,25.0,3.6,8.0,21.0,38.1,6.0,12.0,50,3.0,4.0,75,3.0,3.0,6.0,5.0,4.0,0.0,4.0,3.0,22.8,22.4,24.5,4.9,5.9,26,51.0,7.3,49.9,0,0,0,0,0,0.0,0,9.11,1.48,7.62,2.4,2.8,0.0,0.0,0,9.0,2.0,22.2,12.0,6.0,50,2.0,2.0,0.0,0.0,6.0,10.0,8.0
Barking Abbey EABL,S. Dobson Smith,22/26/6/9,S. Dobson Smith,7,15.4,107.7,22.0,3.1,8.0,31.0,25.8,5.0,19.0,26.3,1.0,1.0,100,6.0,7.0,13.0,11.0,4.0,0.0,12.0,19.0,35.9,17.3,10.6,5.3,6.2,52,74.0,10.6,35.6,0,0.0,2,0,0.0,2.0,1,-5.4,-10.2,4.8,2.6,3.9,0.0,0.0,0,12.0,3.0,25,19.0,5.0,26.3,7.0,2.0,0.0,3.0,3.0,4.0,8.0
SGS College EABL,M. Pospori,10/9,M. Pospori,7,15.3,107.0,16.0,2.3,7.0,19.0,36.8,1.0,4.0,25,1.0,4.0,25,6.0,8.0,14.0,5.0,1.0,0.0,9.0,4.0,22.8,10.3,7.2,2.2,6.3,24,40.0,5.7,18.0,0,0,0,0,0,0.0,0,-8.63,-7.31,-1.32,2.9,4.4,0.0,0.0,0,15.0,6.0,40,4.0,1.0,25,3.0,4.0,1.0,1.0,2.0,0.0,0.0
Charnwood College Riders EABL,O. Hambira,17,O. Hambira,7,8.2,57.3,8.0,1.1,2.0,15.0,13.3,0.0,2.0,0,4.0,9.0,44.4,2.0,8.0,10.0,7.0,4.0,1.0,7.0,4.0,23.0,20.2,7.0,6.1,8.8,15,23.0,3.3,20.1,0,0,0,0,0,0.0,0,-6.99,-9.98,3.0,2.7,3.9,0.0,0.0,0,13.0,2.0,15.4,2.0,0.0,0,3.0,3.0,0.0,1.0,3.0,2.0,2.0
SGS College EABL,W. Wewe,10/13,W. Wewe,7,3.2,22.2,2.0,0.3,1.0,3.0,33.3,0.0,0.0,0,0.0,0.0,0,4.0,5.0,9.0,0.0,0.0,2.0,3.0,3.0,1.9,4.2,4.3,0.0,19.5,7,9.0,1.3,19.5,0,0,0,0,0,0.0,0,-9.62,-9.59,-0.03,4.4,4.6,0.0,0.0,0,3.0,1.0,33.3,0.0,0.0,0,1.0,2.0,0.0,0.0,0.0,0.0,2.0
Oaklands Wolves EABL,B. Thompson,37,B. Thompson,7,3.2,22.1,1.0,0.1,0.0,2.0,0,0.0,1.0,0,1.0,2.0,50,2.0,6.0,8.0,1.0,0.0,0.0,2.0,2.0,2.8,6.5,2.3,2.3,18.7,2,3.0,0.4,7.0,0,0,0,0,0,0.0,0,-8.29,-8.46,0.16,3.5,4.4,0.0,0.0,0,1.0,0.0,0,1.0,0.0,0,1.0,1.0,0.0,0.0,1.0,0.0,0.0
SGS College EABL,Z. Lawson,7,Z. Lawson,6,13.2,79.2,33.0,5.5,12.0,32.0,37.5,0.0,5.0,0,9.0,15.0,60,9.0,15.0,24.0,9.0,4.0,2.0,8.0,3.0,36.1,22.0,20.1,5.5,14.6,21,54.0,9.0,32.8,0,0,0,0,0,0.0,0,-0.26,-2.04,1.78,3.5,2.9,0.0,0.0,0,27.0,12.0,44.4,5.0,0.0,0,2.0,6.0,0.0,0.0,5.0,21.0,10.0
Myerscough College EABL,N. Byfield,4/7,N. Byfield,6,11.9,71.7,26.0,4.3,11.0,17.0,64.7,2.0,4.0,50,2.0,3.0,66.7,0.0,10.0,10.0,10.0,4.0,0.0,9.0,2.0,26.2,18.3,18.1,7.0,7.0,77,103.0,17.2,71.8,0,0,0,0,0,0.0,0,6.77,-1.59,8.36,2.3,2.8,0.0,0.0,0,13.0,9.0,69.2,4.0,2.0,50,4.0,3.0,0.0,2.0,10.0,6.0,7.0
BMET City of Birmingham Rockets EABL,D. Pittaway,11,D. Pittaway,6,13.8,82.8,15.0,2.5,6.0,13.0,46.2,1.0,6.0,16.7,2.0,7.0,28.6,5.0,13.0,18.0,0.0,3.0,2.0,6.0,6.0,16.4,9.1,8.4,0.0,10.1,13,28.0,4.7,15.7,0,0,0,0,0,0.0,0,-7.15,-7.05,-0.1,4.0,4.7,0.0,0.0,0,7.0,5.0,71.4,6.0,1.0,16.7,0.0,6.0,0.0,0.0,6.0,4.0,7.0
HHS Reading Rockets EABL,L. Francis,12,L. Francis,6,15.6,93.5,13.0,2.2,4.0,14.0,28.6,0.0,5.0,0,5.0,8.0,62.5,6.0,2.0,8.0,4.0,3.0,1.0,4.0,13.0,14.9,8.2,7.1,2.2,4.3,19,32.0,5.3,17.4,0,0,0,0,0,0.0,0,-6.25,-8.21,1.95,2.9,4.5,0.0,0.0,0,9.0,4.0,44.4,5.0,0.0,0,1.0,3.0,0.0,0.0,4.0,0.0,3.0
Derby College Trailblazers EABL,K. Zidonis,0/1/10/2/8,K. Zidonis,6,4.2,25.3,10.0,1.7,3.0,8.0,37.5,2.0,4.0,50,2.0,2.0,100,0.0,2.0,2.0,0.0,0.0,0.0,4.0,0.0,12.4,24.3,19.6,0.0,3.9,220,230.0,38.3,451.6,0,0,0,0,0,0.0,0,-10.5,-6.69,-3.81,3.0,3.8,0.0,0.0,0,4.0,1.0,25,4.0,2.0,50,1.0,2.0,0.0,1.0,0.0,0.0,3.0
Charnwood College Riders EABL,D. Stephens,12,D. Stephens,6,4.7,28.2,9.0,1.5,4.0,9.0,44.4,0.0,1.0,0,1.0,4.0,25,4.0,8.0,12.0,0.0,2.0,2.0,3.0,8.0,9.4,16.7,16.0,0.0,21.3,0,9.0,1.5,16.0,0,0,0,0,0,0.0,0,-4.97,-9.38,4.42,4.7,4.4,0.0,0.0,0,8.0,4.0,50,1.0,0.0,0,0.0,2.0,0.0,1.0,4.0,3.0,2.0
Itchen College EABL,A. Ben-Uloko,14,A. Ben-Uloko,6,1.8,11.1,4.0,0.7,2.0,4.0,50,0.0,1.0,0,0.0,0.0,0,1.0,2.0,3.0,0.0,2.0,0.0,0.0,1.0,2.9,12.9,18.1,0.0,13.5,5,9.0,1.5,40.6,0,0,0,0,0,0.0,0,11.99,0.15,11.84,3.0,4.1,0.0,0.0,0,3.0,2.0,66.7,1.0,0.0,0,0.0,0.0,0.0,0.0,0.0,2.0,2.0
City of London Academy - Southwark EABL,N. Senessie,10/11/14,N. Senessie,6,7.0,41.8,2.0,0.3,1.0,5.0,20,0.0,1.0,0,0.0,0.0,0,2.0,7.0,9.0,3.0,1.0,0.0,2.0,4.0,4.8,6.0,2.5,3.8,11.3,51,53.0,8.8,66.6,0,0,0,0,0,0.0,0,-1.78,-8.18,6.4,3.2,4.4,0.0,0.0,0,4.0,1.0,25,1.0,0.0,0,0.0,1.0,0.0,1.0,0.0,2.0,0.0
HHS Reading Rockets EABL,A. King,8,A. King,6,2.7,16.5,2.0,0.3,1.0,5.0,20,0.0,2.0,0,0.0,0.0,0,2.0,1.0,3.0,0.0,0.0,0.0,1.0,1.0,3.8,12.0,6.2,0.0,9.3,2,4.0,0.7,12.3,0,0,0,0,0,0.0,0,-13.25,-10.21,-3.04,3.3,4.5,0.0,0.0,0,3.0,1.0,33.3,2.0,0.0,0,1.0,0.0,0.0,0.0,2.0,0.0,0.0
HHS Reading Rockets EABL,N. Dent,11,N. Dent,5,18.6,92.8,38.0,7.6,16.0,31.0,51.6,5.0,12.0,41.7,1.0,4.0,25,4.0,13.0,17.0,2.0,8.0,1.0,14.0,12.0,41.0,22.7,20.8,1.1,9.3,4,42.0,8.4,23.0,0,0,0,0,0,0.0,0,-1.92,-6.3,4.37,3.3,3.1,0.0,0.0,0,19.0,11.0,57.9,12.0,5.0,41.7,9.0,3.0,0.0,2.0,3.0,16.0,15.0
HHS Reading Rockets EABL,L. Franicis,12,L. Franicis,5,12.7,63.3,18.0,3.6,6.0,14.0,42.9,3.0,8.0,37.5,3.0,6.0,50,3.0,5.0,8.0,5.0,2.0,0.0,4.0,10.0,16.9,13.7,14.4,4.0,6.4,19,37.0,7.4,29.7,0,0,0,0,0,0.0,0,-2.82,-5.41,2.58,2.8,3.2,0.0,0.0,0,6.0,3.0,50,8.0,3.0,37.5,3.0,1.0,0.0,0.0,4.0,7.0,6.0
Charnwood College Riders EABL,A. Young,16,A. Young,5,5.6,27.8,11.0,2.2,4.0,10.0,40,1.0,4.0,25,2.0,2.0,100,3.0,2.0,5.0,2.0,2.0,0.0,4.0,2.0,11.4,20.7,19.8,3.6,9.0,5,16.0,3.2,28.8,0,0,0,0,0,0.0,0,-0.29,-3.08,2.8,2.8,3.6,0.0,0.0,0,6.0,3.0,50,4.0,1.0,25,3.0,1.0,0.0,0.0,0.0,6.0,2.0
Oaklands Wolves EABL,S. Mills,11,S. Mills,5,2.1,10.7,3.0,0.6,1.0,2.0,50,1.0,2.0,50,0.0,2.0,0,1.0,0.0,1.0,1.0,0.0,0.0,1.0,0.0,2.8,13.5,14.6,4.9,4.9,2,5.0,1.0,24.3,0,0,0,0,0,0.0,0,0.16,1.37,-1.21,2.8,3.8,0.0,0.0,0,0.0,0.0,0,2.0,1.0,50,1.0,0.0,0.0,0.0,0.0,0.0,0.0
BMET City of Birmingham Rockets EABL,J. Ogbeide,11/14/8,J. Ogbeide,5,6.3,31.5,2.0,0.4,0.0,5.0,0,0.0,1.0,0,2.0,2.0,100,2.0,3.0,5.0,1.0,2.0,1.0,3.0,4.0,6.6,9.6,2.9,1.5,7.4,50,52.0,10.4,76.7,0,0,0,0,0,0.0,0,-11.0,-11.24,0.24,3.3,4.6,0.0,0.0,0,4.0,0.0,0,1.0,0.0,0,1.0,2.0,0.0,0.0,0.0,0.0,0.0
BMET City of Birmingham Rockets EABL,J. Kesto,4,J. Kesto,5,2.4,12.1,0.0,0.0,0.0,2.0,0,0.0,1.0,0,0.0,0.0,0,1.0,1.0,2.0,2.0,1.0,0.0,5.0,3.0,5.8,22.0,0.0,7.7,7.7,6,6.0,1.2,23.1,0,0,0,0,0,0.0,0,-25.02,-22.93,-2.09,2.8,3.9,0.0,0.0,0,1.0,0.0,0,1.0,0.0,0,4.0,1.0,0.0,0.0,0.0,0.0,0.0
SGS College EABL,A. Bennett,11,A. Bennett,4,14.6,58.4,27.0,6.8,11.0,21.0,52.4,1.0,2.0,50,4.0,4.0,100,0.0,3.0,3.0,0.0,3.0,1.0,10.0,1.0,31.4,26.1,22.3,0.0,2.5,0,27.0,6.8,22.3,0,0,0,0,0,0.0,0,-5.78,-6.02,0.24,2.7,3.4,0.0,0.0,0,19.0,10.0,52.6,2.0,1.0,50,3.0,7.0,0.0,0.0,0.0,12.0,8.0
Manchester Magic Academy EABL,A. Adetula,1/12/16/9,A. Adetula,4,7.3,29.3,11.0,2.8,5.0,12.0,41.7,0.0,1.0,0,1.0,3.0,33.3,2.0,1.0,3.0,1.0,5.0,0.0,2.0,4.0,12.8,21.2,18.4,1.7,5.0,75,86.0,21.5,143.5,0,0,0,0,0,0.0,0,0.7,-8.07,8.77,2.7,4.4,0.0,0.0,0,11.0,5.0,45.5,1.0,0.0,0,2.0,0.0,0.0,0.0,2.0,4.0,4.0
Itchen College EABL,R. Matthias,12/9,R. Matthias,4,3.5,14.1,6.0,1.5,2.0,4.0,50,2.0,2.0,100,0.0,0.0,0,0.0,1.0,1.0,0.0,1.0,0.0,0.0,3.0,3.8,13.4,21.2,0.0,3.5,12,18.0,4.5,63.7,0,0,0,0,0,0.0,0,8.89,0.9,7.99,2.9,3.8,0.0,0.0,0,2.0,0.0,0,2.0,2.0,100,0.0,0.0,0.0,0.0,0.0,3.0,0.0
City of London Academy - Southwark EABL,B. Manfo-Marc,10/14/6,B. Manfo-Marc,4,8.5,34.0,5.0,1.2,2.0,10.0,20,1.0,6.0,16.7,0.0,0.0,0,0.0,3.0,3.0,2.0,1.0,2.0,1.0,2.0,10.6,16.2,7.7,3.1,4.6,35,40.0,10.0,61.7,0,0,0,0,0,0.0,0,-0.54,-7.15,6.61,3.2,4.4,0.0,0.0,0,4.0,1.0,25,6.0,1.0,16.7,0.0,0.0,0.0,1.0,2.0,3.0,3.0
SGS College EABL,T. Wallace-Gayle,1,T. Wallace-Gayle,4,4.7,18.6,4.0,1.0,1.0,8.0,12.5,1.0,3.0,33.3,1.0,2.0,50,1.0,3.0,4.0,2.0,1.0,0.0,0.0,4.0,7.6,19.6,10.3,5.2,10.3,7,11.0,2.8,28.4,0,0,0,0,0,0.0,0,-8.16,-8.81,0.65,3.0,4.0,0.0,0.0,0,5.0,0.0,0,3.0,1.0,33.3,0.0,0.0,0.0,0.0,1.0,0.0,3.0
SGS College EABL,R. Cabrera,1/5/8,R. Cabrera,4,4.7,18.6,3.0,0.8,1.0,5.0,20,1.0,3.0,33.3,0.0,0.0,0,1.0,1.0,2.0,2.0,1.0,0.0,2.0,1.0,5.8,15.0,7.8,5.2,5.2,57,60.0,15.0,155.3,0,0,0,0,0,0.0,0,-6.84,-6.78,-0.07,2.6,4.0,0.0,0.0,0,2.0,0.0,0,3.0,1.0,33.3,0.0,1.0,0.0,1.0,0.0,3.0,0.0
Manchester Magic Academy EABL,K. Litchmore,3/5,K. Litchmore,4,0.2,0.7,0.0,0.0,0.0,0.0,0,0.0,0.0,0,0.0,0.0,0,0.0,0.0,0.0,0.0,0.0,0.0,0.0,0.0,0.0,0.0,0.0,0.0,0.0,80,80.0,20.0,5459.3,0,0,0,0,0,0.0,0,-5.18,-7.65,2.48,3.0,4.0,0.0,0.0,0,0.0,0.0,0,0.0,0.0,0,0.0,0.0,0.0,0.0,0.0,0.0,0.0
Manchester Magic Academy EABL,A. Isiorho,3,A. Isiorho,3,24.1,72.4,28.0,9.3,12.0,21.0,57.1,0.0,0.0,0,4.0,12.0,33.3,6.0,5.0,11.0,10.0,8.0,4.0,4.0,10.0,23.3,15.7,18.9,6.8,7.4,39,67.0,22.3,45.2,0,0,0,0,0,0.0,0,8.43,-2.1,10.53,3.2,3.3,0.0,0.0,0,21.0,12.0,57.1,0.0,0.0,0,2.0,2.0,0.0,0.0,6.0,8.0,12.0
Myerscough College EABL,A. Cisse,24/7,A. Cisse,3,8.8,26.4,7.0,2.3,3.0,14.0,21.4,0.0,4.0,0,1.0,3.0,33.3,3.0,6.0,9.0,2.0,2.0,0.0,2.0,2.0,13.7,26.1,13.3,3.8,17.1,34,41.0,13.7,77.7,0,0,0,0,0,0.0,0,-5.55,-9.76,4.21,3.2,4.3,0.0,0.0,0,10.0,3.0,30,4.0,0.0,0,0.0,2.0,0.0,0.0,1.0,4.0,4.0
Charnwood College Riders EABL,H. Mcglone,21/24,H. Mcglone,3,2.0,6.0,6.0,2.0,2.0,2.0,100,0.0,0.0,0,2.0,2.0,100,1.0,3.0,4.0,1.0,0.0,0.0,1.0,0.0,2.8,23.3,50.3,8.4,33.5,2,8.0,2.7,67.0,0,0,0,0,0,0.0,0,26.35,16.39,9.96,3.4,2.9,0.0,0.0,0,2.0,2.0,100,0.0,0.0,0,1.0,0.0,0.0,0.0,2.0,0.0,0.0
HHS Reading Rockets EABL,S. Ejiofor,8,S. Ejiofor,3,13.1,39.3,6.0,2.0,3.0,6.0,50,0.0,2.0,0,0.0,0.0,0,5.0,7.0,12.0,1.0,1.0,3.0,6.0,6.0,6.7,8.8,7.8,1.3,15.5,2,8.0,2.7,10.3,0,0,0,0,0,0.0,0,-7.19,-10.55,3.36,4.6,4.2,0.0,0.0,0,4.0,3.0,75,2.0,0.0,0,1.0,3.0,0.0,2.0,2.0,2.0,2.0
SGS College EABL,J. Grajcar,10/13/15,J. Grajcar,3,9.3,27.9,5.0,1.7,2.0,6.0,33.3,1.0,1.0,100,0.0,0.0,0,2.0,6.0,8.0,1.0,1.0,0.0,0.0,2.0,3.8,6.7,8.6,1.7,13.8,19,24.0,8.0,41.5,0,0,0,0,0,0.0,0,-2.07,-3.47,1.4,3.4,4.2,0.0,0.0,0,5.0,1.0,20,1.0,1.0,100,0.0,0.0,0.0,0.0,3.0,0.0,2.0
City of London Academy - Southwark EABL,R. Nunn,11/4/6,R. Nunn,3,4.4,13.3,3.0,1.0,1.0,2.0,50,1.0,1.0,100,0.0,0.0,0,0.0,1.0,1.0,0.0,1.0,0.0,3.0,1.0,4.8,18.8,11.8,0.0,3.9,52,55.0,18.3,216.9,0,0,0,0,0,0.0,0,-3.94,-10.27,6.33,2.9,4.1,0.0,0.0,0,1.0,0.0,0,1.0,1.0,100,1.0,1.0,0.0,1.0,0.0,0.0,0.0
Itchen College EABL,L. Diala-Bevan,14/15,L. Diala-Bevan,3,5.2,15.6,2.0,0.7,1.0,5.0,20,0.0,0.0,0,0.0,2.0,0,1.0,2.0,3.0,0.0,0.0,0.0,2.0,0.0,6.6,20.9,6.4,0.0,9.6,24,26.0,8.7,83.3,0,0,0,0,0,0.0,0,-14.66,-12.75,-1.91,3.2,4.5,0.0,0.0,0,5.0,1.0,20,0.0,0.0,0,0.0,1.0,1.0,0.0,0.0,0.0,0.0
Myerscough College EABL,L. Heidenreich Roberts,15/4,L. Heidenreich Roberts,3,0.5,1.6,0.0,0.0,0.0,0.0,0,0.0,0.0,0,0.0,0.0,0,0.0,1.0,1.0,0.0,0.0,0.0,0.0,1.0,0.0,0.0,0.0,0.0,31.2,59,59.0,19.7,1842.4,0,0,0,0,0,0.0,0,-8.47,-19.41,10.95,3.2,4.1,0.0,0.0,0,0.0,0.0,0,0.0,0.0,0,0.0,0.0,0.0,0.0,0.0,0.0,0.0
Myerscough College EABL,S. Laditan,10/15/6,S. Laditan,2,39.6,79.2,24.0,12.0,10.0,16.0,62.5,0.0,1.0,0,4.0,11.0,36.4,15.0,14.0,29.0,6.0,12.0,1.0,4.0,7.0,9.4,6.0,15.1,3.8,18.3,77,101.0,50.5,63.7,2,2.0,1,0,100.0,1.0,1,14.61,2.22,12.39,3.3,3.7,0.0,0.0,0,15.0,10.0,66.7,1.0,0.0,0,2.0,2.0,0.0,0.0,15.0,6.0,8.0
Myerscough College EABL,I. Idemudia,8,I. Idemudia,2,9.3,18.6,11.0,5.5,5.0,6.0,83.3,1.0,2.0,50,0.0,0.0,0,3.0,1.0,4.0,0.0,0.0,0.0,3.0,2.0,5.8,15.4,29.5,0.0,10.7,66,77.0,38.5,206.3,0,0,0,0,0,0.0,0,6.0,1.64,4.36,3.3,3.4,0.0,0.0,0,4.0,4.0,100,2.0,1.0,50,1.0,2.0,0.0,0.0,5.0,2.0,5.0
Barking Abbey EABL,W. Harper,13/24,W. Harper,2,5.0,9.9,6.0,3.0,3.0,10.0,30,0.0,6.0,0,0.0,0.0,0,2.0,0.0,2.0,0.0,0.0,0.0,0.0,3.0,7.7,40.3,31.3,0.0,10.4,0,6.0,3.0,31.3,0,0,0,0,0,0.0,0,-14.43,-11.61,-2.82,3.3,4.3,0.0,0.0,0,4.0,3.0,75,6.0,0.0,0,0.0,0.0,0.0,0.0,4.0,2.0,4.0
Derby College Trailblazers EABL,D. Kilmas,9,D. Kilmas,2,4.1,8.1,2.0,1.0,1.0,3.0,33.3,0.0,0.0,0,0.0,0.0,0,1.0,0.0,1.0,0.0,0.0,1.0,0.0,1.0,1.9,11.7,12.2,0.0,6.1,2,4.0,2.0,24.4,0,0,0,0,0,0.0,0,-6.16,-5.23,-0.93,3.5,4.2,0.0,0.0,0,3.0,1.0,33.3,0.0,0.0,0,0.0,0.0,0.0,0.0,0.0,0.0,0.0
SGS College EABL,R. Roach,7/9,R. Roach,2,4.7,9.5,2.0,1.0,1.0,2.0,50,0.0,1.0,0,0.0,0.0,0,1.0,0.0,1.0,0.0,0.0,0.0,2.0,1.0,2.9,14.7,10.2,0.0,5.1,38,40.0,20.0,203.0,0,0,0,0,0,0.0,0,-16.12,-12.08,-4.05,3.1,4.1,0.0,0.0,0,1.0,1.0,100,1.0,0.0,0,0.0,2.0,0.0,0.0,2.0,0.0,0.0
Barking Abbey EABL,M. Matser,4,M. Matser,2,11.6,23.2,1.0,0.5,0.0,6.0,0,0.0,2.0,0,1.0,4.0,25,2.0,0.0,2.0,3.0,2.0,0.0,1.0,5.0,6.5,14.5,2.2,6.7,4.5,8,9.0,4.5,20.0,0,0,0,0,0,0.0,0,-7.87,-13.48,5.61,2.5,3.9,0.0,0.0,0,4.0,0.0,0,2.0,0.0,0,0.0,0.0,1.0,0.0,0.0,1.0,0.0
Myerscough College EABL,L. Roberts,6/7,L. Roberts,2,4.9,9.8,1.0,0.5,0.0,1.0,0,0.0,1.0,0,1.0,2.0,50,3.0,1.0,4.0,0.0,0.0,0.0,1.0,3.0,0.0,0.0,5.1,0.0,20.4,62,63.0,31.5,321.7,0,0,0,0,0,0.0,0,-8.6,-9.91,1.3,3.5,4.3,0.0,0.0,0,0.0,0.0,0,1.0,0.0,0,0.0,0.0,0.0,1.0,0.0,0.0,0.0
Myerscough College EABL,A. Scott,6,A. Scott,2,4.4,8.9,0.0,0.0,0.0,2.0,0,0.0,2.0,0,0.0,0.0,0,0.0,1.0,1.0,0.0,0.0,0.0,0.0,1.0,1.9,10.8,0.0,0.0,5.6,36,36.0,18.0,202.5,0,0,0,0,0,0.0,0,-11.14,-13.3,2.17,3.0,4.3,0.0,0.0,0,0.0,0.0,0,2.0,0.0,0,0.0,0.0,0.0,0.0,0.0,0.0,0.0
Itchen College EABL,S. Wood,13/9,S. Wood,2,1.0,2.0,0.0,0.0,0.0,0.0,0,0.0,0.0,0,0.0,0.0,0,0.0,0.0,0.0,0.0,0.0,0.0,0.0,1.0,0.0,0.0,0.0,0.0,0.0,39,39.0,19.5,959.7,0,0,0,0,0,0.0,0,-11.04,-15.65,4.61,3.0,4.1,0.0,0.0,0,0.0,0.0,0,0.0,0.0,0,0.0,0.0,0.0,0.0,0.0,0.0,0.0
Derby College Trailblazers EABL,D. Barima,11/14,D. Barima,2,0.9,1.8,0.0,0.0,0.0,0.0,0,0.0,0.0,0,0.0,0.0,0,0.0,0.0,0.0,0.0,0.0,0.0,1.0,0.0,1.0,27.3,0.0,0.0,0.0,2,2.0,1.0,56.7,0,0,0,0,0,0.0,0,-37.43,-28.38,-9.06,3.0,4.1,0.0,0.0,0,0.0,0.0,0,0.0,0.0,0,1.0,0.0,0.0,0.0,0.0,0.0,0.0
Copleston High School EABL,H. Hodgson,13/33,H. Hodgson,2,1.0,2.0,0.0,0.0,0.0,1.0,0,0.0,1.0,0,0.0,0.0,0,0.0,0.0,0.0,0.0,0.0,0.0,0.0,0.0,1.0,23.3,0.0,0.0,0.0,31,31.0,15.5,749.4,0,0,0,0,0,0.0,0,-25.33,-16.69,-8.64,3.0,4.1,0.0,0.0,0,0.0,0.0,0,1.0,0.0,0,0.0,0.0,0.0,0.0,0.0,0.0,0.0
Barking Abbey EABL,H. Parkin,14,H. Parkin,2,20.0,40.1,0.0,0.0,0.0,2.0,0,0.0,2.0,0,0.0,0.0,0,0.0,3.0,3.0,6.0,1.0,1.0,7.0,2.0,8.6,11.2,0.0,7.7,3.9,55,55.0,27.5,71.0,0,0,0,0,0,0.0,0,-6.97,-12.22,5.26,2.5,3.8,0.0,0.0,0,0.0,0.0,0,2.0,0.0,0,2.0,3.0,0.0,2.0,0.0,0.0,0.0
Myerscough College EABL,J. Sanchez,8,J. Sanchez,1,32.8,32.8,18.0,18.0,7.0,11.0,63.6,2.0,3.0,66.7,2.0,2.0,100,2.0,5.0,7.0,5.0,0.0,1.0,6.0,1.0,15.2,23.3,27.4,7.6,10.7,66,84.0,84.0,128.1,0,0,0,0,0,0.0,0,9.6,2.37,7.23,3.0,2.6,0.0,0.0,0,8.0,5.0,62.5,3.0,2.0,66.7,1.0,3.0,0.0,2.0,2.0,4.0,6.0
Copleston High School EABL,J. Mussington,9,J. Mussington,1,32.4,32.4,6.0,6.0,3.0,10.0,30,0.0,3.0,0,0.0,0.0,0,1.0,4.0,5.0,5.0,0.0,0.0,8.0,1.0,16.3,24.1,8.8,7.3,7.3,30,36.0,36.0,52.9,0,0,0,0,0,0.0,0,-17.92,-13.22,-4.71,2.5,3.2,0.0,0.0,0,7.0,3.0,42.9,3.0,0.0,0,3.0,4.0,0.0,1.0,0.0,0.0,0.0
Barking Abbey EABL,E. Albrecht,11,E. Albrecht,1,10.3,10.3,3.0,3.0,1.0,6.0,16.7,1.0,6.0,16.7,0.0,0.0,0,0.0,1.0,1.0,0.0,0.0,0.0,0.0,0.0,5.8,29.0,15.0,0.0,5.0,8,11.0,11.0,55.2,0,0,0,0,0,0.0,0,-8.88,-8.57,-0.31,3.0,4.3,0.0,0.0,0,0.0,0.0,0,6.0,1.0,16.7,0.0,0.0,0.0,0.0,0.0,3.0,0.0
Manchester Magic Academy EABL,J. Styzcen-O'keefe,9,J. Styzcen-O'keefe,1,7.8,7.8,2.0,2.0,1.0,3.0,33.3,0.0,0.0,0,0.0,0.0,0,1.0,0.0,1.0,1.0,2.0,0.0,1.0,1.0,2.9,17.9,12.5,6.2,6.2,0,2.0,2.0,12.5,0,0,0,0,0,0.0,0,5.18,-7.13,12.31,2.8,4.1,0.0,0.0,0,3.0,1.0,33.3,0.0,0.0,0,0.0,1.0,0.0,0.0,0.0,2.0,2.0
Derby College Trailblazers EABL,O. Krysa,12,O. Krysa,1,5.1,5.1,0.0,0.0,0.0,1.0,0,0.0,0.0,0,0.0,0.0,0,0.0,0.0,0.0,0.0,0.0,0.0,0.0,0.0,1.0,9.3,0.0,0.0,0.0,44,44.0,44.0,426.9,0,0,0,0,0,0.0,0,-16.51,-11.55,-4.96,2.9,4.2,0.0,0.0,0,1.0,0.0,0,0.0,0.0,0,0.0,0.0,0.0,0.0,0.0,0.0,0.0
SGS College EABL,C. Benjamin,7,C. Benjamin,1,1.1,1.1,0.0,0.0,0.0,0.0,0,0.0,0.0,0,0.0,0.0,0,0.0,0.0,0.0,0.0,0.0,0.0,0.0,1.0,0.0,0.0,0.0,0.0,0.0,21,21.0,21.0,879.0,0,0,0,0,0,0.0,0,-23.97,-25.6,1.63,3.0,4.0,0.0,0.0,0,0.0,0.0,0,0.0,0.0,0,0.0,0.0,0.0,0.0,0.0,0.0,0.0
Myerscough College EABL,A. Aiyedun,5,A. Aiyedun,1,5.1,5.1,0.0,0.0,0.0,3.0,0,0.0,1.0,0,0.0,0.0,0,0.0,0.0,0.0,0.0,0.0,0.0,2.0,1.0,4.8,46.8,0.0,0.0,0.0,26,26.0,26.0,253.1,0,0,0,0,0,0.0,0,-45.82,-37.44,-8.38,3.0,4.2,0.0,0.0,0,2.0,0.0,0,1.0,0.0,0,2.0,0.0,0.0,0.0,0.0,0.0,0.0
SGS College EABL,S. Wahid,7,S. Wahid,1,1.6,1.6,0.0,0.0,0.0,0.0,0,0.0,0.0,0,0.0,0.0,0,0.0,0.0,0.0,0.0,0.0,0.0,0.0,1.0,0.0,0.0,0.0,0.0,0.0,21,21.0,21.0,612.6,0,0,0,0,0,0.0,0,-19.29,-20.02,0.73,3.0,4.1,0.0,0.0,0,0.0,0.0,0,0.0,0.0,0,0.0,0.0,0.0,0.0,0.0,0.0,0.0
Barking Abbey EABL,H. Mclauchlan,14,H. Mclauchlan,1,6.0,6.0,0.0,0.0,0.0,1.0,0,0.0,0.0,0,0.0,0.0,0,0.0,0.0,0.0,0.0,0.0,0.0,1.0,1.0,1.9,16.5,0.0,0.0,0.0,55,55.0,55.0,471.8,0,0,0,0,0,0.0,0,-21.42,-21.4,-0.02,2.9,4.2,0.0,0.0,0,1.0,0.0,0,0.0,0.0,0,1.0,0.0,0.0,0.0,0.0,0.0,0.0
City of London Academy - Southwark EABL,D. Ekwukoma,6,D. Ekwukoma,1,3.0,3.0,0.0,0.0,0.0,0.0,0,0.0,0.0,0,0.0,0.0,0,1.0,0.0,1.0,0.0,0.0,0.0,1.0,0.0,0.0,0.0,0.0,0.0,17.5,10,10.0,10.0,175.1,0,0,0,0,0,0.0,0,-12.48,-10.5,-1.98,3.1,4.1,0.0,0.0,0,0.0,0.0,0,0.0,0.0,0,1.0,0.0,0.0,0.0,0.0,0.0,0.0
Myerscough College EABL,B. Gordon,4,B. Gordon,1,10.7,10.7,0.0,0.0,0.0,5.0,0,0.0,5.0,0,0.0,0.0,0,0.0,1.0,1.0,1.0,0.0,0.0,1.0,0.0,5.8,26.9,0.0,4.7,4.7,51,51.0,51.0,238.1,0,0,0,0,0,0.0,0,-19.25,-17.55,-1.71,2.8,4.1,0.0,0.0,0,0.0,0.0,0,5.0,0.0,0,1.0,0.0,0.0,0.0,0.0,0.0,0.0
City of London Academy - Southwark EABL,J. Mcpherson,4,J. Mcpherson,1,1.4,1.4,0.0,0.0,0.0,0.0,0,0.0,0.0,0,0.0,0.0,0,0.0,0.0,0.0,0.0,0.0,0.0,0.0,0.0,0.0,0.0,0.0,0.0,0.0,16,16.0,16.0,600.3,0,0,0,0,0,0.0,0,-2.44,-6.51,4.07,3.0,4.1,0.0,0.0,0,0.0,0.0,0,0.0,0.0,0,0.0,0.0,0.0,0.0,0.0,0.0,0.0
Charnwood College Riders EABL,A. Pilkington,3,A. Pilkington,1,2.1,2.1,0.0,0.0,0.0,0.0,0,0.0,0.0,0,0.0,0.0,0,2.0,1.0,3.0,3.0,0.0,0.0,0.0,0.0,0.0,0.0,0.0,71.6,71.6,3,3.0,3.0,71.6,0,0,0,0,0,0.0,0,73.0,51.72,21.28,2.9,3.1,0.0,0.0,0,0.0,0.0,0,0.0,0.0,0,0.0,0.0,0.0,0.0,0.0,0.0,0.0
SGS College EABL,K. Rands,9,K. Rands,1,2.0,2.0,0.0,0.0,0.0,0.0,0,0.0,0.0,0,0.0,0.0,0,0.0,0.0,0.0,0.0,0.0,0.0,0.0,0.0,0.0,0.0,0.0,0.0,0.0,17,17.0,17.0,409.1,0,0,0,0,0,0.0,0,-8.57,-7.21,-1.37,3.0,4.1,0.0,0.0,0,0.0,0.0,0,0.0,0.0,0,0.0,0.0,0.0,0.0,0.0,0.0,0.0
Charnwood College Riders EABL,R. Amrania,11,R. Amrania,1,1.4,1.4,0.0,0.0,0.0,2.0,0,0.0,2.0,0,0.0,0.0,0,0.0,0.0,0.0,0.0,0.0,0.0,0.0,1.0,1.9,71.7,0.0,0.0,0.0,0,0.0,0.0,0.0,0,0,0,0,0,0.0,0,-71.87,-53.99,-17.88,3.0,4.1,0.0,0.0,0,0.0,0.0,0,2.0,0.0,0,0.0,0.0,0.0,0.0,0.0,0.0,0.0
