Team,Player_Name,Numbers_Worn,Name_Variations,Games,MPG,MIN,PTS,PPG,FGM,FGA,FG%,3PM,3PA,3P%,FTM,FTA,FT%,OREB,DREB,REB,AST,STL,BLK,TOV,PF,POSS,USG%,PTS/100,AST/100,REB/100,PTS_AST,TPC,TPC/G,TPC/100,CLUTCH_PTS,CLUTCH_PPG,CLUTCH_FGA,CLUTCH_FTA,CLUTCH_TS%,CLUTCH_USG,CLUTCH_GAMES,BPM,OBPM,DBPM,POSITION,ROLE,RIM_ATT,RIM_MADE,RIM%,OTD_2PT_ATT,OTD_2PT_MADE,OTD_2PT%,OTD_3PT_ATT,OTD_3PT_MADE,OTD_3PT%,UNAST_RIM_MADE,UNAST_3PT_MADE,PASS_TO,DRIBBLE_TO,DEFENSE_TO,MISC_TO,2ND_CHANCE_PTS,FAST_BREAK_PTS,PTS_OFF_TOV
London Lions,Aaryndeep Rai,21,Aaryn Rai; Aaryndeep Rai,39,21.9,852.7,270.0,6.9,108.0,202.0,53.5,19.0,56.0,33.9,35.0,54.0,64.8,70.0,159.0,229.0,60.0,27.0,12.0,38.0,77.0,186.0,12.0,9.5,2.1,8.1,139,409.0,10.5,14.4,15,1.7,12,5,52.8,14.2,9,4.63,-1.98,6.62,4.3,3.7,97.0,63.0,64.9,17.0,8.0,47.1,4.0,1.0,25,0.0,0.0,13.0,16.0,2.0,7.0,62.0,38.0,66.0
London Lions,Deane Williams,31,Deane Williams,38,21.9,830.6,328.0,8.6,114.0,262.0,43.5,35.0,117.0,29.9,65.0,95.0,68.4,49.0,118.0,167.0,65.0,25.0,22.0,49.0,105.0,291.6,19.3,11.5,2.3,5.9,151,479.0,12.6,16.8,23,1.8,30,7,34.8,38.1,13,2.67,-3.69,6.37,4.1,3.7,90.0,56.0,62.2,14.0,9.0,64.3,5.0,2.0,40,0.0,0.0,22.0,17.0,0.0,10.0,36.0,45.0,63.0
Newcastle Eagles,Cole Long,15,Cole Long,37,28.4,1051.4,433.0,11.7,157.0,335.0,46.9,64.0,176.0,36.4,55.0,75.0,73.3,58.0,147.0,205.0,69.0,26.0,37.0,39.0,109.0,335.0,15.9,14.4,2.3,6.8,147,580.0,15.7,19.3,47,3.4,31,9,67.2,35.0,14,0.92,-2.67,3.59,4.5,3.2,90.0,62.0,68.9,25.0,9.0,36,7.0,1.0,14.3,0.0,0.0,14.0,16.0,0.0,9.0,67.0,66.0,87.0
Newcastle Eagles,Mitch Clarke,41,Mitch Clarke,37,24.4,902.2,309.0,8.4,104.0,266.0,39.1,36.0,130.0,27.7,65.0,85.0,76.5,28.0,91.0,119.0,114.0,52.0,6.0,57.0,117.0,319.1,17.7,10.3,3.8,4.0,254,563.0,15.2,18.7,28,2.0,27,12,43.4,41.3,14,-1.82,-5.81,4.0,2.3,3.1,84.0,49.0,58.3,15.0,5.0,33.3,12.0,4.0,33.3,0.0,0.0,32.0,21.0,0.0,4.0,22.0,47.0,41.0
London Lions,Mohammad Al-Amin Abdul Adamu,5,Mohammad Al-Amin Abdul Adamu; Amin Adamu,37,15.0,554.8,233.0,6.3,91.0,186.0,48.9,30.0,76.0,39.5,21.0,25.0,84,15.0,64.0,79.0,55.0,12.0,0.0,48.0,63.0,220.8,21.9,8.2,1.9,2.8,117,350.0,9.5,12.3,5,1.7,5,3,39.6,6.3,3,0.93,-4.04,4.96,2.7,3.0,36.0,25.0,69.4,32.0,18.0,56.2,4.0,2.0,50,0.0,0.0,31.0,14.0,0.0,3.0,26.0,22.0,35.0
Bristol Flyers,William Yoakum,3,William Yoakum,36,25.2,906.5,462.0,12.8,176.0,328.0,53.7,48.0,120.0,40,62.0,83.0,74.7,45.0,108.0,153.0,39.0,46.0,14.0,43.0,69.0,348.0,20.3,16.8,1.4,5.6,82,544.0,15.1,19.8,37,3.1,23,10,67.5,28.4,12,3.28,-1.57,4.85,3.3,2.5,132.0,91.0,68.9,15.0,5.0,33.3,1.0,1.0,100,0.0,0.0,12.0,25.0,0.0,6.0,72.0,115.0,84.0
Bristol Flyers,Zachary Anderson,4,Zachary Anderson,36,29.1,1049.3,398.0,11.1,143.0,331.0,43.2,65.0,192.0,33.9,47.0,62.0,75.8,19.0,153.0,172.0,72.0,22.0,18.0,53.0,44.0,376.6,18.9,14.5,2.6,6.3,166,564.0,15.7,20.5,17,1.4,16,3,49.1,21.3,12,-0.31,-3.94,3.62,3.5,3.3,63.0,48.0,76.2,22.0,9.0,40.9,4.0,1.0,25,0.0,0.0,26.0,18.0,0.0,9.0,46.0,54.0,64.0
Bristol Flyers,Darnell Brodie,51,Darnell Brodie,36,17.3,622.4,283.0,7.9,108.0,215.0,50.2,1.0,5.0,20,66.0,104.0,63.5,70.0,130.0,200.0,39.0,15.0,19.0,59.0,76.0,239.8,20.3,10.3,1.4,7.3,85,368.0,10.2,13.4,16,1.8,9,11,57.8,15.8,9,-2.59,-6.16,3.57,5.0,3.1,131.0,78.0,59.5,12.0,3.0,25,0.0,0.0,0,0.0,0.0,33.0,17.0,0.0,9.0,46.0,6.0,16.0
Bristol Flyers,Marcus Delpeche,21,Marcus Delpeche,36,12.0,433.3,188.0,5.2,76.0,152.0,50,1.0,1.0,100,35.0,60.0,58.3,58.0,62.0,120.0,19.0,14.0,5.0,30.0,58.0,144.4,17.6,6.8,0.7,4.4,43,231.0,6.4,8.4,17,1.4,15,6,48.2,19.6,12,-3.54,-5.98,2.44,4.5,3.6,103.0,58.0,56.3,4.0,2.0,50,0.0,0.0,0,0.0,0.0,10.0,8.0,1.0,11.0,33.0,24.0,42.0
Bristol Flyers,Pasquale Landolfi,40,Pasquale Landolfi,36,2.2,78.8,11.0,0.3,4.0,19.0,21.1,2.0,15.0,13.3,1.0,2.0,50,2.0,3.0,5.0,3.0,0.0,0.0,5.0,10.0,22.0,14.7,0.4,0.1,0.2,5,16.0,0.4,0.6,0,0,0,0,0,0.0,0,-14.05,-13.69,-0.36,2.8,4.9,2.0,1.0,50,1.0,0.0,0,0.0,0.0,0,0.0,0.0,1.0,4.0,0.0,0.0,2.0,0.0,2.0
Surrey 89ers,Kino Lily Jr,12,Kino Lily Jr,35,34.7,1213.9,638.0,18.2,230.0,498.0,46.2,128.0,282.0,45.4,50.0,62.0,80.6,18.0,69.0,87.0,149.0,38.0,1.0,67.0,39.0,551.3,23.6,23.4,5.5,3.2,295,933.0,26.7,34.2,65,3.4,46,9,65.1,57.0,19,2.3,1.2,1.1,1.7,2.2,47.0,22.0,46.8,53.0,26.0,49.1,42.0,23.0,54.8,0.0,0.0,30.0,30.0,0.0,7.0,36.0,93.0,119.0
Newcastle Eagles,Ray'sean Taylor,3,Ray'sean Taylor,35,29.5,1033.8,626.0,17.9,203.0,441.0,46,71.0,211.0,33.6,149.0,186.0,80.1,28.0,131.0,159.0,163.0,53.0,3.0,73.0,92.0,545.1,26.3,20.8,5.4,5.3,361,987.0,28.2,32.9,54,3.6,46,22,48.5,61.7,15,4.3,0.21,4.09,2.2,1.0,121.0,88.0,72.7,35.0,14.0,40,55.0,19.0,34.5,0.0,0.0,42.0,16.0,0.0,15.0,41.0,110.0,96.0
Manchester Basketball,Max Jones,2,Max Jones,35,27.6,967.4,625.0,17.9,215.0,514.0,41.8,79.0,225.0,35.1,116.0,144.0,80.6,22.0,85.0,107.0,112.0,23.0,7.0,72.0,82.0,602.3,31.4,22.4,4.0,3.8,237,862.0,24.6,30.9,78,4.3,60,29,53.6,80.8,18,0.23,-1.3,1.53,2.3,2.3,137.0,77.0,56.2,30.0,15.0,50,16.0,7.0,43.8,0.0,0.0,32.0,21.0,0.0,19.0,51.0,55.0,62.0
B. Braun Sheffield Sharks,Dirk Williams,1,Dirk Williams,35,31.8,1112.8,520.0,14.9,192.0,405.0,47.4,85.0,211.0,40.3,51.0,70.0,72.9,15.0,122.0,137.0,98.0,34.0,29.0,52.0,60.0,453.9,21.4,19.4,3.7,5.1,197,717.0,20.5,26.8,42,2.8,28,8,66.6,34.5,15,2.79,-1.07,3.86,2.9,2.7,90.0,58.0,64.4,34.0,17.0,50,17.0,5.0,29.4,0.0,0.0,23.0,23.0,0.0,6.0,47.0,101.0,81.0
Surrey 89ers,Ronald Polite Iii,7,Ronald Polite Iii,35,26.1,913.2,496.0,14.2,174.0,337.0,51.6,37.0,104.0,35.6,111.0,141.0,78.7,32.0,90.0,122.0,199.0,31.0,9.0,87.0,92.0,435.9,24.8,18.2,7.3,4.5,403,899.0,25.7,32.9,67,4.5,34,31,70.3,57.6,15,3.23,0.34,2.89,2.0,1.0,112.0,81.0,72.3,31.0,13.0,41.9,5.0,2.0,40,0.0,0.0,38.0,28.0,1.0,20.0,42.0,81.0,82.0
Manchester Basketball,Patrick Smith Jr,0,Patrick Smith Jr,35,26.4,923.5,484.0,13.8,165.0,359.0,46,80.0,192.0,41.7,74.0,86.0,86,31.0,102.0,133.0,125.0,36.0,6.0,61.0,57.0,409.8,22.4,17.4,4.5,4.8,265,749.0,21.4,26.9,46,2.9,26,23,63.7,41.1,16,4.04,0.63,3.41,2.2,1.8,62.0,36.0,58.1,25.0,15.0,60,14.0,5.0,35.7,0.0,0.0,26.0,21.0,0.0,14.0,58.0,55.0,62.0
Cheshire Phoenix,Skyler White,99,Skyler White,35,24.7,864.2,464.0,13.3,157.0,355.0,44.2,97.0,242.0,40.1,53.0,73.0,72.6,42.0,138.0,180.0,57.0,23.0,33.0,34.0,95.0,364.0,20.4,16.1,2.0,6.2,133,597.0,17.1,20.7,43,2.9,28,12,64.6,34.3,15,3.58,-0.14,3.72,4.2,3.1,53.0,35.0,66,9.0,6.0,66.7,4.0,3.0,75,0.0,0.0,16.0,15.0,0.0,3.0,57.0,44.0,57.0
B. Braun Sheffield Sharks,Nick Kern Jr,24,Nick Kern Jr,35,22.4,785.2,432.0,12.3,169.0,325.0,52,8.0,33.0,24.2,86.0,144.0,59.7,47.0,121.0,168.0,82.0,27.0,14.0,60.0,80.0,385.3,25.7,16.1,3.1,6.3,195,627.0,17.9,23.4,54,4.2,34,24,60.6,48.6,13,0.59,-3.33,3.93,3.5,2.5,160.0,104.0,65,42.0,20.0,47.6,2.0,0.0,0,0.0,0.0,24.0,22.0,0.0,14.0,51.0,63.0,56.0
B. Braun Sheffield Sharks,Rodney Chatman Iii,3,Rodney Chatman Iii,35,22.1,775.0,393.0,11.2,119.0,304.0,39.1,44.0,126.0,34.9,111.0,137.0,81,13.0,82.0,95.0,151.0,42.0,5.0,77.0,75.0,411.1,27.8,14.7,5.6,3.5,296,689.0,19.7,25.7,37,3.1,24,16,59.6,40.0,12,0.97,-2.4,3.37,1.5,1.6,87.0,48.0,55.2,22.0,14.0,63.6,5.0,3.0,60,0.0,0.0,49.0,17.0,0.0,11.0,29.0,44.0,71.0
Cheshire Phoenix,Laquincy Rideau,3,Laquincy Rideau,35,25.6,896.8,359.0,10.3,128.0,320.0,40,38.0,121.0,31.4,65.0,95.0,68.4,51.0,112.0,163.0,187.0,59.0,6.0,100.0,128.0,394.4,21.3,12.4,6.5,5.6,449,808.0,23.1,28.0,49,3.3,41,12,52.9,51.3,15,-0.5,-4.54,4.04,2.0,2.4,119.0,62.0,52.1,8.0,1.0,12.5,1.0,1.0,100,0.0,0.0,50.0,20.0,0.0,30.0,52.0,59.0,54.0
Cheshire Phoenix,Michael Diggins,2,Michael Diggins,35,23.5,824.0,356.0,10.2,141.0,322.0,43.8,35.0,124.0,28.2,39.0,57.0,68.4,55.0,102.0,157.0,38.0,21.0,22.0,39.0,76.0,317.8,18.6,12.3,1.3,5.4,88,444.0,12.7,15.4,32,2.7,22,4,67.3,28.8,12,-2.18,-4.41,2.23,3.9,4.3,120.0,74.0,61.7,4.0,2.0,50,0.0,0.0,0,0.0,0.0,15.0,16.0,0.0,8.0,62.0,57.0,48.0
Cheshire Phoenix,Jaxon Brenchley,23,Jaxon Brenchley,35,26.3,918.9,355.0,10.1,129.0,274.0,47.1,50.0,135.0,37,47.0,65.0,72.3,45.0,101.0,146.0,92.0,37.0,8.0,25.0,50.0,271.3,14.3,12.3,3.2,5.1,223,578.0,16.5,20.0,22,2.2,20,10,45.1,26.4,10,2.73,-1.06,3.8,2.7,3.2,85.0,55.0,64.7,2.0,1.0,50,4.0,3.0,75,0.0,0.0,12.0,11.0,0.0,2.0,58.0,58.0,62.0
Manchester Basketball,Oluwaseyi Adetukasi,22,Oluwaseyi Adetukasi,35,26.5,926.8,345.0,9.9,130.0,256.0,50.8,41.0,107.0,38.3,44.0,55.0,80,27.0,122.0,149.0,31.0,19.0,6.0,39.0,57.0,280.5,15.3,12.4,1.1,5.3,69,414.0,11.8,14.9,40,2.2,31,4,61.1,34.8,18,-0.98,-3.61,2.63,3.3,3.8,92.0,58.0,63,5.0,2.0,40,1.0,1.0,100,0.0,0.0,15.0,12.0,0.0,12.0,42.0,51.0,62.0
Bristol Flyers,Cameron Holden,7,Cameron Holden,35,27.9,977.4,318.0,9.1,114.0,273.0,41.8,18.0,65.0,27.7,72.0,141.0,51.1,86.0,104.0,190.0,166.0,58.0,12.0,69.0,102.0,305.3,16.5,11.6,6.0,6.9,362,680.0,19.4,24.7,13,1.6,12,4,47.2,17.8,8,1.05,-4.24,5.29,2.5,2.6,115.0,61.0,53,16.0,11.0,68.8,1.0,1.0,100,0.0,0.0,43.0,17.0,0.0,9.0,45.0,71.0,68.0
Surrey 89ers,Nedas Cholevinskas,17,Nedas Cholevinskas,35,19.1,667.1,253.0,7.2,78.0,197.0,39.6,41.0,108.0,38,56.0,73.0,76.7,21.0,68.0,89.0,28.0,13.0,2.0,28.0,68.0,226.7,17.7,9.3,1.0,3.3,48,301.0,8.6,11.0,8,0.9,14,4,25.4,17.8,9,-3.82,-4.91,1.08,3.2,4.1,43.0,22.0,51.2,7.0,2.0,28.6,2.0,1.0,50,0.0,0.0,11.0,12.0,0.0,5.0,21.0,27.0,19.0
Cheshire Phoenix,Matthew Zona,24,Matthew Zona,35,13.3,465.8,222.0,6.3,80.0,177.0,45.2,40.0,110.0,36.4,22.0,38.0,57.9,33.0,74.0,107.0,17.0,16.0,17.0,17.0,73.0,170.6,17.7,7.7,0.6,3.7,39,261.0,7.5,9.0,11,2.2,4,2,112.7,4.9,5,0.57,-2.74,3.31,4.5,3.8,43.0,26.0,60.5,2.0,0.0,0,0.0,0.0,0,0.0,0.0,4.0,3.0,1.0,9.0,31.0,5.0,28.0
Manchester Basketball,Matthew Nicholson,34/4,Matthew Nicholson,35,20.7,724.0,204.0,5.8,80.0,127.0,63,0.0,0.0,0,44.0,95.0,46.3,84.0,152.0,236.0,20.0,19.0,47.0,26.0,87.0,106.4,7.4,7.3,0.7,8.5,43,247.0,7.1,8.9,17,1.7,14,7,49.8,19.1,10,0.58,-3.71,4.3,5.0,4.3,103.0,67.0,65,1.0,1.0,100,0.0,0.0,0,0.0,0.0,10.0,3.0,3.0,10.0,50.0,3.0,24.0
Newcastle Eagles,Emmanuel Kanwei,21,Emmanuel Kanwei,35,13.4,469.9,174.0,5.0,66.0,133.0,49.6,4.0,12.0,33.3,38.0,65.0,58.5,34.0,46.0,80.0,22.0,7.0,10.0,27.0,55.0,148.4,15.8,5.8,0.7,2.7,52,226.0,6.5,7.5,5,1.0,3,5,48.1,5.2,5,-4.6,-6.51,1.91,4.1,4.0,70.0,40.0,57.1,14.0,5.0,35.7,0.0,0.0,0,0.0,0.0,3.0,16.0,0.0,8.0,18.0,16.0,13.0
Surrey 89ers,Tayo Ogedengbe,15,Tayo Ogedengbe,35,18.2,636.3,166.0,4.7,55.0,143.0,38.5,25.0,83.0,30.1,31.0,50.0,62,18.0,38.0,56.0,35.0,18.0,4.0,18.0,44.0,158.4,12.9,6.1,1.3,2.1,65,231.0,6.6,8.5,27,2.2,28,9,42.2,35.0,12,-3.44,-5.12,1.68,2.5,4.6,36.0,26.0,72.2,3.0,0.0,0,0.0,0.0,0,0.0,0.0,10.0,4.0,0.0,4.0,9.0,26.0,17.0
B. Braun Sheffield Sharks,Jordan Ratinho,9,Jordan Ratinho,35,25.5,893.8,164.0,4.7,60.0,134.0,44.8,28.0,76.0,36.8,16.0,28.0,57.1,30.0,63.0,93.0,39.0,30.0,7.0,20.0,62.0,130.9,7.7,6.1,1.5,3.5,87,251.0,7.2,9.4,25,2.8,15,4,74.6,19.8,9,-1.47,-5.14,3.67,2.7,4.6,44.0,26.0,59.1,1.0,1.0,100,1.0,0.0,0,0.0,0.0,8.0,6.0,0.0,6.0,16.0,33.0,32.0
Manchester Basketball,Kyle Carey,1,Kyle Carey,35,12.9,452.6,142.0,4.1,56.0,129.0,43.4,26.0,81.0,32.1,4.0,9.0,44.4,3.0,35.0,38.0,16.0,14.0,6.0,14.0,46.0,138.2,15.4,5.1,0.6,1.4,29,171.0,4.9,6.1,3,0.6,6,0,25.0,6.0,5,-2.63,-5.57,2.94,2.7,4.4,29.0,21.0,72.4,2.0,1.0,50,1.0,0.0,0,0.0,0.0,9.0,4.0,0.0,1.0,25.0,47.0,35.0
B. Braun Sheffield Sharks,Rodney Glasgow Jr,11,Rodney Glasgow Jr,35,15.7,550.2,135.0,3.9,54.0,131.0,41.2,17.0,54.0,31.5,10.0,10.0,100,6.0,25.0,31.0,43.0,8.0,2.0,18.0,27.0,141.5,13.5,5.0,1.6,1.2,96,231.0,6.6,8.6,18,3.6,14,2,60.5,15.9,5,-3.93,-5.63,1.7,2.1,4.2,11.0,5.0,45.5,29.0,17.0,58.6,4.0,1.0,25,0.0,0.0,10.0,5.0,0.0,3.0,12.0,16.0,12.0
B. Braun Sheffield Sharks,Mike Ochereobia,15,Mike Ochereobia,35,13.7,480.0,123.0,3.5,50.0,84.0,59.5,0.0,0.0,0,23.0,40.0,57.5,65.0,58.0,123.0,16.0,12.0,4.0,26.0,75.0,60.1,6.6,4.6,0.6,4.6,34,157.0,4.5,5.9,15,1.5,9,5,67.0,15.2,10,-3.69,-6.1,2.41,4.4,4.3,62.0,42.0,67.7,5.0,3.0,60,0.0,0.0,0,0.0,0.0,1.0,10.0,4.0,11.0,46.0,4.0,14.0
Newcastle Eagles,Maceo Jack,14,Maceo Jack,34,30.7,1042.6,515.0,15.1,183.0,385.0,47.5,38.0,115.0,33,111.0,135.0,82.2,25.0,118.0,143.0,67.0,26.0,10.0,53.0,79.0,453.5,21.7,17.1,2.2,4.8,162,677.0,19.9,22.5,64,4.0,46,16,60.3,60.0,16,-1.27,-3.74,2.46,3.2,3.0,105.0,72.0,68.6,65.0,29.0,44.6,7.0,3.0,42.9,0.0,0.0,11.0,34.0,0.0,8.0,43.0,94.0,81.0
Caledonia Gladiators,Matthew Ragsdale,24,Matthew Ragsdale,34,26.9,914.6,490.0,14.4,186.0,436.0,42.7,88.0,263.0,33.5,30.0,36.0,83.3,9.0,59.0,68.0,54.0,19.0,3.0,44.0,39.0,467.4,26.6,18.4,2.0,2.6,111,601.0,17.7,22.6,44,5.5,34,9,58.0,38.0,8,-2.98,-2.25,-0.73,2.4,2.8,48.0,36.0,75,56.0,33.0,58.9,20.0,5.0,25,0.0,0.0,24.0,11.0,0.0,9.0,39.0,94.0,76.0
Manchester Basketball,Jordan Johnson,11,Jordan Johnson,34,21.9,743.1,477.0,14.0,165.0,367.0,45,56.0,150.0,37.3,91.0,118.0,77.1,15.0,67.0,82.0,167.0,28.0,2.0,70.0,46.0,455.0,30.9,17.1,6.0,2.9,371,848.0,24.9,30.4,79,4.6,50,23,65.7,78.1,17,4.02,2.01,2.02,1.2,1.0,100.0,61.0,61,25.0,10.0,40,17.0,7.0,41.2,0.0,0.0,40.0,24.0,0.0,6.0,35.0,56.0,58.0
Caledonia Gladiators,Ethan Wright,40,Ethan Wright,34,25.1,853.2,432.0,12.7,162.0,369.0,43.9,54.0,156.0,34.6,54.0,69.0,78.3,60.0,138.0,198.0,99.0,44.0,13.0,69.0,68.0,392.0,23.9,16.3,3.7,7.5,216,648.0,19.1,24.4,30,3.3,27,6,50.6,34.6,9,0.86,-1.74,2.61,3.5,2.2,130.0,78.0,60,11.0,4.0,36.4,20.0,6.0,30,0.0,0.0,36.0,24.0,0.0,9.0,60.0,103.0,66.0
Cheshire Phoenix,Frankie Policelli,5,Frankie Policelli,34,25.4,862.0,427.0,12.6,139.0,329.0,42.2,93.0,243.0,38.3,56.0,73.0,76.7,34.0,173.0,207.0,36.0,44.0,16.0,44.0,73.0,356.3,20.0,14.8,1.2,7.2,69,496.0,14.6,17.2,25,2.1,20,7,54.2,26.1,12,2.57,-1.3,3.87,3.9,3.6,51.0,33.0,64.7,5.0,2.0,40,8.0,4.0,50,0.0,0.0,14.0,16.0,0.0,14.0,42.0,88.0,84.0
Leicester Riders,Travis Evee,3,Travis Evee,34,27.2,924.4,413.0,12.1,134.0,323.0,41.5,65.0,172.0,37.8,80.0,102.0,78.4,10.0,75.0,85.0,143.0,42.0,2.0,72.0,55.0,412.7,23.4,15.6,5.4,3.2,305,718.0,21.1,27.1,52,3.1,51,18,44.1,64.9,17,0.22,-1.64,1.85,1.4,2.0,86.0,44.0,51.2,16.0,7.0,43.8,12.0,7.0,58.3,0.0,0.0,31.0,26.0,1.0,14.0,44.0,40.0,57.0
Caledonia Gladiators,Charles Jett Speelman,22,Charles Jet Speelman; Charles Jett Speelman,34,23.8,808.4,352.0,10.4,132.0,296.0,44.6,50.0,123.0,40.7,38.0,47.0,80.9,44.0,106.0,150.0,47.0,12.0,2.0,60.0,74.0,319.4,20.5,13.3,1.8,5.6,99,451.0,13.3,17.0,7,2.3,7,2,44.4,9.9,3,-5.15,-4.97,-0.18,3.6,3.2,74.0,45.0,60.8,23.0,10.0,43.5,3.0,2.0,66.7,0.0,0.0,22.0,21.0,0.0,17.0,57.0,20.0,26.0
London Lions,Tarik Phillip,22,Tarik Phillip,34,20.0,681.2,321.0,9.4,106.0,244.0,43.4,31.0,98.0,31.6,78.0,102.0,76.5,23.0,95.0,118.0,123.0,43.0,3.0,59.0,62.0,311.9,25.2,11.3,4.3,4.1,257,578.0,17.0,20.3,36,3.0,21,26,55.5,35.4,12,6.58,-0.97,7.55,2.0,2.0,80.0,50.0,62.5,25.0,9.0,36,15.0,6.0,40,0.0,0.0,33.0,20.0,0.0,6.0,35.0,57.0,67.0
Surrey 89ers,Michael Graham,21,Michael Graham,34,22.1,750.2,304.0,8.9,140.0,243.0,57.6,0.0,1.0,0,24.0,56.0,42.9,103.0,177.0,280.0,32.0,17.0,34.0,26.0,57.0,183.0,12.7,11.1,1.2,10.3,61,365.0,10.7,13.4,23,2.1,23,5,45.6,26.2,11,0.66,-1.5,2.16,5.0,3.9,162.0,104.0,64.2,17.0,9.0,52.9,0.0,0.0,0,0.0,0.0,11.0,10.0,0.0,5.0,82.0,28.0,40.0
Bristol Flyers,Jonathan Brown,9,Jonathan Brown,34,19.2,651.2,273.0,8.0,94.0,260.0,36.2,31.0,112.0,27.7,54.0,71.0,76.1,21.0,59.0,80.0,52.0,14.0,6.0,58.0,31.0,315.1,25.5,9.9,1.9,2.9,114,387.0,11.4,14.1,43,3.3,29,17,58.9,40.5,13,-5.2,-6.69,1.49,2.8,3.6,62.0,35.0,56.5,16.0,8.0,50,8.0,3.0,37.5,0.0,0.0,31.0,23.0,0.0,4.0,15.0,61.0,40.0
London Lions,Ethan Price,10,Ethan Price,34,16.7,566.9,249.0,7.3,92.0,165.0,55.8,15.0,50.0,30,50.0,65.0,76.9,27.0,101.0,128.0,34.0,13.0,10.0,32.0,96.0,190.7,18.5,8.8,1.2,4.5,82,331.0,9.7,11.6,10,1.4,8,4,51.2,9.8,7,2.99,-3.74,6.73,4.3,3.0,86.0,62.0,72.1,6.0,3.0,50,0.0,0.0,0,0.0,0.0,8.0,12.0,0.0,12.0,25.0,27.0,35.0
Manchester Basketball,Zak Irvin,7,Zak Irvin,34,20.5,696.0,217.0,6.4,99.0,179.0,55.3,7.0,26.0,26.9,12.0,21.0,57.1,33.0,127.0,160.0,35.0,28.0,3.0,35.0,51.0,182.6,13.2,7.8,1.3,5.7,86,303.0,8.9,10.9,17,1.5,17,2,47.5,18.9,11,-0.89,-4.82,3.93,3.5,4.0,105.0,74.0,70.5,4.0,0.0,0,0.0,0.0,0,0.0,0.0,10.0,15.0,0.0,10.0,30.0,58.0,38.0
Cheshire Phoenix,Damiri Lindo,9,Damiri Lindo,34,16.8,570.3,216.0,6.4,75.0,182.0,41.2,16.0,66.0,24.2,50.0,55.0,90.9,23.0,63.0,86.0,36.0,28.0,5.0,35.0,71.0,209.5,17.8,7.5,1.2,3.0,95,311.0,9.1,10.8,17,3.4,13,4,57.6,16.8,5,-2.79,-6.22,3.43,2.9,4.1,65.0,40.0,61.5,3.0,2.0,66.7,0.0,0.0,0,0.0,0.0,8.0,19.0,0.0,8.0,15.0,54.0,52.0
Caledonia Gladiators,Fraser Malcolm,7,Fraser Malcolm,34,21.3,723.8,190.0,5.6,66.0,183.0,36.1,35.0,125.0,28,23.0,29.0,79.3,21.0,82.0,103.0,42.0,11.0,12.0,15.0,37.0,182.2,13.1,7.2,1.6,3.9,94,284.0,8.4,10.7,10,1.1,14,3,32.6,15.3,9,-4.29,-5.08,0.79,3.5,4.3,31.0,21.0,67.7,4.0,1.0,25,3.0,0.0,0,0.0,0.0,12.0,2.0,0.0,1.0,15.0,36.0,31.0
Caledonia Gladiators,Daniel Carr,14,Daniel Carr,34,6.1,208.4,74.0,2.2,32.0,69.0,46.4,7.0,20.0,35,3.0,6.0,50,17.0,35.0,52.0,18.0,0.0,4.0,11.0,15.0,63.0,15.7,2.8,0.7,2.0,42,116.0,3.4,4.4,3,1.0,2,1,61.5,2.4,3,-3.76,-4.24,0.49,4.4,3.5,19.0,12.0,63.2,4.0,2.0,50,0.0,0.0,0,0.0,0.0,7.0,4.0,0.0,0.0,6.0,2.0,6.0
Manchester Basketball,Judson Martindale,33,Judson Martindale,34,2.2,76.0,12.0,0.4,4.0,20.0,20,2.0,8.0,25,2.0,2.0,100,4.0,4.0,8.0,3.0,1.0,1.0,3.0,13.0,19.1,12.7,0.4,0.1,0.3,6,18.0,0.5,0.6,2,2.0,2,0,50.0,2.0,1,-10.7,-11.22,0.52,3.1,4.9,7.0,2.0,28.6,0.0,0.0,0,0.0,0.0,0,0.0,0.0,0.0,2.0,0.0,1.0,2.0,0.0,0.0
Bristol Flyers,Owen Mccormack,13,Owen Mccormack,33,23.1,761.8,281.0,8.5,95.0,218.0,43.6,52.0,135.0,38.5,39.0,53.0,73.6,39.0,139.0,178.0,65.0,16.0,11.0,52.0,77.0,244.1,16.9,10.2,2.4,6.5,150,431.0,13.1,15.7,31,3.1,20,7,67.2,26.1,10,-0.2,-4.32,4.13,4.0,2.9,55.0,35.0,63.6,3.0,2.0,66.7,0.0,0.0,0,0.0,0.0,26.0,20.0,1.0,5.0,40.0,15.0,27.0
Newcastle Eagles,Sauveur Kande,9,Sauveur Kande,33,6.1,200.3,64.0,1.9,21.0,42.0,50,18.0,32.0,56.2,4.0,6.0,66.7,3.0,16.0,19.0,3.0,4.0,3.0,1.0,24.0,40.9,10.2,2.1,0.1,0.6,7,71.0,2.2,2.4,3,1.5,3,0,50.0,3.0,2,-0.22,-3.24,3.02,3.3,3.9,4.0,1.0,25,0.0,0.0,0,0.0,0.0,0,0.0,0.0,1.0,0.0,0.0,0.0,0.0,21.0,16.0
Cheshire Phoenix,Patrick Robinson,13,Patrick Robinson,32,26.2,837.5,641.0,20.0,218.0,381.0,57.2,29.0,69.0,42,176.0,241.0,73,44.0,87.0,131.0,142.0,29.0,4.0,68.0,53.0,490.6,28.3,22.2,4.9,4.5,376,1017.0,31.8,35.2,76,4.5,54,27,57.7,71.9,17,7.51,3.63,3.89,2.2,1.0,190.0,122.0,64.2,10.0,9.0,90,1.0,0.0,0,0.0,0.0,21.0,37.0,0.0,10.0,43.0,111.0,59.0
Surrey 89ers,Isiah Small,0,Isiah Small,32,29.4,939.5,475.0,14.8,175.0,360.0,48.6,27.0,76.0,35.5,98.0,137.0,71.5,80.0,188.0,268.0,104.0,36.0,25.0,67.0,94.0,391.0,21.6,17.4,3.8,9.8,227,702.0,21.9,25.7,63,3.7,41,17,65.0,56.5,17,2.18,-1.69,3.87,4.3,2.7,164.0,109.0,66.5,30.0,13.0,43.3,1.0,0.0,0,0.0,0.0,29.0,24.0,0.0,14.0,83.0,70.0,70.0
Bristol Flyers,Joseph Anderson,22,Joseph Anderson,32,29.9,957.9,397.0,12.4,148.0,368.0,40.2,59.0,191.0,30.9,42.0,55.0,76.4,13.0,62.0,75.0,165.0,57.0,1.0,46.0,49.0,408.2,22.5,14.4,6.0,2.7,372,769.0,24.0,28.0,41,3.2,36,17,47.1,49.5,13,1.65,-2.15,3.8,1.0,2.0,69.0,48.0,69.6,29.0,11.0,37.9,14.0,7.0,50,0.0,0.0,30.0,13.0,0.0,3.0,32.0,58.0,69.0
B. Braun Sheffield Sharks,Prentiss Nixon,2,Prentiss Nixon,32,22.9,734.4,384.0,12.0,129.0,324.0,39.8,46.0,146.0,31.5,80.0,92.0,87,13.0,85.0,98.0,118.0,21.0,1.0,58.0,62.0,393.1,28.1,14.3,4.4,3.7,259,643.0,20.1,24.0,36,2.8,29,17,49.3,46.5,13,-0.48,-2.76,2.28,2.1,2.1,57.0,36.0,63.2,37.0,19.0,51.4,9.0,4.0,44.4,0.0,0.0,36.0,18.0,0.0,4.0,18.0,58.0,41.0
Leicester Riders,Flynn Boardman-Raffet,77,Flynn Boardman-Raffet,32,20.7,661.7,334.0,10.4,113.0,228.0,49.6,24.0,82.0,29.3,84.0,113.0,74.3,27.0,75.0,102.0,40.0,17.0,3.0,34.0,33.0,273.3,21.6,12.6,1.5,3.8,93,427.0,13.3,16.1,43,4.3,21,21,71.1,32.2,10,0.22,-1.67,1.89,3.0,2.8,92.0,67.0,72.8,10.0,4.0,40,2.0,0.0,0,0.0,0.0,7.0,21.0,0.0,6.0,32.0,61.0,41.0
Surrey 89ers,Haydn Ling,55,Haydn Ling,32,9.7,309.8,136.0,4.2,51.0,81.0,63,0.0,3.0,0,34.0,53.0,64.2,36.0,73.0,109.0,13.0,2.0,17.0,31.0,59.0,95.3,16.0,5.0,0.5,4.0,27,163.0,5.1,6.0,9,2.2,6,2,65.4,6.9,4,-3.43,-6.25,2.82,5.0,3.3,52.0,37.0,71.2,6.0,4.0,66.7,0.0,0.0,0,0.0,0.0,10.0,6.0,2.0,13.0,30.0,2.0,10.0
London Lions,Ciaran Sandy,3,Ciaran Sandy,32,10.5,336.6,108.0,3.4,40.0,84.0,47.6,11.0,34.0,32.4,17.0,26.0,65.4,9.0,36.0,45.0,13.0,18.0,9.0,9.0,37.0,91.6,15.0,3.8,0.5,1.6,34,142.0,4.4,5.0,2,0.7,3,3,23.1,4.3,3,3.87,-3.77,7.64,3.3,4.2,30.0,18.0,60,10.0,5.0,50,1.0,1.0,100,0.0,0.0,2.0,4.0,1.0,2.0,18.0,15.0,33.0
Cheshire Phoenix,Tobias Cameron,11,Tobias Cameron,31,21.0,651.5,298.0,9.6,109.0,219.0,49.8,39.0,105.0,37.1,41.0,57.0,71.9,53.0,70.0,123.0,66.0,21.0,5.0,47.0,67.0,228.6,17.0,10.3,2.3,4.3,156,454.0,14.6,15.7,15,1.7,18,2,39.7,19.9,9,1.13,-1.85,2.97,3.1,2.8,73.0,50.0,68.5,3.0,1.0,33.3,1.0,0.0,0,0.0,0.0,18.0,19.0,0.0,10.0,43.0,40.0,54.0
Leicester Riders,Victor Ndoukou,25,Victor Ndoukou,31,14.4,446.3,113.0,3.6,37.0,97.0,38.1,19.0,58.0,32.8,20.0,25.0,80,10.0,41.0,51.0,14.0,5.0,4.0,19.0,39.0,112.3,13.2,4.3,0.5,1.9,33,146.0,4.7,5.5,20,3.3,12,4,72.7,18.8,6,-5.1,-6.38,1.27,3.3,4.6,16.0,13.0,81.2,2.0,0.0,0,2.0,1.0,50,0.0,0.0,10.0,8.0,0.0,1.0,9.0,16.0,20.0
Caledonia Gladiators,Totonitoluwa Fagbenle,11,Totonitoluwa Fagbenle,31,13.2,409.1,108.0,3.5,45.0,96.0,46.9,5.0,17.0,29.4,13.0,26.0,50,22.0,43.0,65.0,19.0,22.0,18.0,29.0,48.0,109.9,14.0,4.1,0.7,2.4,42,150.0,4.8,5.6,6,2.0,4,3,56.4,6.3,3,-5.1,-8.09,2.99,4.0,4.3,53.0,33.0,62.3,9.0,3.0,33.3,0.0,0.0,0,0.0,0.0,12.0,11.0,0.0,6.0,14.0,23.0,23.0
Caledonia Gladiators,Kyle Jimenez,6,Kyle Jimenez,31,16.2,502.4,72.0,2.3,23.0,76.0,30.3,5.0,30.0,16.7,21.0,24.0,87.5,16.0,37.0,53.0,98.0,10.0,0.0,42.0,63.0,108.1,11.2,2.7,3.7,2.0,226,298.0,9.6,11.2,3,1.0,4,2,30.7,5.9,3,-8.41,-8.64,0.23,1.9,3.2,26.0,13.0,50,4.0,1.0,25,0.0,0.0,0,0.0,0.0,27.0,13.0,0.0,2.0,2.0,4.0,11.0
Cheshire Phoenix,Greg Wild,1,Greg Wild,31,2.8,87.2,13.0,0.4,3.0,12.0,25,2.0,11.0,18.2,5.0,6.0,83.3,1.0,5.0,6.0,5.0,2.0,0.0,3.0,9.0,16.0,8.9,0.5,0.2,0.2,14,27.0,0.9,0.9,0,0.0,1,0,0.0,1.0,1,-5.41,-7.78,2.36,2.5,4.7,0.0,0.0,0,0.0,0.0,0,0.0,0.0,0,0.0,0.0,1.0,2.0,0.0,0.0,3.0,2.0,2.0
Newcastle Eagles,Deion Hammond,8,Deion Hammond,30,27.6,827.3,330.0,11.0,120.0,298.0,40.3,71.0,187.0,38,19.0,23.0,82.6,9.0,78.0,87.0,40.0,35.0,8.0,27.0,85.0,313.1,18.9,11.0,1.3,2.9,86,416.0,13.9,13.8,31,2.8,28,0,55.4,30.0,11,-1.67,-4.59,2.92,2.8,3.9,34.0,21.0,61.8,31.0,12.0,38.7,8.0,3.0,37.5,0.0,0.0,9.0,14.0,0.0,4.0,26.0,62.0,51.0
Caledonia Gladiators,Ria'n Holland,10,Rian Holland; Ria'n Holland,30,25.4,762.4,305.0,10.2,109.0,251.0,43.4,43.0,104.0,41.3,44.0,61.0,72.1,23.0,73.0,96.0,110.0,68.0,2.0,39.0,66.0,282.1,19.2,11.5,4.1,3.6,241,546.0,18.2,20.6,18,2.6,15,5,52.3,18.2,7,1.63,-2.55,4.18,1.4,2.3,45.0,31.0,68.9,38.0,18.0,47.4,11.0,5.0,45.5,0.0,0.0,21.0,16.0,0.0,2.0,24.0,50.0,42.0
London Lions,Shavar Reynolds Jr,33,Shavar Reynolds Jr,30,21.7,649.9,300.0,10.0,113.0,241.0,46.9,23.0,56.0,41.1,51.0,58.0,87.9,22.0,31.0,53.0,130.0,19.0,1.0,47.0,73.0,279.9,23.7,10.5,4.6,1.9,262,562.0,18.7,19.8,31,2.2,23,10,56.6,30.4,14,3.67,-0.77,4.44,1.4,1.7,57.0,31.0,54.4,66.0,32.0,48.5,1.0,0.0,0,0.0,0.0,30.0,12.0,0.0,5.0,28.0,30.0,32.0
Leicester Riders,Aaron Menzies,12,Aaron Menzies,30,16.0,479.9,161.0,5.4,63.0,109.0,57.8,0.0,1.0,0,35.0,55.0,63.6,55.0,104.0,159.0,23.0,6.0,17.0,40.0,70.0,113.5,12.4,6.1,0.9,6.0,55,216.0,7.2,8.1,23,1.9,20,6,50.8,23.6,12,-3.37,-5.87,2.5,5.0,3.7,74.0,48.0,64.9,2.0,2.0,100,0.0,0.0,0,0.0,0.0,7.0,20.0,3.0,10.0,38.0,7.0,18.0
B. Braun Sheffield Sharks,Reyad West,6,Reyad West,30,0.7,20.2,7.0,0.2,2.0,6.0,33.3,1.0,3.0,33.3,2.0,2.0,100,0.0,0.0,0.0,1.0,0.0,0.0,4.0,2.0,10.4,27.1,0.3,0.0,0.0,3,10.0,0.3,0.4,0,0,0,0,0,0.0,0,-15.17,-13.06,-2.11,2.7,4.1,1.0,0.0,0,0.0,0.0,0,0.0,0.0,0,0.0,0.0,1.0,2.0,0.0,1.0,0.0,0.0,0.0
Manchester Basketball,Duke Shelton,30,Duke Shelton,29,8.0,232.2,105.0,3.6,36.0,49.0,73.5,0.0,0.0,0,33.0,46.0,71.7,29.0,61.0,90.0,7.0,3.0,11.0,14.0,41.0,52.1,11.3,3.8,0.3,3.2,17,122.0,4.2,4.4,15,3.0,4,10,89.3,9.4,5,1.48,-2.6,4.08,5.0,3.0,43.0,32.0,74.4,0.0,0.0,0,0.0,0.0,0,0.0,0.0,2.0,6.0,0.0,6.0,20.0,7.0,9.0
Newcastle Eagles,Gus Okafor,99,Gus Okafor,28,25.7,719.0,341.0,12.2,101.0,257.0,39.3,49.0,127.0,38.6,90.0,130.0,69.2,34.0,98.0,132.0,45.0,20.0,10.0,27.0,59.0,294.9,20.5,11.4,1.5,4.4,97,438.0,15.6,14.6,34,3.1,33,11,44.9,41.8,11,-0.3,-2.75,2.45,3.8,3.4,73.0,38.0,52.1,23.0,6.0,26.1,10.0,3.0,30,0.0,0.0,9.0,10.0,0.0,8.0,42.0,30.0,29.0
Leicester Riders,Olutomiwa Sulaiman,10,Tomiwa Sulaiman; Olutomiwa Sulaiman,28,18.6,521.1,159.0,5.7,63.0,151.0,41.7,15.0,56.0,26.8,18.0,23.0,78.3,29.0,85.0,114.0,31.0,15.0,13.0,29.0,41.0,154.7,15.5,6.0,1.2,4.3,62,221.0,7.9,8.3,19,2.1,13,8,57.5,18.5,9,-2.49,-5.17,2.68,4.2,4.3,50.0,33.0,66,7.0,4.0,57.1,1.0,1.0,100,0.0,0.0,13.0,10.0,0.0,6.0,26.0,18.0,24.0
Surrey 89ers,Andrew Lawrence,4,Andrew Lawrence,28,10.5,294.4,65.0,2.3,23.0,62.0,37.1,9.0,35.0,25.7,10.0,14.0,71.4,4.0,21.0,25.0,64.0,17.0,1.0,17.0,33.0,77.9,13.8,2.4,2.3,0.9,145,210.0,7.5,7.7,7,2.3,6,2,50.9,6.9,3,-1.26,-4.56,3.3,1.3,3.0,11.0,4.0,36.4,6.0,4.0,66.7,2.0,1.0,50,0.0,0.0,11.0,3.0,1.0,2.0,1.0,15.0,5.0
London Lions,Matthew Goodwin,22/55,Matthew Goodwin,28,5.7,159.3,40.0,1.4,13.0,41.0,31.7,7.0,26.0,26.9,7.0,7.0,100,4.0,16.0,20.0,8.0,4.0,1.0,11.0,19.0,49.0,16.9,1.4,0.3,0.7,273,313.0,11.2,11.0,2,2.0,1,0,100.0,1.0,1,-3.44,-7.99,4.56,3.0,4.8,2.0,0.0,0,4.0,2.0,50,1.0,0.0,0,0.0,0.0,6.0,4.0,0.0,1.0,3.0,5.0,5.0
Cheshire Phoenix,Lukasz Paradysz,6,Lukasz Paradysz,28,0.1,2.7,2.0,0.1,1.0,1.0,100,0.0,0.0,0,0.0,0.0,0,0.0,0.0,0.0,0.0,1.0,0.0,0.0,0.0,1.0,17.3,0.1,0.0,0.0,0,2.0,0.1,0.1,0,0,0,0,0,0.0,0,31.06,9.32,21.74,2.7,3.8,1.0,1.0,100,0.0,0.0,0,0.0,0.0,0,0.0,0.0,0.0,0.0,0.0,0.0,0.0,0.0,0.0
B. Braun Sheffield Sharks,William Lee,4,William Lee,27,20.4,551.1,232.0,8.6,88.0,163.0,54,33.0,74.0,44.6,23.0,32.0,71.9,31.0,141.0,172.0,23.0,22.0,33.0,21.0,53.0,160.4,15.3,8.7,0.9,6.4,47,279.0,10.3,10.4,13,1.6,12,0,54.2,12.0,8,4.84,-0.83,5.66,5.0,3.2,47.0,37.0,78.7,8.0,4.0,50,2.0,0.0,0,0.0,0.0,10.0,6.0,0.0,5.0,27.0,43.0,35.0
Surrey 89ers,Joshua Smith-White,1/33/44,Joshua Smith-White,26,0.4,9.2,6.0,0.2,2.0,6.0,33.3,1.0,5.0,20,1.0,2.0,50,0.0,2.0,2.0,0.0,0.0,0.0,0.0,1.0,6.6,37.5,0.2,0.0,0.1,75,81.0,3.1,3.0,0,0,0,0,0,0.0,0,-9.53,-6.91,-2.62,3.2,4.2,0.0,0.0,0,0.0,0.0,0,0.0,0.0,0,0.0,0.0,0.0,0.0,0.0,0.0,0.0,2.0,0.0
London Lions,Joel Scott,1,Joel Scott,25,23.2,579.3,325.0,13.0,119.0,217.0,54.8,20.0,48.0,41.7,67.0,90.0,74.4,61.0,78.0,139.0,28.0,16.0,8.0,24.0,55.0,210.8,20.0,11.4,1.0,4.9,61,386.0,15.4,13.6,38,3.5,26,8,64.4,33.5,11,6.55,1.24,5.31,4.2,2.7,120.0,80.0,66.7,17.0,12.0,70.6,1.0,0.0,0,0.0,0.0,8.0,13.0,0.0,3.0,62.0,36.0,47.0
Leicester Riders,Spencer Johnson,20,Spencer Johnson,24,29.6,711.5,287.0,12.0,95.0,209.0,45.5,29.0,76.0,38.2,68.0,86.0,79.1,43.0,106.0,149.0,58.0,26.0,5.0,46.0,30.0,239.8,17.7,10.8,2.2,5.6,117,404.0,16.8,15.2,44,3.7,32,16,56.4,44.0,12,0.71,-2.02,2.72,3.3,3.1,66.0,40.0,60.6,14.0,5.0,35.7,4.0,2.0,50,0.0,0.0,20.0,21.0,0.0,5.0,34.0,46.0,35.0
London Lions,Kameron Mcgusty,23,Kameron Mcgusty,24,22.3,534.3,244.0,10.2,92.0,212.0,43.4,16.0,53.0,30.2,44.0,64.0,68.8,8.0,57.0,65.0,83.0,29.0,5.0,34.0,40.0,255.5,26.3,8.6,2.9,2.3,185,429.0,17.9,15.1,28,4.7,17,11,64.1,22.8,6,4.05,-2.51,6.56,1.9,2.8,54.0,32.0,59.3,61.0,26.0,42.6,8.0,2.0,25,0.0,0.0,18.0,12.0,0.0,4.0,22.0,19.0,34.0
Leicester Riders,Nathaniel Martin,41,Nathaniel Martin,24,25.9,622.2,209.0,8.7,89.0,163.0,54.6,0.0,0.0,0,31.0,55.0,56.4,68.0,114.0,182.0,42.0,13.0,12.0,26.0,51.0,139.4,11.7,7.9,1.6,6.9,99,308.0,12.8,11.6,23,2.1,16,12,54.0,22.3,11,-0.49,-2.87,2.38,4.8,3.7,101.0,59.0,58.4,14.0,10.0,71.4,0.0,0.0,0,0.0,0.0,14.0,6.0,0.0,6.0,38.0,20.0,24.0
Leicester Riders,Seth Wylie,43,Seth Wylie,24,0.8,19.0,6.0,0.2,2.0,4.0,50,2.0,2.0,100,0.0,0.0,0,0.0,0.0,0.0,0.0,0.0,0.0,1.0,2.0,4.8,13.2,0.2,0.0,0.0,0,6.0,0.2,0.2,0,0,0,0,0,0.0,0,-4.72,-4.65,-0.07,2.8,4.0,0.0,0.0,0,0.0,0.0,0,0.0,0.0,0,0.0,0.0,1.0,0.0,0.0,0.0,0.0,0.0,3.0
Newcastle Eagles,Terrell Burden Jr,1,Terrell Burden Jr,23,21.8,502.4,228.0,9.9,77.0,154.0,50,12.0,41.0,29.3,62.0,94.0,66,8.0,57.0,65.0,85.0,27.0,4.0,37.0,55.0,215.4,21.4,7.6,2.8,2.2,207,435.0,18.9,14.5,23,2.6,14,7,67.3,19.1,9,0.85,-3.49,4.34,2.0,1.7,70.0,50.0,71.4,9.0,4.0,44.4,12.0,5.0,41.7,0.0,0.0,17.0,15.0,0.0,5.0,17.0,33.0,28.0
London Lions,Morayo Soluade,6,Morayo Soluade,23,15.1,346.5,90.0,3.9,30.0,71.0,42.3,24.0,59.0,40.7,6.0,7.0,85.7,12.0,27.0,39.0,47.0,12.0,0.0,30.0,29.0,88.4,14.0,3.2,1.7,1.4,106,196.0,8.5,6.9,6,2.0,5,0,60.0,5.0,3,2.5,-2.9,5.4,2.0,3.1,6.0,3.0,50,3.0,1.0,33.3,4.0,1.0,25,0.0,0.0,22.0,5.0,0.0,3.0,0.0,4.0,16.0
Caledonia Gladiators,Lloyd Alvin Bryan Jr,56,Lloyd Bryan Jr; Lloyd Alvin Bryan Jr,22,20.0,439.8,199.0,9.0,73.0,149.0,49,2.0,8.0,25,51.0,69.0,73.9,58.0,57.0,115.0,34.0,4.0,11.0,36.0,59.0,151.1,17.9,7.5,1.3,4.3,81,280.0,12.7,10.5,16,5.3,6,7,88.1,11.1,3,-4.84,-5.29,0.44,4.9,2.9,77.0,41.0,53.2,9.0,4.0,44.4,0.0,0.0,0,0.0,0.0,8.0,18.0,1.0,9.0,37.0,8.0,26.0
Surrey 89ers,Tyrin Lawrence,10/33,Tyrin Lawrence,21,29.5,619.3,320.0,15.2,119.0,244.0,48.8,19.0,81.0,23.5,63.0,86.0,73.3,10.0,79.0,89.0,70.0,30.0,8.0,56.0,40.0,314.7,26.4,11.7,2.6,3.3,172,492.0,23.4,18.0,54,4.5,29,19,72.3,42.4,12,-0.26,-3.33,3.07,2.5,2.7,67.0,50.0,74.6,26.0,13.0,50,6.0,4.0,66.7,0.0,0.0,22.0,23.0,0.0,11.0,19.0,90.0,59.0
Manchester Basketball,Kaiyem Cleary,9,Kaiyem Cleary,21,24.2,507.8,269.0,12.8,91.0,213.0,42.7,29.0,93.0,31.2,58.0,62.0,93.5,25.0,71.0,96.0,30.0,12.0,14.0,23.0,45.0,228.7,22.7,9.6,1.1,3.4,68,337.0,16.0,12.1,42,4.2,23,9,77.9,29.0,10,0.93,-2.03,2.95,3.8,3.3,48.0,28.0,58.3,11.0,6.0,54.5,0.0,0.0,0,0.0,0.0,6.0,12.0,0.0,5.0,28.0,29.0,39.0
Caledonia Gladiators,Malcolm Delpeche,15,Malcolm Delpeche,21,15.0,314.7,133.0,6.3,58.0,110.0,52.7,0.0,2.0,0,17.0,44.0,38.6,41.0,48.0,89.0,20.0,10.0,4.0,19.0,43.0,103.1,17.0,5.0,0.8,3.4,85,218.0,10.4,8.2,9,3.0,5,2,76.5,6.9,3,-4.87,-5.45,0.58,4.5,3.5,66.0,45.0,68.2,6.0,0.0,0,0.0,0.0,0,0.0,0.0,10.0,7.0,0.0,2.0,30.0,15.0,24.0
Newcastle Eagles,Darius Defoe,13,Darius Defoe,21,7.3,152.4,43.0,2.0,17.0,39.0,43.6,1.0,5.0,20,8.0,10.0,80,2.0,9.0,11.0,9.0,3.0,2.0,11.0,27.0,50.3,16.5,1.4,0.3,0.4,23,66.0,3.1,2.2,0,0.0,2,0,0.0,2.0,2,-8.6,-10.63,2.03,2.9,4.3,7.0,5.0,71.4,10.0,4.0,40,0.0,0.0,0,0.0,0.0,4.0,1.0,0.0,6.0,2.0,2.0,4.0
London Lions,Chaundee Brown Jr,15,Chaundee Brown Jr,20,23.6,471.6,256.0,12.8,98.0,173.0,56.6,31.0,75.0,41.3,29.0,38.0,76.3,18.0,63.0,81.0,24.0,10.0,3.0,12.0,37.0,176.4,20.6,9.0,0.8,2.8,56,312.0,15.6,11.0,23,3.3,15,2,72.4,17.9,7,7.52,1.67,5.86,3.4,2.5,69.0,53.0,76.8,10.0,9.0,90,0.0,0.0,0,0.0,0.0,3.0,4.0,0.0,5.0,35.0,48.0,45.0
B. Braun Sheffield Sharks,Jalen Deloach,23,Jalen Deloach,20,18.6,371.4,156.0,7.8,60.0,99.0,60.6,3.0,13.0,23.1,33.0,67.0,49.3,29.0,77.0,106.0,28.0,8.0,15.0,29.0,53.0,123.3,17.4,5.8,1.0,4.0,59,215.0,10.8,8.0,11,2.2,9,4,51.1,14.8,5,-0.38,-5.03,4.65,5.0,3.1,63.0,49.0,77.8,2.0,2.0,100,0.0,0.0,0,0.0,0.0,7.0,12.0,1.0,9.0,18.0,10.0,21.0
Caledonia Gladiators,Dwaine Jones Jr,5,Dwaine Jones Jr,20,23.9,478.2,138.0,6.9,58.0,157.0,36.9,8.0,46.0,17.4,14.0,26.0,53.8,12.0,37.0,49.0,91.0,15.0,3.0,47.0,41.0,195.3,21.2,5.2,3.4,1.8,197,335.0,16.8,12.6,12,3.0,12,1,48.2,14.4,4,-7.87,-7.64,-0.22,1.8,3.1,50.0,29.0,58,18.0,9.0,50,7.0,0.0,0,0.0,0.0,33.0,7.0,0.0,7.0,11.0,30.0,27.0
B. Braun Sheffield Sharks,Mervin James,5,Mervin James,19,16.8,319.4,202.0,10.6,74.0,163.0,45.4,9.0,27.0,33.3,45.0,55.0,81.8,20.0,73.0,93.0,15.0,6.0,5.0,31.0,26.0,190.3,31.3,7.5,0.6,3.5,54,256.0,13.5,9.6,17,3.4,14,5,52.5,17.2,5,-2.71,-4.55,1.84,4.6,3.2,76.0,46.0,60.5,15.0,4.0,26.7,1.0,1.0,100,0.0,0.0,13.0,11.0,0.0,7.0,24.0,34.0,23.0
Surrey 89ers,Timothy Nwanko,19,Timothy Nwanko,19,7.1,135.6,29.0,1.5,13.0,30.0,43.3,0.0,3.0,0,3.0,6.0,50,11.0,20.0,31.0,3.0,8.0,4.0,13.0,23.0,33.3,12.8,1.1,0.1,1.1,28,57.0,3.0,2.1,2,2.0,1,0,100.0,1.0,1,-7.42,-10.54,3.12,4.0,5.0,17.0,10.0,58.8,1.0,0.0,0,0.0,0.0,0,0.0,0.0,5.0,5.0,0.0,3.0,8.0,8.0,6.0
Leicester Riders,Raequan Battle,21/7,Raequan Battle,18,30.2,543.4,384.0,21.3,129.0,274.0,47.1,63.0,147.0,42.9,63.0,71.0,88.7,9.0,66.0,75.0,24.0,18.0,6.0,34.0,49.0,317.0,30.6,14.5,0.9,2.8,54,438.0,24.3,16.5,75,5.8,50,18,64.7,60.9,13,3.71,1.31,2.4,3.2,1.9,61.0,39.0,63.9,17.0,8.0,47.1,9.0,5.0,55.6,0.0,0.0,12.0,15.0,0.0,7.0,32.0,42.0,59.0
Bristol Flyers,Evan Walshe,77,Evan Walshe,18,14.6,263.2,62.0,3.4,22.0,56.0,39.3,4.0,16.0,25,14.0,20.0,70,5.0,27.0,32.0,25.0,12.0,0.0,21.0,39.0,77.6,15.6,2.3,0.9,1.2,49,111.0,6.2,4.0,14,2.8,8,4,71.7,11.8,5,-6.19,-10.36,4.17,2.4,3.9,27.0,14.0,51.9,1.0,0.0,0,0.0,0.0,0,0.0,0.0,13.0,6.0,0.0,2.0,9.0,14.0,12.0
Leicester Riders,Michael Akintomide Akinsiku,0/5/8,Tomide Akinsiku; Michael Akintomide Akinsiku,18,7.1,128.7,35.0,1.9,16.0,32.0,50,0.0,0.0,0,3.0,12.0,25,13.0,29.0,42.0,4.0,5.0,4.0,7.0,17.0,30.0,12.2,1.3,0.2,1.6,63,98.0,5.4,3.7,0,0.0,1,2,0.0,1.9,2,-4.15,-6.66,2.51,5.0,4.7,18.0,11.0,61.1,1.0,0.0,0,0.0,0.0,0,0.0,0.0,2.0,3.0,0.0,2.0,8.0,0.0,4.0
Leicester Riders,Oscar Curran,0,Oscar Curran,18,0.6,11.2,0.0,0.0,0.0,1.0,0,0.0,1.0,0,0.0,0.0,0,0.0,1.0,1.0,1.0,0.0,0.0,1.0,1.0,1.9,9.0,0.0,0.0,0.0,3,3.0,0.2,0.1,0,0,0,0,0,0.0,0,-12.68,-12.74,0.06,2.9,4.1,0.0,0.0,0,0.0,0.0,0,0.0,0.0,0,0.0,0.0,1.0,0.0,0.0,0.0,0.0,0.0,0.0
Bristol Flyers,Milos Dugalic,25,Milos Dugalic,17,15.4,261.1,64.0,3.8,22.0,78.0,28.2,6.0,26.0,23.1,14.0,24.0,58.3,15.0,42.0,57.0,17.0,11.0,3.0,21.0,32.0,90.8,18.3,2.3,0.6,2.1,38,102.0,6.0,3.7,4,1.0,5,2,34.0,6.9,4,-7.75,-10.95,3.2,3.7,4.9,42.0,14.0,33.3,1.0,0.0,0,0.0,0.0,0,0.0,0.0,12.0,5.0,0.0,4.0,8.0,1.0,7.0
Manchester Basketball,Gabriel Osabuohien,3,Gabriel Osabuohien,17,14.0,237.2,39.0,2.3,16.0,37.0,43.2,0.0,2.0,0,7.0,21.0,33.3,31.0,42.0,73.0,47.0,18.0,10.0,38.0,64.0,51.1,10.9,1.4,1.7,2.6,198,237.0,13.9,8.5,6,2.0,3,2,77.3,5.9,3,-2.28,-9.87,7.59,3.6,3.2,24.0,12.0,50,0.0,0.0,0,0.0,0.0,0,0.0,0.0,16.0,11.0,0.0,11.0,8.0,2.0,8.0
Manchester Basketball,Oluwademilade Babalola,10/3,Oluwademilade Babalola,17,0.6,10.9,6.0,0.4,1.0,2.0,50,1.0,2.0,50,3.0,3.0,100,0.0,1.0,1.0,0.0,0.0,0.0,0.0,4.0,3.2,14.7,0.2,0.0,0.0,198,204.0,12.0,7.3,0,0,0,0,0,0.0,0,0.03,-4.28,4.31,3.1,3.6,0.0,0.0,0,0.0,0.0,0,0.0,0.0,0,0.0,0.0,0.0,0.0,0.0,0.0,0.0,0.0,0.0
Surrey 89ers,Maximilian Coupe,33/44,Maximilian Coupe,17,1.0,16.5,5.0,0.3,1.0,3.0,33.3,0.0,1.0,0,3.0,3.0,100,0.0,1.0,1.0,3.0,0.0,0.0,3.0,6.0,7.0,22.2,0.2,0.1,0.0,32,37.0,2.2,1.4,0,0,0,0,0,0.0,0,-13.9,-15.62,1.72,2.8,3.6,2.0,1.0,50,0.0,0.0,0,0.0,0.0,0,0.0,0.0,2.0,1.0,0.0,0.0,0.0,2.0,2.0
Leicester Riders,Donald Carey Jr,13,Donald Carey Jr,16,32.3,516.3,259.0,16.2,81.0,183.0,44.3,32.0,85.0,37.6,65.0,73.0,89,13.0,59.0,72.0,114.0,28.0,0.0,63.0,28.0,254.5,25.8,9.8,4.3,2.7,232,491.0,30.7,18.5,32,3.2,20,17,58.2,39.5,10,2.47,0.17,2.3,1.2,1.0,51.0,31.0,60.8,11.0,5.0,45.5,9.0,6.0,66.7,0.0,0.0,35.0,24.0,0.0,4.0,23.0,40.0,36.0
Surrey 89ers,Timothy Nwankwo,19,Timothy Nwankwo,16,9.4,150.8,32.0,2.0,15.0,32.0,46.9,1.0,6.0,16.7,1.0,2.0,50,10.0,14.0,24.0,9.0,3.0,4.0,9.0,18.0,30.6,10.6,1.2,0.3,0.9,28,60.0,3.8,2.2,0,0,0,0,0,0.0,0,-5.1,-7.3,2.2,3.6,4.6,13.0,12.0,92.3,0.0,0.0,0,0.0,0.0,0,0.0,0.0,1.0,0.0,0.0,8.0,8.0,2.0,2.0
London Lions,Johnathan Williams,13,Jonathan Williams; Johnathan Williams,15,20.7,310.2,134.0,8.9,58.0,102.0,56.9,0.0,2.0,0,18.0,31.0,58.1,24.0,42.0,66.0,20.0,12.0,9.0,31.0,38.0,117.7,20.9,4.7,0.7,2.3,45,179.0,11.9,6.3,2,2.0,2,0,50.0,2.0,1,1.2,-5.25,6.45,4.1,3.5,67.0,48.0,71.6,9.0,3.0,33.3,0.0,0.0,0,0.0,0.0,8.0,11.0,1.0,11.0,20.0,17.0,22.0
Manchester Basketball,Kayne Henry,13,Kayne Henry,15,9.1,135.9,35.0,2.3,15.0,41.0,36.6,3.0,20.0,15,2.0,5.0,40,4.0,15.0,19.0,6.0,5.0,0.0,5.0,10.0,42.4,15.7,1.3,0.2,0.7,14,49.0,3.3,1.8,4,2.0,2,2,69.4,3.9,2,-5.53,-7.72,2.2,2.8,5.0,14.0,7.0,50,1.0,1.0,100,0.0,0.0,0,0.0,0.0,2.0,2.0,0.0,1.0,2.0,2.0,11.0
Bristol Flyers,Cameron Christon,1,Cameron Christon,14,20.5,287.1,126.0,9.0,44.0,98.0,44.9,18.0,50.0,36,20.0,24.0,83.3,12.0,17.0,29.0,14.0,7.0,3.0,16.0,38.0,108.1,19.9,4.6,0.5,1.1,27,153.0,10.9,5.6,12,2.4,8,8,52.1,12.5,5,-2.39,-5.18,2.79,3.0,3.2,25.0,14.0,56,2.0,2.0,100,0.0,0.0,0,0.0,0.0,6.0,5.0,0.0,5.0,16.0,18.0,17.0
London Lions,Ovie Soko,0,Ovie Soko,14,12.3,172.1,57.0,4.1,18.0,33.0,54.5,0.0,1.0,0,21.0,32.0,65.6,14.0,34.0,48.0,7.0,9.0,3.0,15.0,34.0,46.2,14.8,2.0,0.2,1.7,16,73.0,5.2,2.6,0,0,0,0,0,0.0,0,0.1,-7.2,7.3,4.3,4.0,22.0,16.0,72.7,5.0,1.0,20,0.0,0.0,0,0.0,0.0,3.0,6.0,0.0,6.0,8.0,6.0,6.0
Newcastle Eagles,Josh Ward-Hibbert,2,Josh Ward-Hibbert,14,11.9,166.4,48.0,3.4,17.0,44.0,38.6,5.0,19.0,26.3,9.0,10.0,90,4.0,16.0,20.0,8.0,10.0,5.0,4.0,8.0,46.5,13.9,1.6,0.3,0.7,14,62.0,4.4,2.1,13,3.2,8,1,77.0,8.4,4,-0.04,-4.6,4.55,3.1,4.4,12.0,7.0,58.3,2.0,2.0,100,1.0,1.0,100,0.0,0.0,2.0,2.0,0.0,0.0,7.0,8.0,12.0
B. Braun Sheffield Sharks,Fahro Alihodzic,25,Fahro Alihodzic,13,22.3,290.2,156.0,12.0,61.0,103.0,59.2,0.0,0.0,0,34.0,51.0,66.7,30.0,42.0,72.0,27.0,19.0,2.0,18.0,44.0,108.9,19.7,5.8,1.0,2.7,60,216.0,16.6,8.1,4,1.3,7,0,28.6,9.0,3,3.55,-1.99,5.55,3.3,2.3,78.0,47.0,60.3,12.0,9.0,75,0.0,0.0,0,0.0,0.0,7.0,8.0,0.0,3.0,20.0,20.0,20.0
London Lions,Chasson Jermar Randle,2,Chasson Jermar Randle,13,19.2,249.6,117.0,9.0,40.0,82.0,48.8,21.0,52.0,40.4,16.0,17.0,94.1,4.0,24.0,28.0,23.0,5.0,1.0,14.0,27.0,95.5,21.0,4.1,0.8,1.0,52,169.0,13.0,5.9,6,6.0,4,0,75.0,5.0,1,4.67,-0.83,5.5,2.7,2.6,17.0,12.0,70.6,3.0,1.0,33.3,3.0,1.0,33.3,0.0,0.0,9.0,3.0,0.0,2.0,2.0,12.0,16.0
Caledonia Gladiators,Kevin Allen,0,Kevin Allen,12,24.6,295.5,205.0,17.1,79.0,136.0,58.1,0.0,4.0,0,47.0,54.0,87,25.0,57.0,82.0,20.0,4.0,4.0,30.0,21.0,158.2,27.8,7.7,0.8,3.1,39,244.0,20.3,9.2,7,2.3,9,2,35.4,11.9,3,0.7,-0.75,1.45,4.6,1.4,60.0,48.0,80,15.0,9.0,60,0.0,0.0,0,0.0,0.0,14.0,10.0,0.0,6.0,36.0,7.0,28.0
Leicester Riders,Marc Loving,2,Marc Loving,12,29.9,358.4,137.0,11.4,49.0,113.0,43.4,15.0,44.0,34.1,24.0,26.0,92.3,10.0,43.0,53.0,24.0,11.0,7.0,11.0,19.0,120.4,17.6,5.2,0.9,2.0,54,191.0,15.9,7.2,9,1.1,12,2,34.9,13.9,8,0.28,-2.61,2.89,3.2,3.6,34.0,20.0,58.8,10.0,6.0,60,1.0,1.0,100,0.0,0.0,7.0,4.0,0.0,0.0,8.0,18.0,15.0
London Lions,Karolis Lukosiunas,16,Karolis Lukosiunas,12,16.8,202.0,78.0,6.5,27.0,57.0,47.4,24.0,49.0,49,0.0,0.0,0,2.0,16.0,18.0,13.0,10.0,0.0,11.0,26.0,63.4,17.3,2.7,0.5,0.6,25,103.0,8.6,3.6,0,0.0,2,0,0.0,2.0,2,4.98,-1.64,6.62,2.3,3.2,0.0,0.0,0,4.0,2.0,50,5.0,2.0,40,0.0,0.0,7.0,2.0,0.0,2.0,11.0,6.0,14.0
Surrey 89ers,Owen Koonce,1,Owen Koonce,12,14.9,178.5,57.0,4.8,21.0,51.0,41.2,6.0,23.0,26.1,9.0,13.0,69.2,9.0,19.0,28.0,19.0,12.0,4.0,12.0,21.0,57.3,16.7,2.1,0.7,1.0,43,100.0,8.3,3.7,5,2.5,2,3,75.3,3.3,2,-0.56,-5.03,4.46,2.8,3.9,15.0,11.0,73.3,3.0,0.0,0,0.0,0.0,0,0.0,0.0,7.0,4.0,0.0,1.0,11.0,8.0,10.0
Manchester Basketball,Gabriel Osbuhein,3,Gabriel Osbuhein,11,20.5,226.0,73.0,6.6,29.0,62.0,46.8,0.0,2.0,0,15.0,28.0,53.6,26.0,30.0,56.0,45.0,16.0,6.0,17.0,37.0,62.7,14.0,2.6,1.6,2.0,198,271.0,24.6,9.7,3,0.8,4,3,28.2,5.3,4,3.2,-3.3,6.49,2.8,2.7,44.0,22.0,50,1.0,0.0,0,1.0,0.0,0,0.0,0.0,10.0,5.0,0.0,2.0,10.0,6.0,14.0
Leicester Riders,Michael Joiner,9,Michael Joiner,10,16.4,164.2,46.0,4.6,15.0,43.0,34.9,6.0,19.0,31.6,10.0,13.0,76.9,4.0,23.0,27.0,8.0,1.0,0.0,4.0,11.0,46.8,14.9,1.7,0.3,1.0,58,104.0,10.4,3.9,2,1.0,2,2,34.7,3.9,2,-4.82,-5.75,0.93,3.3,4.5,11.0,6.0,54.5,1.0,1.0,100,0.0,0.0,0,0.0,0.0,1.0,3.0,0.0,0.0,6.0,0.0,5.0
London Lions,Jordan Kevin Williams,4,Jordan Kevin Williams; Jordan Williams,10,5.5,55.4,10.0,1.0,4.0,8.0,50,0.0,0.0,0,2.0,8.0,25,2.0,5.0,7.0,5.0,1.0,0.0,4.0,17.0,13.0,12.9,0.4,0.2,0.2,10,20.0,2.0,0.7,0,0,0,0,0,0.0,0,-7.44,-13.0,5.56,3.0,4.4,6.0,3.0,50,0.0,0.0,0,0.0,0.0,0,0.0,0.0,0.0,2.0,0.0,2.0,0.0,0.0,2.0
Caledonia Gladiators,Nino Satha,4,Nino Satha,10,1.6,15.6,6.0,0.6,2.0,4.0,50,1.0,3.0,33.3,1.0,2.0,50,0.0,0.0,0.0,0.0,0.0,0.0,3.0,2.0,7.6,25.3,0.2,0.0,0.0,0,6.0,0.6,0.2,0,0,0,0,0,0.0,0,-16.4,-12.95,-3.44,2.9,4.0,1.0,1.0,100,0.0,0.0,0,0.0,0.0,0,0.0,0.0,2.0,0.0,0.0,1.0,2.0,0.0,0.0
Leicester Riders,Kendrian Johnson,1,Kendrian Johnson; Kedrian Johnson,9,35.0,315.4,161.0,17.9,52.0,111.0,46.8,12.0,32.0,37.5,45.0,52.0,86.5,4.0,23.0,27.0,32.0,9.0,2.0,30.0,23.0,153.5,25.5,6.1,1.2,1.0,90,251.0,27.9,9.5,22,4.4,17,7,54.8,23.1,5,-1.78,-3.27,1.5,2.2,2.3,35.0,23.0,65.7,7.0,2.0,28.6,2.0,1.0,50,0.0,0.0,11.0,13.0,0.0,6.0,14.0,39.0,15.0
Newcastle Eagles,Malcolm Smith,45,Malcolm Smith,9,10.6,95.3,31.0,3.4,9.0,36.0,25,0.0,1.0,0,13.0,18.0,72.2,8.0,6.0,14.0,5.0,1.0,1.0,7.0,13.0,41.2,21.6,1.0,0.2,0.5,10,41.0,4.6,1.4,0,0.0,1,0,0.0,1.0,1,-13.04,-11.91,-1.13,3.5,4.8,9.0,3.0,33.3,4.0,1.0,25,0.0,0.0,0,0.0,0.0,1.0,3.0,0.0,3.0,2.0,5.0,2.0
London Lions,Nigel Hawkins,8,Nigel Hawkins,9,14.1,126.5,31.0,3.4,9.0,30.0,30,3.0,11.0,27.3,10.0,13.0,76.9,6.0,12.0,18.0,8.0,4.0,2.0,4.0,18.0,32.4,14.1,1.1,0.3,0.6,18,49.0,5.4,1.7,0,0,0,0,0,0.0,0,-0.98,-6.69,5.71,3.2,4.7,8.0,3.0,37.5,5.0,3.0,60,0.0,0.0,0,0.0,0.0,1.0,2.0,0.0,1.0,2.0,6.0,4.0
B. Braun Sheffield Sharks,Troy D'amico,5,Troy D'amico,8,17.7,141.3,42.0,5.2,14.0,32.0,43.8,6.0,21.0,28.6,8.0,10.0,80,8.0,20.0,28.0,9.0,5.0,0.0,6.0,12.0,33.0,12.3,1.6,0.3,1.0,54,96.0,12.0,3.6,3,3.0,1,0,150.0,1.0,1,-0.62,-4.18,3.56,3.2,3.9,8.0,6.0,75,0.0,0.0,0,2.0,0.0,0,0.0,0.0,4.0,2.0,0.0,0.0,7.0,6.0,13.0
Newcastle Eagles,Marco Anthony,25,Marco Anthony,7,33.6,235.0,85.0,12.1,34.0,69.0,49.3,1.0,5.0,20,16.0,27.0,59.3,16.0,37.0,53.0,8.0,10.0,6.0,8.0,10.0,70.0,14.9,2.8,0.3,1.8,16,101.0,14.4,3.4,10,2.5,10,6,39.6,14.6,4,-0.96,-4.06,3.1,4.3,4.2,15.0,11.0,73.3,20.0,11.0,55,0.0,0.0,0,0.0,0.0,3.0,4.0,0.0,1.0,16.0,7.0,14.0
Leicester Riders,Xavier Bledson,5,Xavier Bledson,7,28.7,201.2,82.0,11.7,24.0,78.0,30.8,9.0,32.0,28.1,25.0,33.0,75.8,7.0,18.0,25.0,23.0,9.0,0.0,15.0,12.0,96.5,25.1,3.1,0.9,0.9,50,132.0,18.9,5.0,11,2.2,11,5,41.7,14.2,5,-4.38,-5.45,1.07,2.1,3.8,18.0,8.0,44.4,4.0,0.0,0,6.0,2.0,33.3,0.0,0.0,10.0,5.0,0.0,0.0,6.0,15.0,10.0
Leicester Riders,Emmanuel Akot,9,Emmanuel Akot,7,29.3,204.9,58.0,8.3,23.0,61.0,37.7,7.0,20.0,35,5.0,6.0,83.3,9.0,21.0,30.0,17.0,4.0,0.0,9.0,13.0,61.1,15.6,2.2,0.6,1.1,58,116.0,16.6,4.4,6,1.2,7,0,42.9,7.0,5,-4.27,-5.4,1.13,2.8,4.2,14.0,10.0,71.4,3.0,1.0,33.3,0.0,0.0,0,0.0,0.0,8.0,1.0,0.0,0.0,8.0,6.0,4.0
Surrey 89ers,Kareem Queeley,11,Kareem Queeley,7,21.9,153.3,54.0,7.7,19.0,46.0,41.3,4.0,21.0,19,12.0,20.0,60,7.0,17.0,24.0,20.0,5.0,0.0,11.0,7.0,56.4,19.2,2.0,0.7,0.9,48,102.0,14.6,3.7,5,2.5,2,4,66.5,3.8,2,-2.55,-4.27,1.71,2.6,3.6,15.0,10.0,66.7,3.0,0.0,0,2.0,1.0,50,0.0,0.0,6.0,5.0,0.0,0.0,4.0,16.0,7.0
London Lions,Ryan Mikesell,11,Ryan Mikesell,7,20.8,145.6,53.0,7.6,18.0,47.0,38.3,8.0,25.0,32,9.0,10.0,90,4.0,12.0,16.0,12.0,2.0,0.0,7.0,20.0,52.2,19.7,1.9,0.4,0.6,30,83.0,11.9,2.9,0,0,0,0,0,0.0,0,-1.17,-5.35,4.18,2.8,3.9,10.0,6.0,60,5.0,2.0,40,1.0,0.0,0,0.0,0.0,3.0,2.0,0.0,2.0,9.0,3.0,2.0
Caledonia Gladiators,Daylen Williams,15,Daylen Williams,7,20.1,140.9,32.0,4.6,11.0,27.0,40.7,0.0,4.0,0,10.0,17.0,58.8,4.0,28.0,32.0,17.0,4.0,1.0,14.0,16.0,42.7,15.8,1.2,0.6,1.2,85,117.0,16.7,4.4,3,1.5,2,2,52.1,3.9,2,-7.52,-9.82,2.3,3.5,3.8,7.0,5.0,71.4,5.0,5.0,100,0.0,0.0,0,0.0,0.0,4.0,8.0,0.0,2.0,0.0,10.0,6.0
Surrey 89ers,Rj Eytle-Rock,44,Rj Eytle-Rock,7,14.3,100.0,24.0,3.4,7.0,23.0,30.4,1.0,7.0,14.3,9.0,11.0,81.8,5.0,8.0,13.0,4.0,2.0,0.0,9.0,14.0,30.6,15.9,0.9,0.1,0.5,11,35.0,5.0,1.3,2,2.0,1,0,100.0,2.0,1,-10.86,-10.96,0.1,3.1,4.9,8.0,5.0,62.5,3.0,1.0,33.3,0.0,0.0,0,0.0,0.0,2.0,5.0,0.0,2.0,2.0,4.0,2.0
Manchester Basketball,Donovan Mitchell,8,Donovan Mitchell,5,22.2,111.0,59.0,11.8,22.0,46.0,47.8,5.0,19.0,26.3,10.0,13.0,76.9,5.0,23.0,28.0,6.0,3.0,3.0,9.0,9.0,53.5,24.3,2.1,0.2,1.0,13,72.0,14.4,2.6,13,3.2,15,0,43.3,19.0,4,-0.08,-3.41,3.32,4.0,3.4,22.0,13.0,59.1,1.0,1.0,100,1.0,0.0,0,0.0,0.0,4.0,2.0,0.0,3.0,4.0,12.0,3.0
Newcastle Eagles,Brett Reed,24,Brett Reed,4,20.6,82.5,29.0,7.2,11.0,18.0,61.1,0.0,0.0,0,7.0,15.0,46.7,5.0,15.0,20.0,8.0,5.0,2.0,9.0,9.0,27.5,16.6,1.0,0.3,0.7,16,45.0,11.2,1.5,2,2.0,1,2,53.2,1.9,1,-0.95,-6.33,5.38,3.7,3.4,12.0,9.0,75,0.0,0.0,0,0.0,0.0,0,0.0,0.0,6.0,2.0,0.0,1.0,4.0,8.0,2.0
Leicester Riders,Duke Shelton,2,Duke Shelton,4,14.6,58.3,25.0,6.2,9.0,20.0,45,0.0,1.0,0,7.0,11.0,63.6,5.0,11.0,16.0,1.0,0.0,2.0,7.0,9.0,25.8,23.2,0.9,0.0,0.6,54,79.0,19.8,3.0,0,0,0,0,0,0.0,0,-10.22,-10.4,0.17,4.7,4.3,14.0,8.0,57.1,2.0,1.0,50,0.0,0.0,0,0.0,0.0,2.0,2.0,0.0,3.0,2.0,2.0,6.0
Leicester Riders,Michael Mitchell Jr,1,Michael Mitchell Jr,4,15.5,62.0,14.0,3.5,5.0,18.0,27.8,3.0,11.0,27.3,1.0,3.0,33.3,0.0,3.0,3.0,8.0,3.0,1.0,6.0,6.0,24.3,20.5,0.5,0.3,0.1,90,104.0,26.0,3.9,0,0,0,0,0,0.0,0,-7.16,-8.8,1.64,2.2,4.0,2.0,1.0,50,0.0,0.0,0,0.0,0.0,0,0.0,0.0,4.0,1.0,0.0,1.0,3.0,3.0,5.0
Manchester Basketball,Cody John,5,Cody John,3,18.2,54.7,17.0,5.7,8.0,21.0,38.1,0.0,7.0,0,1.0,1.0,100,0.0,5.0,5.0,3.0,2.0,0.0,4.0,7.0,24.4,22.5,0.6,0.1,0.2,6,23.0,7.7,0.8,0,0.0,1,0,0.0,1.0,1,-10.31,-11.74,1.43,2.6,4.6,1.0,0.0,0,0.0,0.0,0,0.0,0.0,0,0.0,0.0,1.0,2.0,0.0,1.0,0.0,3.0,4.0
Caledonia Gladiators,Andrew Michael Gordon,33/38,Andrew Michael Gordon,3,12.9,38.8,12.0,4.0,6.0,11.0,54.5,0.0,2.0,0,0.0,3.0,0,2.0,7.0,9.0,2.0,1.0,3.0,6.0,11.0,15.7,21.0,0.5,0.1,0.3,4,16.0,5.3,0.6,0,0.0,0,2,0.0,0.9,1,-12.59,-15.81,3.22,4.6,4.1,3.0,2.0,66.7,0.0,0.0,0,0.0,0.0,0,0.0,0.0,1.0,2.0,0.0,3.0,4.0,0.0,0.0
Surrey 89ers,Di-Jani Parkinson,33/9,Di-Jani Parkinson,3,4.1,12.3,2.0,0.7,0.0,4.0,0,0.0,1.0,0,2.0,2.0,100,0.0,0.0,0.0,1.0,0.0,0.0,0.0,2.0,4.7,19.7,0.1,0.0,0.0,21,23.0,7.7,0.8,0,0,0,0,0,0.0,0,-17.41,-14.65,-2.76,2.8,4.2,2.0,0.0,0,0.0,0.0,0,0.0,0.0,0,0.0,0.0,0.0,0.0,0.0,0.0,0.0,2.0,0.0
Newcastle Eagles,Terrell Burden,1,Terrell Burden,1,19.4,19.4,3.0,3.0,1.0,4.0,25,0.0,2.0,0,1.0,2.0,50,0.0,2.0,2.0,5.0,3.0,0.0,3.0,5.0,7.6,19.4,0.1,0.2,0.1,207,210.0,210.0,7.0,0,0,0,0,0,0.0,0,-4.34,-13.09,8.75,2.1,3.5,0.0,0.0,0,0.0,0.0,0,0.0,0.0,0,0.0,0.0,1.0,1.0,0.0,1.0,0.0,2.0,2.0
