Team,Player_Number,Player_Name,Conference,Games,MPG,MIN,PTS,PPG,FGM,FGA,FG%,3PM,3PA,3P%,FTM,FTA,FT%,OREB,DREB,REB,AST,STL,BLK,TOV,PF,eFG%,TS%,USG%,ORtg,PTS/100,3PA/100,ORB%,DRB%,TRB%,AST%,STL%,BLK%,TOV%,FTr,BPM,OBPM,DBPM,RIM_ATT,RIM_MADE,RIM%,OTD_2PT_ATT,OTD_2PT_MADE,OTD_2PT%,OTD_3PT_ATT,OTD_3PT_MADE,OTD_3PT%,PASS_TO,DRIBBLE_TO,DEFENSE_TO,MISC_TO,RIM_ATT_VS,RIM_MADE_VS,RIM%_VS,OTD_2PT_ATT_VS,OTD_2PT_MADE_VS,OTD_2PT%_VS,OTD_3PT_ATT_VS,OTD_3PT_MADE_VS,OTD_3PT%_VS,PASS_TO_VS,DRIBBLE_TO_VS,DEFENSE_TO_VS,MISC_TO_VS
Crvena Zvezda Meridian Belgrade,6,Jared Butler,,1,22.1,22.1,21,21.0,7,12,58.3,7,9,77.8,0,0,0,0,2,2,4,0,1,2,1,87.5,87.5,30.5,150.0,29.0,12.4,0.0,11.7,5.8,35.7,0.0,5.3,14.3,0.0,19.49,14.98,4.51,0,0,0,3,0,0,9,7,77.8,0,0,0,2,0,0,0,0,0,0,0,0,0,0,0,0,0
Crvena Zvezda Meridian Belgrade,0,Codi Miller-Mcintyre,,1,29.2,29.2,12,12.0,5,9,55.6,2,5,40.0,0,2,0.0,0,6,6,6,0,0,1,1,66.7,60.7,18.0,110.3,16.6,6.9,0.0,26.5,13.1,31.5,0.0,0.0,9.2,0.22,11.59,7.45,4.14,0,0,0,4,3,75,5,2,40,0,0,0,1,0,0,0,0,0,0,0,0,0,0,0,0,0
Zalgiris Kaunas,3,Sylvain Francisco,,42,27.8,1166.6,694,16.5,209,480,43.5,113,293,38.6,163,204,79.9,20,101,121,275,42,14,119,85,55.3,60.9,28.5,100.8,22.8,9.6,2.3,11.3,6.8,39.9,2.0,1.1,17.3,0.42,10.72,6.76,3.96,0,0,0,187,96,51.3,293,113,38.6,0,0,0,119,0,0,0,0,0,0,0,0,0,0,0,0,0
Crvena Zvezda Meridianbet Belgrade,15,Izundu Ebuka,,1,20.9,20.9,14,14.0,7,7,100.0,0,0,0,0,0,0,2,1,3,1,1,0,1,1,100.0,100.0,19.0,175.0,19.8,0.0,12.8,7.1,10.1,9.3,2.6,0.0,12.5,0.0,10.17,6.3,3.87,0,0,0,7,7,100,0,0,0,0,0,0,1,0,0,0,0,0,0,0,0,0,0,0,0,0
Olympiacos Piraeus,14,Sasha Vezenkov,,39,27.8,1085.6,740,19.0,258,477,54.1,70,173,40.5,154,173,89.0,55,195,250,49,22,4,44,34,61.4,66.9,26.0,123.9,25.8,6.0,6.8,22.0,14.8,8.4,1.1,0.4,7.4,0.36,9.98,7.03,2.96,0,0,0,304,188,61.8,173,70,40.5,0,0,0,44,0,0,0,0,0,0,0,0,0,0,0,0,0
Olympiacos Piraeus,33,Nikola Milutinov,,40,21.5,861.3,407,10.2,141,211,66.8,0,3,0.0,125,160,78.1,126,161,287,54,24,23,28,25,66.8,72.3,17.0,131.5,13.8,0.1,19.7,23.1,21.4,10.2,1.5,3.0,9.0,0.76,9.41,6.0,3.41,0,0,0,208,141,67.8,3,0,0,0,0,0,28,0,0,0,0,0,0,0,0,0,0,0,0,0
Valencia Basket,8,Jean Montero,,38,23.0,873.7,546,14.4,172,411,41.8,68,210,32.4,134,152,88.2,30,84,114,184,40,13,53,53,50.1,57.1,27.8,102.8,19.1,7.4,4.1,11.9,8.0,34.7,2.5,1.6,10.0,0.37,9.38,5.68,3.71,0,0,0,201,104,51.7,210,68,32.4,0,0,0,53,0,0,0,0,0,0,0,0,0,0,0,0,0
Real Madrid,7,Facundo Campazzo,,44,24.4,1073.1,528,12.0,159,364,43.7,96,228,42.1,114,135,84.4,13,71,84,224,50,0,90,94,56.9,62.4,22.6,102.8,16.4,7.1,1.6,8.2,5.0,33.5,2.6,0.0,17.5,0.37,8.87,4.95,3.92,0,0,0,136,63,46.3,228,96,42.1,0,0,0,90,0,0,0,0,0,0,0,0,0,0,0,0,0
Crvena Zvezda Meridian Belgrade,21,Joel Bolomboy,,1,16.6,16.6,9,9.0,4,8,50.0,0,0,0,1,3,33.3,2,5,7,2,2,0,0,2,50.0,48.3,26.9,96.6,12.4,0.0,15.0,38.7,26.7,20.5,6.7,0.0,0.0,0.38,8.15,3.89,4.27,0,0,0,8,4,50,0,0,0,0,0,0,0,0,0,0,0,0,0,0,0,0,0,0,0,0
AS Monaco,55,Mike James,,39,29.9,1167.5,640,16.4,200,473,42.3,55,168,32.7,185,215,86.0,15,121,136,252,34,4,98,74,48.1,56.4,27.0,96.2,21.9,5.8,1.6,13.0,7.4,36.0,1.6,0.4,14.7,0.45,7.74,4.57,3.17,0,0,0,305,145,47.5,168,55,32.7,0,0,0,98,0,0,0,0,0,0,0,0,0,0,0,0,0
Olympiacos Piraeus,0,Thomas Walkup,,37,24.0,888.8,196,5.3,70,170,41.2,36,98,36.7,20,26,76.9,24,74,98,212,33,1,55,87,51.8,54.0,12.6,82.9,7.2,3.6,3.6,10.3,7.0,34.1,2.0,0.1,23.3,0.15,7.6,3.26,4.34,0,0,0,72,34,47.2,98,36,36.7,0,0,0,55,0,0,0,0,0,0,0,0,0,0,0,0,0
Dubai Basketball,25,Mckinley Wright Iv,,38,29.6,1123.0,482,12.7,172,333,51.7,28,74,37.8,110,129,85.3,16,86,102,232,37,7,76,105,55.9,61.8,19.8,103.5,17.1,2.6,1.9,9.5,5.9,34.3,1.8,0.6,16.3,0.39,7.38,4.08,3.3,0,0,0,259,144,55.6,74,28,37.8,0,0,0,76,0,0,0,0,0,0,0,0,0,0,0,0,0
Fenerbahce Beko Istanbul,2,Wade Baldwin Iv,,42,25.8,1085.6,589,14.0,211,463,45.6,39,133,29.3,128,163,78.5,28,106,134,230,28,18,98,68,49.8,55.1,28.2,93.1,19.6,4.4,3.5,12.4,8.1,40.2,1.4,1.7,15.5,0.35,7.2,3.22,3.97,0,0,0,330,172,52.1,133,39,29.3,0,0,0,98,0,0,0,0,0,0,0,0,0,0,0,0,0
Crvena Zvezda Meridianbet Belgrade,0,Codi Miller-Mcintyre,,38,31.0,1177.3,478,12.6,181,424,42.7,67,204,32.8,49,79,62.0,32,136,168,283,38,2,108,98,50.6,52.1,22.0,84.3,16.7,7.1,3.5,14.8,9.1,39.0,1.7,0.2,19.1,0.19,7.07,3.02,4.04,0,0,0,220,114,51.8,204,67,32.8,0,0,0,108,0,0,0,0,0,0,0,0,0,0,0,0,0
Real Madrid,22,Walter Tavares,,39,22.8,887.6,373,9.6,142,206,68.9,0,0,0,89,122,73.0,99,159,258,22,22,72,64,96,68.9,71.8,17.3,115.2,13.2,0.0,14.7,22.4,18.7,4.1,1.4,8.6,19.8,0.59,7.04,3.34,3.7,0,0,0,206,142,68.9,0,0,0,0,0,0,64,0,0,0,0,0,0,0,0,0,0,0,0,0
Crvena Zvezda Meridian Belgrade,95,Chima Moneke,,1,24.8,24.8,12,12.0,5,8,62.5,0,0,0,2,4,50.0,0,4,4,2,1,0,1,2,62.5,61.5,20.9,111.5,16.6,0.0,0.0,20.8,10.2,12.9,2.2,0.0,9.3,0.5,6.93,3.32,3.6,0,0,0,8,5,62.5,0,0,0,0,0,0,1,0,0,0,0,0,0,0,0,0,0,0,0,0
Panathinaikos AKTOR Athens,10,Kostas Sloukas,,38,21.3,810.5,364,9.6,115,266,43.2,48,128,37.5,86,95,90.5,14,60,74,195,28,2,48,73,52.3,59.1,21.1,102.3,13.2,4.6,2.2,9.8,5.9,37.2,1.9,0.3,13.5,0.36,6.88,3.92,2.96,0,0,0,138,67,48.6,128,48,37.5,0,0,0,48,0,0,0,0,0,0,0,0,0,0,0,0,0
Real Madrid,0,Trey Lyles,,44,20.2,890.0,565,12.8,188,368,51.1,68,148,45.9,121,154,78.6,45,145,190,64,23,20,54,76,60.3,64.8,26.0,115.4,17.6,4.6,6.6,20.2,13.5,12.9,1.4,2.4,11.0,0.42,6.83,4.28,2.55,0,0,0,220,120,54.5,148,68,45.9,0,0,0,54,0,0,0,0,0,0,0,0,0,0,0,0,0
Olympiacos Piraeus,22,Tyler Dorsey,,43,25.2,1082.1,682,15.9,224,502,44.6,107,277,38.6,127,161,78.9,22,77,99,111,31,4,82,80,55.3,59.5,28.7,104.1,21.5,8.7,2.7,8.8,5.9,18.2,1.6,0.4,12.5,0.32,6.77,4.47,2.29,0,0,0,225,117,52,277,107,38.6,0,0,0,82,0,0,0,0,0,0,0,0,0,0,0,0,0
Baskonia Vitoria-Gasteiz,9,Timothe Luwawu-Cabarrot,,11,27.5,302.8,219,19.9,72,135,53.3,39,81,48.1,36,40,90.0,5,30,35,21,13,2,22,33,67.8,71.8,27.0,125.4,26.2,9.7,2.2,12.1,7.4,12.9,2.3,0.6,12.6,0.3,6.74,5.22,1.52,0,0,0,54,33,61.1,81,39,48.1,0,0,0,22,0,0,0,0,0,0,0,0,0,0,0,0,0
Valencia Basket,13,Darius Thompson,,44,18.8,828.6,395,9.0,143,304,47.0,68,169,40.2,41,48,85.4,36,46,82,137,42,12,44,75,58.2,60.7,20.3,107.0,11.8,5.1,5.3,7.0,6.1,26.2,2.7,1.5,11.9,0.16,6.72,3.7,3.01,0,0,0,135,75,55.6,169,68,40.2,0,0,0,44,0,0,0,0,0,0,0,0,0,0,0,0,0
Crvena Zvezda Meridian Belgrade,12,Nikola Kalinic,,1,22.4,22.4,9,9.0,3,6,50.0,2,3,66.7,1,2,50.0,4,3,7,1,0,0,1,3,66.7,65.4,16.9,114.2,12.4,4.1,22.3,17.2,19.8,6.4,0.0,0.0,12.7,0.33,6.55,5.49,1.06,0,0,0,3,1,33.3,3,2,66.7,0,0,0,1,0,0,0,0,0,0,0,0,0,0,0,0,0
Hapoel IBI Tel Aviv,25,Dan Oturu,,42,23.9,1003.5,585,13.9,252,356,70.8,0,1,0.0,81,126,64.3,105,133,238,35,20,57,60,114,70.8,71.1,22.9,124.1,18.8,0.0,14.7,16.7,15.7,6.4,1.1,5.8,12.7,0.35,6.52,3.7,2.82,0,0,0,355,252,71,1,0,0,0,0,0,60,0,0,0,0,0,0,0,0,0,0,0,0,0
Zalgiris Kaunas,7,Moses Wright,,42,23.6,992.7,555,13.2,217,361,60.1,11,36,30.6,110,150,73.3,100,172,272,35,26,37,64,86,61.6,65.0,23.8,113.0,18.3,1.2,13.3,22.5,17.9,6.4,1.5,3.5,13.0,0.42,6.3,3.9,2.4,0,0,0,325,206,63.4,36,11,30.6,0,0,0,64,0,0,0,0,0,0,0,0,0,0,0,0,0
Hapoel IBI Tel Aviv,3,Elijah Bryant,,38,29.5,1120.2,584,15.4,207,393,52.7,45,121,37.2,125,140,89.3,33,165,198,124,25,5,84,79,58.4,64.2,23.4,108.4,20.8,4.3,4.1,18.4,11.7,17.9,1.2,0.5,15.6,0.36,6.25,3.5,2.75,0,0,0,272,162,59.6,121,45,37.2,0,0,0,84,0,0,0,0,0,0,0,0,0,0,0,0,0
Olympiacos Piraeus,45,Donta Hall,,42,13.8,579.9,259,6.2,101,132,76.5,0,1,0.0,57,75,76.0,66,109,175,24,17,33,20,66,76.5,78.5,15.1,140.0,8.4,0.0,15.2,23.1,19.3,7.0,1.6,6.3,10.8,0.57,6.22,3.12,3.1,0,0,0,131,101,77.1,1,0,0,0,0,0,20,0,0,0,0,0,0,0,0,0,0,0,0,0
Valencia Basket,1,Kameron Taylor,,40,24.1,962.1,470,11.8,171,338,50.6,58,150,38.7,70,85,82.4,44,134,178,82,37,12,61,84,59.2,62.6,20.6,107.7,15.4,4.9,5.6,17.7,11.5,13.6,2.0,1.3,14.0,0.25,6.21,3.28,2.93,0,0,0,188,113,60.1,150,58,38.7,0,0,0,61,0,0,0,0,0,0,0,0,0,0,0,0,0
Crvena Zvezda Meridianbet Belgrade,95,Chima Moneke,,35,26.2,917.0,474,13.5,151,272,55.5,23,67,34.3,149,191,78.0,60,163,223,67,35,14,62,90,59.7,66.6,20.8,113.4,17.9,2.5,8.4,22.7,15.6,12.0,2.0,1.7,14.8,0.7,6.21,2.68,3.53,0,0,0,205,128,62.4,67,23,34.3,0,0,0,62,0,0,0,0,0,0,0,0,0,0,0,0,0
FC Barcelona,13,Tomas Satoransky,,37,24.9,921.7,259,7.0,90,183,49.2,46,94,48.9,33,45,73.3,30,94,124,158,27,5,51,71,61.7,63.9,13.4,102.0,9.7,3.5,4.3,13.7,9.0,25.9,1.7,0.6,20.1,0.25,6.18,3.08,3.11,0,0,0,89,44,49.4,94,46,48.9,0,0,0,51,0,0,0,0,0,0,0,0,0,0,0,0,0
LDLC ASVEL Villeurbanne,12,Nando De Colo,,13,20.6,268.4,177,13.6,48,96,50.0,22,55,40.0,59,60,98.3,3,24,27,61,13,1,36,21,61.5,72.3,27.7,111.7,18.0,5.6,1.4,11.9,6.4,42.4,2.7,0.4,22.7,0.62,6.14,2.83,3.31,0,0,0,41,26,63.4,55,22,40,0,0,0,36,0,0,0,0,0,0,0,0,0,0,0,0,0
Panathinaikos AKTOR Athens,25,Kendrick Nunn,,37,29.7,1100.0,676,18.3,256,508,50.4,76,200,38.0,88,99,88.9,21,79,100,130,37,2,109,100,57.9,61.3,28.7,102.3,25.0,7.4,2.4,9.3,5.8,21.0,1.8,0.2,16.5,0.19,6.03,3.86,2.17,0,0,0,308,180,58.4,200,76,38,0,0,0,109,0,0,0,0,0,0,0,0,0,0,0,0,0
Crvena Zvezda Meridian Belgrade,33,Jordan Nwora,,1,25.5,25.5,14,14.0,5,11,45.5,0,3,0.0,4,5,80.0,2,1,3,2,0,0,0,1,45.5,53.0,24.9,106.1,19.3,4.1,9.8,5.1,7.5,12.5,0.0,0.0,0.0,0.45,5.93,5.21,0.72,0,0,0,8,5,62.5,3,0,0,0,0,0,0,0,0,0,0,0,0,0,0,0,0,0,0,0
Paris Basketball,5,Justin Robinson,,36,19.0,683.0,526,14.6,159,382,41.6,68,198,34.3,140,169,82.8,11,43,54,163,32,2,74,68,50.5,57.6,34.0,99.2,18.7,7.0,1.9,7.7,4.7,44.2,2.4,0.3,14.0,0.44,5.85,3.53,2.32,0,0,0,184,91,49.5,198,68,34.3,0,0,0,74,0,0,0,0,0,0,0,0,0,0,0,0,0
Hapoel IBI Tel Aviv,1,Chris Jones,,42,20.5,859.0,419,10.0,152,318,47.8,58,137,42.3,57,65,87.7,8,78,86,175,38,1,68,59,56.9,60.4,23.5,101.1,13.4,4.4,1.3,11.4,6.6,32.9,2.4,0.1,16.4,0.2,5.85,3.01,2.84,0,0,0,181,94,51.9,137,58,42.3,0,0,0,68,0,0,0,0,0,0,0,0,0,0,0,0,0
Paris Basketball,2,Nadir Hifi,,37,22.3,823.9,699,18.9,218,525,41.5,87,248,35.1,176,209,84.2,12,73,85,139,35,1,87,70,49.8,56.6,37.4,99.3,24.2,8.6,1.7,10.9,6.2,33.0,2.2,0.1,12.4,0.4,5.72,3.86,1.86,0,0,0,277,131,47.3,248,87,35.1,0,0,0,87,0,0,0,0,0,0,0,0,0,0,0,0,0
FC Barcelona,0,Kevin Punter,,39,27.2,1059.8,577,14.8,194,425,45.6,79,191,41.4,110,127,86.6,17,53,70,100,39,1,66,68,54.9,60.0,25.3,105.5,20.6,6.8,2.1,6.8,4.4,16.4,2.1,0.1,12.1,0.3,5.71,3.75,1.96,0,0,0,234,115,49.1,191,79,41.4,0,0,0,66,0,0,0,0,0,0,0,0,0,0,0,0,0
Panathinaikos AKTOR Athens,11,Nigel Hayes-Davis,,16,28.6,456.8,226,14.1,79,185,42.7,30,88,34.1,38,44,86.4,23,32,55,30,18,4,14,33,50.8,55.3,23.0,103.5,19.4,7.5,6.4,9.2,7.7,10.2,2.2,1.0,6.4,0.24,5.65,3.97,1.69,0,0,0,97,49,50.5,88,30,34.1,0,0,0,14,0,0,0,0,0,0,0,0,0,0,0,0,0
Dubai Basketball,17,Mfiondu Kabengele,,36,22.2,801.0,511,14.2,197,350,56.3,21,65,32.3,96,117,82.1,72,146,218,43,26,26,36,93,59.3,63.6,26.1,116.8,19.1,2.4,12.0,22.5,17.5,10.6,1.8,3.2,8.2,0.33,5.61,3.83,1.79,0,0,0,285,176,61.8,65,21,32.3,0,0,0,36,0,0,0,0,0,0,0,0,0,0,0,0,0
LDLC ASVEL Villeurbanne,6,Braian Angola,,15,24.4,365.6,230,15.3,62,145,42.8,24,75,32.0,82,96,85.4,5,40,45,58,15,0,27,32,51.0,61.4,28.0,107.4,21.0,6.8,1.7,15.6,8.0,29.4,2.2,0.0,12.6,0.66,5.51,2.62,2.9,0,0,0,70,38,54.3,75,24,32,0,0,0,27,0,0,0,0,0,0,0,0,0,0,0,0,0
Dubai Basketball,13,Dzanan Musa,,18,26.7,480.4,258,14.3,82,176,46.6,27,75,36.0,67,76,88.2,23,43,66,57,10,3,29,36,54.3,61.6,23.7,108.2,19.0,5.5,6.7,10.7,8.8,19.1,1.1,0.6,12.2,0.43,5.51,4.28,1.23,0,0,0,101,55,54.5,75,27,36,0,0,0,29,0,0,0,0,0,0,0,0,0,0,0,0,0
Olympiacos Piraeus,94,Evan Fournier,,39,21.9,855.5,454,11.6,152,375,40.5,87,236,36.9,63,78,80.8,17,64,81,114,30,2,67,83,52.1,55.5,26.4,95.3,15.8,8.2,2.7,9.3,6.1,22.4,1.9,0.3,14.1,0.21,5.48,3.11,2.37,0,0,0,139,65,46.8,236,87,36.9,0,0,0,67,0,0,0,0,0,0,0,0,0,0,0,0,0
Valencia Basket,3,Nathan Reuvers,,44,19.1,838.5,457,10.4,167,282,59.2,51,123,41.5,72,108,66.7,48,98,146,19,22,31,29,110,68.3,69.3,19.5,127.5,13.7,3.7,7.0,14.7,10.8,3.7,1.4,3.9,8.1,0.38,5.45,2.97,2.47,0,0,0,159,116,73,123,51,41.5,0,0,0,29,0,0,0,0,0,0,0,0,0,0,0,0,0
Zalgiris Kaunas,1,Nigel Williams-Goss,,31,24.1,745.9,358,11.5,140,304,46.1,30,78,38.5,48,61,78.7,13,61,74,120,29,2,45,68,51.0,54.1,24.3,95.3,16.0,3.5,2.3,10.7,6.5,27.6,2.2,0.3,12.0,0.2,5.39,2.86,2.53,0,0,0,226,110,48.7,78,30,38.5,0,0,0,45,0,0,0,0,0,0,0,0,0,0,0,0,0
FC Barcelona,23,Tornike Shengelia,,34,24.9,848.2,422,12.4,152,283,53.7,23,63,36.5,95,116,81.9,51,106,157,90,26,11,62,97,57.8,63.2,22.8,106.6,17.4,2.6,8.0,17.1,12.5,18.3,1.7,1.4,15.7,0.41,5.36,2.73,2.64,0,0,0,220,129,58.6,63,23,36.5,0,0,0,62,0,0,0,0,0,0,0,0,0,0,0,0,0
Real Madrid,8,Chuma Okeke,,43,17.9,770.0,242,5.6,90,191,47.1,49,127,38.6,13,19,68.4,63,104,167,34,25,21,14,41,59.9,60.7,13.1,113.4,7.7,4.0,10.6,16.8,13.8,6.8,1.8,2.9,6.6,0.1,5.3,3.13,2.16,0,0,0,64,41,64.1,127,49,38.6,0,0,0,14,0,0,0,0,0,0,0,0,0,0,0,0,0
Anadolu Efes Istanbul,0,Shane Larkin,,11,30.1,331.2,167,15.2,56,121,46.3,25,58,43.1,30,33,90.9,5,20,25,47,3,0,26,10,56.6,61.6,24.3,103.4,21.2,7.4,2.0,8.6,5.1,26.7,0.5,0.0,16.1,0.27,5.28,3.64,1.64,0,0,0,63,31,49.2,58,25,43.1,0,0,0,26,0,0,0,0,0,0,0,0,0,0,0,0,0
Zalgiris Kaunas,10,Azuolas Tubelis,,42,22.7,953.1,508,12.1,205,352,58.2,32,79,40.5,66,93,71.0,65,125,190,35,23,28,49,112,62.8,64.6,22.4,115.0,16.7,2.6,9.0,17.0,13.0,6.6,1.4,2.8,11.1,0.26,5.23,3.13,2.1,0,0,0,273,173,63.4,79,32,40.5,0,0,0,49,0,0,0,0,0,0,0,0,0,0,0,0,0
Olympiacos Piraeus,88,Tyrique Jones,,18,13.3,239.5,106,5.9,36,53,67.9,0,0,0,34,50,68.0,26,34,60,18,16,7,16,38,67.9,70.7,17.9,116.5,7.8,0.0,14.3,17.9,16.1,11.9,3.6,3.4,17.6,0.94,5.22,2.07,3.14,0,0,0,53,36,67.9,0,0,0,0,0,0,16,0,0,0,0,0,0,0,0,0,0,0,0,0
Partizan Mozzart Bet Belgrade,1,Carlik Jones,,14,28.1,392.8,221,15.8,77,168,45.8,12,41,29.3,55,61,90.2,11,32,43,65,11,4,25,29,49.4,56.7,27.3,100.5,21.4,4.0,3.7,11.1,7.3,30.1,1.6,1.1,11.4,0.36,5.19,2.57,2.62,0,0,0,127,65,51.2,41,12,29.3,0,0,0,25,0,0,0,0,0,0,0,0,0,0,0,0,0
AS Monaco,11,Alpha Diallo,,42,27.9,1172.3,500,11.9,187,382,49.0,44,140,31.4,82,103,79.6,62,122,184,57,57,19,44,100,54.7,58.5,19.0,106.1,15.9,4.4,6.8,13.0,9.9,7.9,2.6,1.7,9.3,0.27,5.15,2.69,2.46,0,0,0,242,143,59.1,140,44,31.4,0,0,0,44,0,0,0,0,0,0,0,0,0,0,0,0,0
Real Madrid,12,Theo Maledon,,38,17.0,646.5,356,9.4,103,226,45.6,24,75,32.0,126,145,86.9,17,67,84,112,20,3,51,76,50.9,61.4,24.9,104.5,12.8,2.7,3.4,12.9,8.2,28.1,1.7,0.5,15.0,0.64,5.12,2.54,2.58,0,0,0,151,79,52.3,75,24,32,0,0,0,51,0,0,0,0,0,0,0,0,0,0,0,0,0
Baskonia Vitoria-Gasteiz,11,Trent Forrest,,4,24.5,98.0,46,11.5,14,34,41.2,2,10,20.0,16,17,94.1,7,12,19,23,4,1,5,7,44.1,55.4,20.6,99.0,14.2,3.1,9.1,13.4,11.4,36.8,2.0,0.9,10.8,0.5,5.08,3.33,1.75,0,0,0,24,12,50,10,2,20,0,0,0,5,0,0,0,0,0,0,0,0,0,0,0,0,0
AS Monaco,33,Nikola Mirotic,,31,19.0,590.5,342,11.0,109,228,47.8,46,117,39.3,78,95,82.1,30,103,133,42,22,10,22,73,57.9,63.4,23.2,117.2,14.6,5.0,6.5,21.8,14.2,11.7,2.0,1.7,7.5,0.42,5.01,2.96,2.05,0,0,0,111,63,56.8,117,46,39.3,0,0,0,22,0,0,0,0,0,0,0,0,0,0,0,0,0
AS Monaco,0,Elie Okobo,,42,25.6,1073.8,470,11.2,171,406,42.1,51,151,33.8,77,92,83.7,9,92,101,204,39,3,66,99,48.4,52.6,22.6,91.7,14.9,4.8,1.1,10.7,5.9,30.7,2.0,0.3,12.9,0.23,5.01,2.43,2.58,0,0,0,255,120,47.1,151,51,33.8,0,0,0,66,0,0,0,0,0,0,0,0,0,0,0,0,0
FC Barcelona,21,Will Clyburn,,33,25.6,843.6,454,13.8,156,337,46.3,65,168,38.7,77,106,72.6,30,107,137,54,35,5,58,58,55.9,59.2,25.3,102.8,19.0,7.0,4.6,17.4,10.8,11.2,2.3,0.6,13.1,0.31,4.99,3.04,1.96,0,0,0,169,91,53.8,168,65,38.7,0,0,0,58,0,0,0,0,0,0,0,0,0,0,0,0,0
Panathinaikos AKTOR Athens,41,Juancho Hernangomez,,44,24.5,1076.4,350,8.0,130,265,49.1,54,149,36.2,36,48,75.0,92,193,285,32,33,12,24,54,59.2,61.2,13.9,112.9,10.9,4.7,10.7,23.4,17.0,4.5,1.7,1.2,7.7,0.18,4.99,3.24,1.75,0,0,0,116,76,65.5,149,54,36.2,0,0,0,24,0,0,0,0,0,0,0,0,0,0,0,0,0
Olympiacos Piraeus,25,Alec Peters,,43,15.2,652.9,323,7.5,108,198,54.5,41,98,41.8,66,79,83.5,25,97,122,43,20,1,34,80,64.9,69.4,19.4,121.1,10.2,3.1,5.1,18.4,12.0,10.9,1.7,0.2,12.7,0.4,4.89,2.44,2.45,0,0,0,100,67,67,98,41,41.8,0,0,0,34,0,0,0,0,0,0,0,0,0,0,0,0,0
Zalgiris Kaunas,51,Arnas Butkevicius,,38,18.0,685.2,200,5.3,71,128,55.5,39,77,50.6,19,23,82.6,22,77,99,46,34,9,16,73,70.7,72.4,10.8,129.8,7.3,2.8,4.2,14.7,9.5,10.1,2.8,1.2,10.4,0.18,4.89,2.32,2.57,0,0,0,51,32,62.7,77,39,50.6,0,0,0,16,0,0,0,0,0,0,0,0,0,0,0,0,0
Fenerbahce Beko Istanbul,12,Nando De Colo,,17,17.4,296.0,167,9.8,55,99,55.6,22,47,46.8,35,36,97.2,3,21,24,40,4,0,25,32,66.7,72.7,23.1,119.4,13.8,3.9,1.4,8.8,5.4,24.8,0.8,0.0,17.9,0.36,4.84,2.06,2.78,0,0,0,52,33,63.5,47,22,46.8,0,0,0,25,0,0,0,0,0,0,0,0,0,0,0,0,0
EA7 Emporio Armani Milan,16,Zach Leday,,30,24.6,738.7,394,13.1,127,251,50.6,51,103,49.5,89,108,82.4,26,100,126,27,15,10,29,49,60.8,66.0,21.8,120.3,18.1,4.7,4.8,18.1,11.6,6.3,1.1,1.3,8.9,0.43,4.82,3.93,0.89,0,0,0,148,76,51.4,103,51,49.5,0,0,0,29,0,0,0,0,0,0,0,0,0,0,0,0,0
Crvena Zvezda Meridianbet Belgrade,33,Jordan Nwora,,33,27.2,896.9,562,17.0,198,420,47.1,62,171,36.3,104,129,80.6,22,126,148,52,38,9,76,65,54.5,58.9,28.2,101.7,22.5,6.9,3.1,18.1,10.5,10.6,2.3,1.2,13.7,0.31,4.82,2.3,2.52,0,0,0,249,136,54.6,171,62,36.3,0,0,0,76,0,0,0,0,0,0,0,0,0,0,0,0,0
Panathinaikos AKTOR Athens,6,Cedi Osman,,39,27.3,1065.0,502,12.9,160,340,47.1,64,168,38.1,118,144,81.9,20,116,136,47,28,3,31,99,56.5,62.2,19.6,115.6,17.6,5.9,2.4,14.3,8.2,6.9,1.4,0.3,7.1,0.42,4.71,2.94,1.77,0,0,0,172,96,55.8,168,64,38.1,0,0,0,31,0,0,0,0,0,0,0,0,0,0,0,0,0
AS Monaco,32,Matthew Strazel,,43,24.3,1045.5,395,9.2,118,275,42.9,54,150,36.0,105,125,84.0,16,67,83,167,34,1,74,89,52.7,59.8,18.3,97.8,12.2,4.6,2.0,8.0,5.0,24.0,1.8,0.1,18.3,0.45,4.58,2.31,2.27,0,0,0,125,64,51.2,150,54,36,0,0,0,74,0,0,0,0,0,0,0,0,0,0,0,0,0
EA7 Emporio Armani Milan,3,Quinn Ellis,,36,25.4,912.8,296,8.2,107,218,49.1,23,61,37.7,59,72,81.9,33,71,104,161,27,4,61,81,54.4,59.3,16.8,95.3,11.4,2.3,4.9,10.3,7.6,28.2,1.6,0.4,19.6,0.33,4.56,2.61,1.96,0,0,0,157,84,53.5,61,23,37.7,0,0,0,61,0,0,0,0,0,0,0,0,0,0,0,0,0
Fenerbahce Beko Istanbul,50,Bonzie Colson,,40,16.9,674.9,283,7.1,95,194,49.0,49,101,48.5,44,49,89.8,32,87,119,31,23,15,20,47,61.6,65.6,16.9,120.1,9.9,3.5,6.4,16.5,11.6,7.9,1.9,2.3,8.5,0.25,4.54,1.76,2.78,0,0,0,93,46,49.5,101,49,48.5,0,0,0,20,0,0,0,0,0,0,0,0,0,0,0,0,0
Virtus Bologna,1,Luca Vildoza,,31,21.3,659.6,235,7.6,85,188,45.2,36,103,35.0,29,35,82.9,11,57,68,136,43,0,45,65,54.8,57.8,18.3,94.6,10.5,4.6,2.3,11.3,6.9,33.9,3.6,0.0,18.1,0.19,4.52,1.51,3.01,0,0,0,85,49,57.6,103,36,35,0,0,0,45,0,0,0,0,0,0,0,0,0,0,0,0,0
Real Madrid,11,Mario Hezonja,,44,22.6,994.9,587,13.3,214,502,42.6,68,222,30.6,91,113,80.5,27,151,178,106,37,2,76,75,49.4,53.2,29.8,93.5,18.3,6.9,3.5,18.8,11.3,19.2,2.0,0.2,12.1,0.23,4.51,2.51,2.0,0,0,0,280,146,52.1,222,68,30.6,0,0,0,76,0,0,0,0,0,0,0,0,0,0,0,0,0
Fenerbahce Beko Istanbul,8,Talen Horton Tucker,,41,23.8,977.3,643,15.7,233,489,47.6,40,151,26.5,137,181,75.7,45,109,154,89,29,20,87,99,51.7,56.5,32.4,98.1,21.9,5.1,6.2,14.2,10.3,18.8,1.7,2.1,13.3,0.37,4.49,1.74,2.74,0,0,0,338,193,57.1,151,40,26.5,0,0,0,87,0,0,0,0,0,0,0,0,0,0,0,0,0
Panathinaikos AKTOR Athens,22,Jerian Grant,,42,23.6,993.3,290,6.9,107,238,45.0,32,93,34.4,44,54,81.5,21,49,70,149,46,2,42,100,51.7,55.4,14.8,95.5,9.5,3.1,2.7,6.4,4.5,22.3,2.6,0.2,13.8,0.23,4.49,1.83,2.66,0,0,0,145,75,51.7,93,32,34.4,0,0,0,42,0,0,0,0,0,0,0,0,0,0,0,0,0
Kosner Baskonia Vitoria-Gasteiz,8,Tadas Sedekerskis,,2,14.8,29.5,14,7.0,5,7,71.4,2,4,50.0,2,3,66.7,0,9,9,4,1,0,2,0,85.7,84.1,18.0,135.7,9.8,2.8,0.0,35.3,20.1,22.8,1.9,0.0,19.4,0.43,4.46,3.07,1.39,0,0,0,3,3,100,4,2,50,0,0,0,2,0,0,0,0,0,0,0,0,0,0,0,0,0
Dubai Basketball,30,Filip Petrusev,,38,23.5,892.9,440,11.6,144,263,54.8,13,33,39.4,139,171,81.3,45,138,183,58,23,16,42,72,57.2,65.0,20.4,115.7,15.6,1.2,6.7,19.3,13.2,10.9,1.4,1.8,11.0,0.65,4.44,2.86,1.58,0,0,0,230,131,57,33,13,39.4,0,0,0,42,0,0,0,0,0,0,0,0,0,0,0,0,0
Olympiacos Piraeus,10,Moustapha Fall,,3,4.5,13.4,0,0.0,0,0,0,0,0,0,0,0,0,1,2,3,5,0,2,0,0,0,0,0.0,0,0.0,0.0,9.3,16.4,13.1,49.1,0.0,16.0,0,0,4.39,2.01,2.38,0,0,0,0,0,0,0,0,0,0,0,0,0,0,0,0,0,0,0,0,0,0,0,0,0,0
Anadolu Efes Istanbul,8,Nick Weiler-Babb,,37,28.1,1040.2,276,7.5,90,221,40.7,51,139,36.7,45,61,73.8,27,92,119,174,44,2,58,97,52.3,55.7,14.8,90.2,10.4,5.2,3.5,12.4,7.9,27.2,2.4,0.2,19.0,0.28,4.37,0.97,3.41,0,0,0,82,39,47.6,139,51,36.7,0,0,0,58,0,0,0,0,0,0,0,0,0,0,0,0,0
EA7 Emporio Armani Milan,12,Armoni Brooks,,38,22.5,856.6,496,13.1,176,388,45.4,102,245,41.6,42,51,82.4,28,106,134,54,23,10,36,93,58.5,60.4,25.7,111.1,18.1,8.9,4.4,16.4,10.5,11.7,1.5,1.2,8.1,0.13,4.37,3.69,0.68,0,0,0,143,74,51.7,245,102,41.6,0,0,0,36,0,0,0,0,0,0,0,0,0,0,0,0,0
EA7 Emporio Armani Milan,31,Shavon Shields,,36,26.2,941.4,443,12.3,149,337,44.2,67,179,37.4,78,89,87.6,24,88,112,95,25,3,50,69,54.2,58.9,22.3,104.0,17.0,6.9,3.4,12.4,7.9,17.2,1.5,0.3,11.7,0.26,4.27,3.33,0.94,0,0,0,158,82,51.9,179,67,37.4,0,0,0,50,0,0,0,0,0,0,0,0,0,0,0,0,0
Valencia Basket,4,Jaime Pradilla,,44,19.5,858.4,298,6.8,123,232,53.0,32,90,35.6,20,27,74.1,57,124,181,83,28,6,56,64,59.9,61.1,15.9,99.4,8.9,2.7,8.1,18.1,13.1,14.6,1.7,0.7,18.7,0.12,4.19,1.92,2.27,0,0,0,142,91,64.1,90,32,35.6,0,0,0,56,0,0,0,0,0,0,0,0,0,0,0,0,0
Valencia Basket,0,Brancou Badio,,40,20.5,819.8,446,11.2,156,366,42.6,71,211,33.6,63,73,86.3,32,71,103,90,24,7,62,84,52.3,56.0,25.6,96.9,14.7,6.9,4.8,10.8,7.8,17.9,1.6,0.9,13.5,0.2,4.17,2.39,1.78,0,0,0,155,85,54.8,211,71,33.6,0,0,0,62,0,0,0,0,0,0,0,0,0,0,0,0,0
Dubai Basketball,4,Aleksa Avramovic,,23,16.3,374.5,205,8.9,67,159,42.1,31,92,33.7,40,51,78.4,13,30,43,65,28,3,29,37,51.9,56.5,26.9,97.4,12.0,5.4,4.7,9.9,7.4,29.1,4.1,0.8,13.8,0.32,4.16,2.51,1.65,0,0,0,67,36,53.7,92,31,33.7,0,0,0,29,0,0,0,0,0,0,0,0,0,0,0,0,0
Real Madrid,14,Gabriel Deck,,41,20.4,836.5,290,7.1,107,195,54.9,24,71,33.8,52,63,82.5,41,104,145,49,16,2,31,68,61.0,65.1,14.3,114.3,9.7,2.4,6.4,15.3,11.0,9.1,1.0,0.3,12.2,0.32,4.15,2.16,1.98,0,0,0,124,83,66.9,71,24,33.8,0,0,0,31,0,0,0,0,0,0,0,0,0,0,0,0,0
Crvena Zvezda Meridian Belgrade,15,Ebuka Izundu,,1,12.5,12.5,6,6.0,1,2,50.0,0,0,0,4,5,80.0,1,3,4,0,0,0,0,2,50.0,71.4,16.1,142.9,8.3,0.0,10.0,30.9,20.3,0.0,0.0,0.0,0.0,2.5,4.14,2.46,1.69,0,0,0,2,1,50,0,0,0,0,0,0,0,0,0,0,0,0,0,0,0,0,0,0,0,0
Fenerbahce Beko Istanbul,4,Nicolo Melli,,35,23.7,831.1,251,7.2,95,201,47.3,45,107,42.1,16,29,55.2,51,146,197,55,27,17,47,96,58.5,58.7,15.2,96.3,10.0,4.3,8.4,22.1,15.5,10.9,1.8,2.1,18.0,0.14,4.11,0.68,3.42,0,0,0,94,50,53.2,107,45,42.1,0,0,0,47,0,0,0,0,0,0,0,0,0,0,0,0,0
AS Monaco,10,Daniel Theis,,38,20.5,779.9,367,9.7,142,241,58.9,16,59,27.1,67,83,80.7,63,128,191,33,17,32,35,111,62.2,66.1,19.0,117.4,12.9,2.1,10.3,20.5,15.4,7.2,1.2,4.3,11.2,0.34,4.09,2.0,2.09,0,0,0,182,126,69.2,59,16,27.1,0,0,0,35,0,0,0,0,0,0,0,0,0,0,0,0,0
FC Bayern Munich,0,Neno Dimitrijevic,,17,19.6,333.8,176,10.4,59,115,51.3,16,36,44.4,42,51,82.4,5,32,37,66,13,1,41,23,58.3,64.0,26.3,98.6,14.3,2.9,2.1,12.7,7.5,33.3,2.2,0.4,23.0,0.44,4.08,1.25,2.82,0,0,0,79,43,54.4,36,16,44.4,0,0,0,41,0,0,0,0,0,0,0,0,0,0,0,0,0
Real Madrid,24,Andres Feliz,,39,16.7,649.4,268,6.9,103,214,48.1,35,85,41.2,27,37,73.0,34,65,99,77,23,1,36,77,56.3,58.2,19.4,100.6,9.5,3.0,6.8,12.4,9.6,19.4,1.9,0.2,13.5,0.17,4.07,1.99,2.08,0,0,0,129,68,52.7,85,35,41.2,0,0,0,36,0,0,0,0,0,0,0,0,0,0,0,0,0
LDLC ASVEL Villeurbanne,30,Glynn Watson,,30,25.6,767.2,426,14.2,150,329,45.6,64,152,42.1,62,74,83.8,12,59,71,93,27,2,42,81,55.3,58.9,24.8,105.6,19.3,6.9,1.9,10.5,6.0,24.4,1.9,0.3,10.4,0.22,4.07,1.87,2.19,0,0,0,177,86,48.6,152,64,42.1,0,0,0,42,0,0,0,0,0,0,0,0,0,0,0,0,0
Maccabi Rapyd Tel Aviv,1,Jaylen Hoard,,36,28.0,1008.4,411,11.4,151,286,52.8,14,46,30.4,95,110,86.4,78,169,247,45,30,9,38,60,55.2,61.5,16.7,110.4,14.9,1.7,9.3,21.7,15.3,7.2,1.6,1.0,10.2,0.38,4.06,3.07,0.99,0,0,0,240,137,57.1,46,14,30.4,0,0,0,38,0,0,0,0,0,0,0,0,0,0,0,0,0
Olympiacos Piraeus,34,Cory Joseph,,16,15.6,249.1,88,5.5,28,63,44.4,11,32,34.4,21,26,80.8,7,22,29,37,8,1,19,29,53.2,59.1,17.8,94.2,7.3,2.7,3.6,10.7,7.3,21.8,1.7,0.5,20.3,0.41,4.04,1.57,2.47,0,0,0,31,17,54.8,32,11,34.4,0,0,0,19,0,0,0,0,0,0,0,0,0,0,0,0,0
Hapoel IBI Tel Aviv,2,Antonio Blakeney,,41,22.7,929.4,541,13.2,182,396,46.0,90,225,40.0,87,103,84.5,20,75,95,40,15,11,42,55,57.3,61.3,25.3,111.9,17.8,7.4,3.0,10.1,6.8,7.2,0.9,1.2,8.7,0.26,4.04,3.09,0.95,0,0,0,171,92,53.8,225,90,40,0,0,0,42,0,0,0,0,0,0,0,0,0,0,0,0,0
Maccabi Rapyd Tel Aviv,9,Roman Sorkin,,38,22.9,870.5,513,13.5,198,384,51.6,31,91,34.1,86,105,81.9,64,95,159,66,22,24,44,84,55.6,59.6,24.7,108.2,17.7,3.1,8.9,14.2,11.5,14.0,1.3,3.0,9.3,0.27,4.02,3.36,0.66,0,0,0,293,167,57,91,31,34.1,0,0,0,44,0,0,0,0,0,0,0,0,0,0,0,0,0
Fenerbahce Beko Istanbul,13,Tarik Biberovic,,41,24.3,997.8,463,11.3,166,360,46.1,91,217,41.9,40,42,95.2,26,97,123,52,17,4,55,87,58.8,61.2,21.0,106.8,15.8,7.4,3.5,12.3,8.1,9.4,1.0,0.4,12.7,0.12,4.01,1.85,2.16,0,0,0,143,75,52.4,217,91,41.9,0,0,0,55,0,0,0,0,0,0,0,0,0,0,0,0,0
Maccabi Rapyd Tel Aviv,0,Iffe Lundberg,,16,24.4,390.2,176,11.0,58,135,43.0,23,71,32.4,37,43,86.0,10,22,32,58,12,2,28,18,51.5,57.2,21.8,96.7,14.6,5.9,3.1,7.2,5.1,23.3,1.7,0.6,15.4,0.32,4.01,3.25,0.76,0,0,0,64,35,54.7,71,23,32.4,0,0,0,28,0,0,0,0,0,0,0,0,0,0,0,0,0
Olympiacos Piraeus,3,Tyson Ward,,35,19.1,668.1,247,7.1,87,192,45.3,19,72,26.4,54,79,68.4,25,76,101,82,19,5,39,84,50.3,54.5,18.8,92.9,9.5,2.8,4.9,13.9,9.6,19.4,1.6,0.8,14.7,0.41,3.99,1.42,2.57,0,0,0,120,68,56.7,72,19,26.4,0,0,0,39,0,0,0,0,0,0,0,0,0,0,0,0,0
Crvena Zvezda Meridianbet Belgrade,6,Jared Butler,,31,19.9,618.1,408,13.2,148,340,43.5,56,164,34.1,56,69,81.2,19,48,67,114,21,1,59,81,51.8,55.1,31.7,95.0,17.4,7.0,3.9,10.1,6.9,34.6,1.8,0.2,13.7,0.2,3.97,1.85,2.12,0,0,0,176,92,52.3,164,56,34.1,0,0,0,59,0,0,0,0,0,0,0,0,0,0,0,0,0
Real Madrid,16,Usman Garuba,,41,12.2,499.8,210,5.1,88,139,63.3,3,5,60.0,31,47,66.0,47,63,110,21,30,27,28,75,64.4,65.8,17.7,111.9,7.0,0.2,12.3,15.6,14.0,7.0,3.3,5.6,14.9,0.34,3.9,1.41,2.49,0,0,0,134,85,63.4,5,3,60,0,0,0,28,0,0,0,0,0,0,0,0,0,0,0,0,0
EA7 Emporio Armani Milan,32,Josh Nebo,,26,21.5,560.2,265,10.2,98,145,67.6,0,1,0.0,69,104,66.3,56,86,142,14,7,22,28,48,67.6,69.5,19.0,121.1,14.0,0.1,13.5,20.5,17.1,4.3,0.7,3.9,12.8,0.72,3.89,2.93,0.96,0,0,0,144,98,68.1,1,0,0,0,0,0,28,0,0,0,0,0,0,0,0,0,0,0,0,0
Valencia Basket,24,Matthew Costello,,40,16.6,662.5,249,6.2,87,184,47.3,47,119,39.5,28,59,47.5,41,111,152,34,21,20,25,72,60.1,59.3,16.2,106.0,8.2,3.9,7.5,20.9,14.1,7.6,1.7,3.2,10.6,0.32,3.85,1.73,2.12,0,0,0,65,40,61.5,119,47,39.5,0,0,0,25,0,0,0,0,0,0,0,0,0,0,0,0,0
Maccabi Rapyd Tel Aviv,22,Tj Leaf,,24,18.2,436.9,219,9.1,87,142,61.3,5,12,41.7,40,47,85.1,47,65,112,26,10,11,11,39,63.0,67.3,18.3,126.1,12.0,0.7,12.8,19.0,15.8,10.3,1.2,2.8,6.3,0.33,3.83,3.16,0.67,0,0,0,130,82,63.1,12,5,41.7,0,0,0,11,0,0,0,0,0,0,0,0,0,0,0,0,0
FC Bayern Munich,13,Andreas Obst,,35,26.6,930.5,509,14.5,166,400,41.5,101,267,37.8,76,85,89.4,11,63,74,69,14,2,54,34,54.1,58.2,25.6,103.6,20.0,10.5,1.5,9.0,5.2,13.2,0.8,0.2,11.0,0.21,3.83,2.77,1.06,0,0,0,133,65,48.9,267,101,37.8,0,0,0,54,0,0,0,0,0,0,0,0,0,0,0,0,0
Olympiacos Piraeus,77,Shaquielle Mckissic,,28,11.1,311.7,116,4.1,39,86,45.3,10,39,25.6,28,44,63.6,7,25,32,39,19,0,10,30,51.2,55.0,17.6,100.6,5.6,1.9,3.0,9.7,6.5,19.0,3.3,0.0,8.7,0.51,3.83,1.48,2.34,0,0,0,47,29,61.7,39,10,25.6,0,0,0,10,0,0,0,0,0,0,0,0,0,0,0,0,0
EA7 Emporio Armani Milan,23,Marko Guduric,,35,22.0,771.4,348,9.9,105,222,47.3,46,120,38.3,92,102,90.2,12,81,93,129,18,1,77,88,57.7,65.2,22.0,101.2,13.8,4.8,2.1,14.0,8.1,27.3,1.3,0.1,22.4,0.46,3.73,2.27,1.46,0,0,0,102,59,57.8,120,46,38.3,0,0,0,77,0,0,0,0,0,0,0,0,0,0,0,0,0
Partizan Mozzart Bet Belgrade,88,Tyrique Jones,,17,22.1,375.9,165,9.7,69,103,67.0,0,0,0,27,43,62.8,36,60,96,32,18,10,27,46,67.0,67.7,19.2,110.8,13.3,0.0,11.9,22.9,17.0,15.3,2.6,3.2,18.1,0.42,3.69,0.72,2.97,0,0,0,103,69,67,0,0,0,0,0,0,27,0,0,0,0,0,0,0,0,0,0,0,0,0
Hapoel IBI Tel Aviv,17,Collin Malcolm,,40,24.9,995.6,272,6.8,103,204,50.5,35,84,41.7,31,41,75.6,36,106,142,38,31,16,19,72,59.1,61.3,11.8,112.8,9.2,2.8,5.1,13.4,9.5,5.5,1.7,1.6,7.9,0.2,3.68,1.54,2.15,0,0,0,120,68,56.7,84,35,41.7,0,0,0,19,0,0,0,0,0,0,0,0,0,0,0,0,0
Valencia Basket,10,Omari Moore,,43,17.3,741.8,323,7.5,119,267,44.6,31,97,32.0,54,74,73.0,32,58,90,124,22,3,60,49,50.4,53.9,22.1,89.8,9.9,3.0,5.3,9.8,7.5,26.1,1.6,0.4,16.7,0.28,3.68,1.8,1.87,0,0,0,170,88,51.8,97,31,32,0,0,0,60,0,0,0,0,0,0,0,0,0,0,0,0,0
Zalgiris Kaunas,12,Maodo Lo,,41,18.0,738.9,287,7.0,97,219,44.3,45,115,39.1,48,60,80.0,19,60,79,100,20,2,54,54,54.6,58.5,19.5,95.9,9.7,3.9,3.4,10.6,7.0,21.2,1.5,0.3,18.0,0.27,3.65,2.09,1.56,0,0,0,104,52,50,115,45,39.1,0,0,0,54,0,0,0,0,0,0,0,0,0,0,0,0,0
Kosner Baskonia Vitoria-Gasteiz,11,Trent Forrest,,25,21.9,546.6,247,9.9,72,162,44.4,14,47,29.8,89,105,84.8,10,46,56,97,17,7,32,40,48.8,59.3,20.5,102.8,12.8,2.4,2.4,11.3,6.7,28.7,1.6,1.3,13.3,0.65,3.59,2.41,1.18,0,0,0,115,58,50.4,47,14,29.8,0,0,0,32,0,0,0,0,0,0,0,0,0,0,0,0,0
Virtus Bologna,30,Matthew Morgan,,34,19.9,677.8,458,13.5,134,287,46.7,62,169,36.7,128,140,91.4,7,47,54,76,11,0,50,59,57.5,65.7,28.3,114.9,18.6,6.9,1.4,9.0,5.3,20.9,0.9,0.0,12.5,0.49,3.52,2.62,0.9,0,0,0,118,72,61,169,62,36.7,0,0,0,50,0,0,0,0,0,0,0,0,0,0,0,0,0
FC Barcelona,20,Nicolas Laprovittola,,20,16.8,336.7,160,8.0,53,125,42.4,31,88,35.2,23,25,92.0,3,19,22,77,14,0,41,48,54.8,58.8,25.7,90.4,11.0,6.1,1.2,7.9,4.5,37.4,2.3,0.0,23.2,0.2,3.45,1.37,2.09,0,0,0,37,22,59.5,88,31,35.2,0,0,0,41,0,0,0,0,0,0,0,0,0,0,0,0,0
Hapoel IBI Tel Aviv,22,Vasilije Micic,,40,24.1,963.8,460,11.5,156,377,41.4,63,204,30.9,85,95,89.5,8,105,113,169,36,0,106,102,49.7,54.9,26.5,87.7,15.4,6.9,1.2,13.6,7.7,27.6,2.0,0.0,20.2,0.25,3.4,1.1,2.3,0,0,0,173,93,53.8,204,63,30.9,0,0,0,106,0,0,0,0,0,0,0,0,0,0,0,0,0
Maccabi Rapyd Tel Aviv,45,Tamir Blatt,,38,19.4,738.3,270,7.1,87,224,38.8,70,182,38.5,26,34,76.5,11,59,70,197,11,0,86,32,54.5,56.5,19.9,83.1,9.3,6.3,1.8,10.4,5.9,41.1,0.8,0.0,26.5,0.15,3.4,2.75,0.65,0,0,0,42,17,40.5,182,70,38.5,0,0,0,86,0,0,0,0,0,0,0,0,0,0,0,0,0
Anadolu Efes Istanbul,5,Saben Lee,,16,20.5,327.7,180,11.2,57,125,45.6,12,43,27.9,54,72,75.0,6,21,27,49,14,0,19,23,50.4,57.4,27.0,102.5,15.8,3.8,2.5,8.9,5.6,27.9,2.4,0.0,10.8,0.58,3.39,1.28,2.11,0,0,0,82,45,54.9,43,12,27.9,0,0,0,19,0,0,0,0,0,0,0,0,0,0,0,0,0
Partizan Mozzart Bet Belgrade,15,Cameron Payne,,10,23.3,233.3,124,12.4,39,97,40.2,21,63,33.3,25,29,86.2,4,19,23,39,12,0,22,29,51.0,56.5,28.0,94.1,17.1,8.7,2.3,11.0,6.6,30.4,2.8,0.0,16.7,0.3,3.36,0.91,2.45,0,0,0,34,18,52.9,63,21,33.3,0,0,0,22,0,0,0,0,0,0,0,0,0,0,0,0,0
FC Barcelona,6,Jan Vesely,,38,21.2,804.2,332,8.7,144,264,54.5,10,34,29.4,34,44,77.3,48,78,126,52,36,7,32,89,56.4,58.6,19.2,105.3,12.3,1.3,7.9,13.3,10.5,11.2,2.5,0.9,10.1,0.17,3.35,1.31,2.04,0,0,0,230,134,58.3,34,10,29.4,0,0,0,32,0,0,0,0,0,0,0,0,0,0,0,0,0
Crvena Zvezda Meridianbet Belgrade,15,Ebuka Izundu,,32,13.8,441.5,243,7.6,99,141,70.2,0,0,0,45,59,76.3,76,57,133,11,13,18,19,82,70.2,72.8,19.2,130.7,10.1,0.0,22.1,16.3,19.2,4.6,1.6,4.6,10.2,0.42,3.31,1.3,2.01,0,0,0,141,99,70.2,0,0,0,0,0,0,19,0,0,0,0,0,0,0,0,0,0,0,0,0
Kosner Baskonia Vitoria-Gasteiz,9,Timothe Luwawu-Cabarrot,,25,24.5,611.9,438,17.5,138,306,45.1,57,152,37.5,105,117,89.7,15,74,89,47,10,2,41,57,54.4,61.3,30.8,109.9,22.9,8.0,3.2,16.0,9.6,14.6,0.9,0.3,10.3,0.38,3.25,3.43,-0.18,0,0,0,154,81,52.6,152,57,37.5,0,0,0,41,0,0,0,0,0,0,0,0,0,0,0,0,0
Baskonia Vitoria-Gasteiz,2,Kobi Simmons,,6,20.5,123.0,58,9.7,22,40,55.0,6,16,37.5,8,9,88.9,1,5,6,24,3,2,9,13,62.5,66.0,21.0,109.5,13.2,3.6,1.1,5.3,3.2,32.3,1.3,1.7,17.0,0.23,3.11,1.99,1.12,0,0,0,24,16,66.7,16,6,37.5,0,0,0,9,0,0,0,0,0,0,0,0,0,0,0,0,0
Zalgiris Kaunas,92,Edgaras Ulanovas,,42,18.6,779.2,231,5.5,67,151,44.4,26,63,41.3,71,88,80.7,34,58,92,62,13,3,18,75,53.0,60.9,12.9,111.2,7.6,2.1,5.8,9.7,7.7,11.6,0.9,0.4,8.7,0.58,3.09,1.75,1.34,0,0,0,88,41,46.6,63,26,41.3,0,0,0,18,0,0,0,0,0,0,0,0,0,0,0,0,0
FC Bayern Munich,10,Justinian Jessup,,37,19.3,714.9,304,8.2,111,231,48.1,52,137,38.0,30,31,96.8,22,67,89,51,28,7,24,67,59.3,62.1,18.3,113.2,11.3,5.1,4.0,12.4,8.2,12.3,2.2,1.1,8.9,0.13,3.07,0.92,2.15,0,0,0,94,59,62.8,137,52,38,0,0,0,24,0,0,0,0,0,0,0,0,0,0,0,0,0
Partizan Mozzart Bet Belgrade,17,Isaac Bonga,,37,27.7,1025.4,360,9.7,122,253,48.2,31,99,31.3,85,104,81.7,60,146,206,56,35,20,46,78,54.3,60.2,16.4,104.4,13.3,3.7,7.4,19.7,13.3,8.9,1.9,2.2,13.3,0.41,3.07,0.72,2.35,0,0,0,154,91,59.1,99,31,31.3,0,0,0,46,0,0,0,0,0,0,0,0,0,0,0,0,0
Kosner Baskonia Vitoria-Gasteiz,1,Mamadi Diakite,,27,21.0,566.7,263,9.7,97,179,54.2,24,68,35.3,45,53,84.9,38,86,124,32,24,32,45,71,60.9,65.0,20.5,106.3,12.7,3.3,8.7,20.2,14.4,9.7,2.2,5.6,18.2,0.3,3.04,1.68,1.36,0,0,0,111,73,65.8,68,24,35.3,0,0,0,45,0,0,0,0,0,0,0,0,0,0,0,0,0
Maccabi Rapyd Tel Aviv,8,Lonnie Walker Iv,,29,22.0,636.7,425,14.7,130,330,39.4,68,194,35.1,97,128,75.8,7,64,71,63,23,7,46,53,49.7,55.0,30.4,98.3,19.0,8.7,1.3,12.9,6.9,17.7,1.9,1.2,10.6,0.39,3.04,2.86,0.19,0,0,0,136,62,45.6,194,68,35.1,0,0,0,46,0,0,0,0,0,0,0,0,0,0,0,0,0
FC Bayern Munich,16,Stefan Jovic,,20,17.6,351.1,100,5.0,40,80,50.0,11,29,37.9,9,12,75.0,7,28,35,82,20,0,32,39,56.9,58.6,16.1,85.3,7.0,2.0,2.5,11.3,6.7,37.9,3.1,0.0,27.3,0.15,3.04,-0.17,3.21,0,0,0,51,29,56.9,29,11,37.9,0,0,0,32,0,0,0,0,0,0,0,0,0,0,0,0,0
Maccabi Rapyd Tel Aviv,2,Jimmy Clark Iii,,37,19.7,729.6,352,9.5,132,318,41.5,44,143,30.8,44,55,80.0,21,46,67,160,48,4,75,96,48.4,51.4,25.9,84.4,12.5,5.1,3.5,8.1,5.7,37.3,3.5,0.6,18.0,0.17,2.98,1.55,1.43,0,0,0,175,88,50.3,143,44,30.8,0,0,0,75,0,0,0,0,0,0,0,0,0,0,0,0,0
Real Madrid,6,Alberto Abalde,,42,15.6,654.0,192,4.6,71,153,46.4,38,81,46.9,12,15,80.0,23,43,66,53,18,1,27,79,58.8,60.2,13.4,102.9,6.3,2.6,4.5,8.2,6.4,12.2,1.5,0.2,14.5,0.1,2.85,1.19,1.66,0,0,0,72,33,45.8,81,38,46.9,0,0,0,27,0,0,0,0,0,0,0,0,0,0,0,0,0
AS Monaco,4,Jaron Blossomgame,,43,23.7,1019.8,423,9.8,164,302,54.3,35,110,31.8,60,92,65.2,57,124,181,33,14,3,31,86,60.1,61.8,17.3,113.3,13.1,3.4,7.1,15.2,11.2,5.2,0.7,0.3,8.3,0.3,2.83,1.91,0.92,0,0,0,192,129,67.2,110,35,31.8,0,0,0,31,0,0,0,0,0,0,0,0,0,0,0,0,0
Fenerbahce Beko Istanbul,3,Scottie Wilbekin,,7,12.7,89.0,46,6.6,17,36,47.2,11,25,44.0,1,2,50.0,2,2,4,8,5,0,6,13,62.5,62.4,23.2,107.3,9.0,4.9,3.0,3.0,3.0,20.2,3.1,0.0,14.0,0.06,2.81,0.55,2.26,0,0,0,11,6,54.5,25,11,44,0,0,0,6,0,0,0,0,0,0,0,0,0,0,0,0,0
Crvena Zvezda Meridian Belgrade,20,Donatas Motiejunas,,1,8.5,8.5,3,3.0,1,2,50.0,0,0,0,1,2,50.0,0,1,1,1,0,0,0,1,50.0,52.1,16.3,104.2,4.1,0.0,0.0,15.2,7.5,16.6,0.0,0.0,0.0,1.0,2.8,1.48,1.32,0,0,0,2,1,50,0,0,0,0,0,0,0,0,0,0,0,0,0,0,0,0,0,0,0,0
Zalgiris Kaunas,14,Dustin Sleva,,42,18.3,769.3,282,6.7,93,222,41.9,49,120,40.8,47,63,74.6,54,88,142,44,24,4,25,124,52.9,56.5,17.2,102.6,9.3,3.9,9.3,14.9,12.1,8.8,1.7,0.5,9.1,0.28,2.76,1.38,1.38,0,0,0,102,44,43.1,120,49,40.8,0,0,0,25,0,0,0,0,0,0,0,0,0,0,0,0,0
Virtus Bologna,7,Saliou Niang,,38,21.6,822.5,268,7.1,107,170,62.9,4,12,33.3,50,63,79.4,75,114,189,71,34,15,55,90,64.1,67.8,14.8,106.0,9.7,0.4,12.2,18.1,15.2,14.4,2.3,2.1,21.8,0.37,2.75,0.69,2.06,0,0,0,158,103,65.2,12,4,33.3,0,0,0,55,0,0,0,0,0,0,0,0,0,0,0,0,0
Panathinaikos AKTOR Athens,26,Mathias Lessort,,14,22.7,317.2,116,8.3,47,80,58.8,0,0,0,22,33,66.7,35,44,79,17,10,4,23,37,58.8,61.4,17.9,98.7,11.4,0.0,13.9,17.9,15.9,8.0,1.8,1.4,19.6,0.41,2.74,1.19,1.55,0,0,0,80,47,58.8,0,0,0,0,0,0,23,0,0,0,0,0,0,0,0,0,0,0,0,0
EA7 Emporio Armani Milan,10,Leandro Bolmaro,,29,22.6,655.5,285,9.8,104,222,46.8,19,48,39.6,58,72,80.6,26,73,99,84,19,2,42,69,51.1,56.2,22.1,96.4,13.6,2.3,5.3,14.6,10.0,21.7,1.6,0.3,14.2,0.32,2.73,1.69,1.04,0,0,0,174,85,48.9,48,19,39.6,0,0,0,42,0,0,0,0,0,0,0,0,0,0,0,0,0
AS Monaco,13,Kevarrius Hayes,,40,17.4,697.1,252,6.3,103,169,60.9,0,1,0.0,46,64,71.9,69,67,136,22,29,34,32,108,60.9,63.9,15.6,110.0,8.4,0.0,12.6,12.1,12.4,5.0,2.3,5.1,14.0,0.38,2.7,0.83,1.87,0,0,0,168,103,61.3,1,0,0,0,0,0,32,0,0,0,0,0,0,0,0,0,0,0,0,0
Paris Basketball,35,Derek Willis,,28,16.2,454.2,163,5.8,57,125,45.6,24,65,36.9,25,31,80.6,35,74,109,34,11,11,14,43,55.2,58.8,14.7,106.8,7.5,3.0,9.1,19.4,14.3,11.7,1.2,2.8,9.2,0.25,2.68,1.25,1.43,0,0,0,60,33,55,65,24,36.9,0,0,0,14,0,0,0,0,0,0,0,0,0,0,0,0,0
Partizan Mozzart Bet Belgrade,12,Sterling Brown,,36,28.1,1010.0,483,13.4,179,394,45.4,73,187,39.0,52,57,91.2,21,83,104,83,32,6,74,64,54.7,57.6,23.8,98.0,18.3,7.1,2.7,11.4,6.9,14.6,1.7,0.7,15.0,0.14,2.66,1.14,1.52,0,0,0,207,106,51.2,187,73,39,0,0,0,74,0,0,0,0,0,0,0,0,0,0,0,0,0
Paris Basketball,20,Jeremy Morgan,,32,17.7,566.8,168,5.2,58,133,43.6,41,97,42.3,11,14,78.6,31,48,79,49,26,6,25,67,59.0,60.4,12.6,102.3,6.7,3.9,6.5,10.6,8.5,12.7,2.3,1.2,15.2,0.11,2.6,0.9,1.71,0,0,0,36,17,47.2,97,41,42.3,0,0,0,25,0,0,0,0,0,0,0,0,0,0,0,0,0
Crvena Zvezda Meridianbet Belgrade,37,Semi Ojeleye,,38,23.1,876.6,280,7.4,96,205,46.8,29,79,36.7,59,78,75.6,68,71,139,31,18,15,26,73,53.9,58.5,13.9,105.5,9.8,2.8,9.9,10.4,10.1,5.3,1.1,2.0,9.8,0.38,2.59,1.0,1.58,0,0,0,126,67,53.2,79,29,36.7,0,0,0,26,0,0,0,0,0,0,0,0,0,0,0,0,0
Valencia Basket,7,Braxton Key,,34,17.0,578.8,215,6.3,81,172,47.1,13,53,24.5,40,62,64.5,36,83,119,36,25,18,34,87,50.9,53.9,18.5,92.2,8.3,2.1,7.5,18.0,12.6,9.4,2.3,3.4,14.6,0.36,2.58,0.33,2.25,0,0,0,119,68,57.1,53,13,24.5,0,0,0,34,0,0,0,0,0,0,0,0,0,0,0,0,0
Real Madrid,1,David Kraemer,,1,10.3,10.3,2,2.0,1,2,50.0,0,0,0,0,0,0,0,1,1,0,1,0,0,0,50.0,50.0,9.6,100.0,2.9,0.0,0.0,12.9,6.6,0.0,5.7,0.0,0.0,0.0,2.55,0.54,2.01,0,0,0,2,1,50,0,0,0,0,0,0,0,0,0,0,0,0,0,0,0,0,0,0,0,0
Valencia Basket,2,Josep Puerto,,38,15.7,598.4,196,5.2,69,153,45.1,39,97,40.2,19,26,73.1,25,69,94,23,13,2,16,48,57.8,59.6,13.7,108.6,6.8,3.4,5.1,14.7,9.8,5.6,1.2,0.4,8.9,0.17,2.54,1.2,1.34,0,0,0,56,30,53.6,97,39,40.2,0,0,0,16,0,0,0,0,0,0,0,0,0,0,0,0,0
Panathinaikos AKTOR Athens,0,Tj Shorts,,44,15.7,692.6,350,8.0,135,297,45.5,14,48,29.2,66,92,71.7,6,52,58,126,27,0,43,66,47.8,51.9,26.4,92.0,10.9,1.5,1.1,9.8,5.4,30.7,2.1,0.0,11.3,0.31,2.51,1.06,1.45,0,0,0,249,121,48.6,48,14,29.2,0,0,0,43,0,0,0,0,0,0,0,0,0,0,0,0,0
Paris Basketball,13,Allan Dokossi,,34,16.2,549.9,170,5.0,76,106,71.7,0,0,0,18,44,40.9,68,118,186,53,42,5,61,83,71.7,67.8,14.9,91.2,6.4,0.0,14.6,26.0,20.2,15.3,3.9,1.0,32.7,0.42,2.49,-0.01,2.5,0,0,0,106,76,71.7,0,0,0,0,0,0,61,0,0,0,0,0,0,0,0,0,0,0,0,0
Virtus Bologna,6,Alessandro Pajola,,24,19.1,458.0,96,4.0,31,88,35.2,16,59,27.1,18,27,66.7,9,56,65,101,26,6,28,69,44.3,48.1,13.6,75.1,5.5,3.4,2.7,15.8,9.5,32.7,3.1,1.5,21.9,0.31,2.44,-0.4,2.83,0,0,0,29,15,51.7,59,16,27.1,0,0,0,28,0,0,0,0,0,0,0,0,0,0,0,0,0
Fenerbahce Beko Istanbul,20,Devon Hall,,35,25.3,883.8,292,8.3,100,238,42.0,32,110,29.1,60,71,84.5,38,63,101,91,16,4,67,82,48.7,54.2,18.4,86.8,11.7,4.4,5.8,9.0,7.5,17.0,1.0,0.5,19.9,0.3,2.35,0.09,2.26,0,0,0,128,68,53.1,110,32,29.1,0,0,0,67,0,0,0,0,0,0,0,0,0,0,0,0,0
Olympiacos Piraeus,16,Kostas Papanikolaou,,38,13.6,515.2,104,2.7,37,104,35.6,28,90,31.1,2,7,28.6,11,52,63,58,13,2,35,60,49.0,48.6,13.1,73.2,3.7,3.2,2.9,12.4,7.8,16.3,1.4,0.4,24.6,0.07,2.32,0.45,1.88,0,0,0,14,9,64.3,90,28,31.1,0,0,0,35,0,0,0,0,0,0,0,0,0,0,0,0,0
Valencia Basket,5,Sergio De Larrea,,33,10.5,345.7,131,4.0,43,99,43.4,19,48,39.6,26,36,72.2,14,28,42,67,13,5,38,46,53.0,57.0,20.3,85.7,5.2,1.9,5.0,10.1,7.6,28.5,2.0,1.5,24.9,0.36,2.31,0.57,1.74,0,0,0,51,24,47.1,48,19,39.6,0,0,0,38,0,0,0,0,0,0,0,0,0,0,0,0,0
Panathinaikos AKTOR Athens,77,Omer Yurtseven,,22,10.9,240.4,119,5.4,47,74,63.5,0,0,0,25,31,80.6,25,41,66,12,8,12,14,38,63.5,67.9,20.2,117.1,7.4,0.0,12.8,22.7,17.5,8.9,1.8,5.6,13.8,0.42,2.31,0.94,1.37,0,0,0,74,47,63.5,0,0,0,0,0,0,14,0,0,0,0,0,0,0,0,0,0,0,0,0
Paris Basketball,8,Jared Rhoden,,26,21.3,554.6,288,11.1,103,233,44.2,46,118,39.0,36,46,78.3,20,56,76,31,25,10,50,66,54.1,56.9,24.4,95.0,14.3,5.8,4.3,12.6,8.4,9.2,2.3,2.0,16.5,0.2,2.29,0.8,1.49,0,0,0,115,57,49.6,118,46,39,0,0,0,50,0,0,0,0,0,0,0,0,0,0,0,0,0
Panathinaikos AKTOR Athens,8,Richaun Holmes,,20,17.8,356.2,150,7.5,58,90,64.4,0,0,0,34,50,68.0,40,41,81,7,5,9,15,54,64.4,67.0,17.1,118.1,10.3,0.0,14.1,15.4,14.7,3.2,0.8,2.9,11.8,0.56,2.29,1.24,1.05,0,0,0,90,58,64.4,0,0,0,0,0,0,15,0,0,0,0,0,0,0,0,0,0,0,0,0
Dubai Basketball,10,Justin Anderson,,34,22.8,774.9,202,5.9,69,148,46.6,36,88,40.9,28,32,87.5,26,73,99,43,14,18,21,85,58.8,62.3,11.3,110.3,8.0,3.5,4.5,11.7,8.2,8.4,1.0,2.3,11.5,0.22,2.28,1.27,1.02,0,0,0,60,33,55,88,36,40.9,0,0,0,21,0,0,0,0,0,0,0,0,0,0,0,0,0
Partizan Mozzart Bet Belgrade,4,Duane Washington,,23,21.6,495.9,337,14.7,123,275,44.7,48,128,37.5,43,53,81.1,4,30,34,58,14,0,38,48,53.5,56.5,33.1,100.2,20.2,7.7,1.0,8.5,4.5,24.4,1.6,0.0,11.3,0.19,2.26,1.25,1.01,0,0,0,147,75,51,128,48,37.5,0,0,0,38,0,0,0,0,0,0,0,0,0,0,0,0,0
FC Bayern Munich,22,Isiaha Mike,,37,22.4,828.2,354,9.6,137,295,46.4,51,122,41.8,29,40,72.5,33,112,145,54,28,13,40,106,55.1,56.6,20.7,100.4,13.2,4.5,5.2,18.1,11.5,11.5,1.9,1.8,11.3,0.14,2.25,0.06,2.19,0,0,0,173,86,49.7,122,51,41.8,0,0,0,40,0,0,0,0,0,0,0,0,0,0,0,0,0
Olympiacos Piraeus,1,Frank Ntilikina,,24,16.4,393.8,109,4.5,37,97,38.1,19,52,36.5,16,19,84.2,11,15,26,39,11,10,30,70,47.9,51.7,16.4,80.5,6.2,2.9,3.8,4.8,4.4,14.6,1.5,2.8,22.2,0.2,2.24,0.11,2.13,0,0,0,45,18,40,52,19,36.5,0,0,0,30,0,0,0,0,0,0,0,0,0,0,0,0,0
Anadolu Efes Istanbul,88,Kai Jones,,36,15.3,551.0,130,3.6,58,63,92.1,0,0,0,14,21,66.7,41,85,126,17,19,45,17,61,92.1,90.0,8.1,145.7,5.0,0.0,10.0,21.6,15.7,5.1,1.9,9.3,19.0,0.33,2.24,-0.33,2.57,0,0,0,63,58,92.1,0,0,0,0,0,0,17,0,0,0,0,0,0,0,0,0,0,0,0,0
Kosner Baskonia Vitoria-Gasteiz,2,Kobi Simmons,,25,22.6,564.5,285,11.4,100,206,48.5,23,85,27.1,62,68,91.2,6,29,35,70,19,1,36,58,54.1,60.4,22.7,104.8,14.9,4.5,1.4,7.0,4.1,21.6,1.8,0.2,13.2,0.33,2.22,1.66,0.56,0,0,0,121,77,63.6,85,23,27.1,0,0,0,36,0,0,0,0,0,0,0,0,0,0,0,0,0
FC Bayern Munich,11,Vladimir Lucic,,33,23.2,764.6,265,8.0,86,183,47.0,27,78,34.6,66,76,86.8,27,98,125,49,17,2,28,63,54.4,61.2,15.6,108.4,11.2,3.3,4.6,17.1,10.8,10.4,1.2,0.3,11.5,0.42,2.21,0.24,1.97,0,0,0,105,59,56.2,78,27,34.6,0,0,0,28,0,0,0,0,0,0,0,0,0,0,0,0,0
AS Monaco,26,Nemanja Nedovic,,36,13.1,470.4,214,5.9,74,159,46.5,40,98,40.8,26,30,86.7,8,34,42,48,19,4,23,71,59.1,62.1,19.6,109.6,7.9,3.6,2.1,9.2,5.7,16.3,2.2,0.9,11.8,0.19,2.17,0.94,1.24,0,0,0,61,34,55.7,98,40,40.8,0,0,0,23,0,0,0,0,0,0,0,0,0,0,0,0,0
LDLC ASVEL Villeurbanne,24,Mbaye Ndiaye,,32,23.6,756.8,246,7.7,98,194,50.5,13,72,18.1,37,67,55.2,55,100,155,40,37,45,46,69,53.9,55.0,17.0,91.3,10.5,3.1,9.0,18.4,13.4,9.4,2.7,6.5,17.1,0.35,2.17,-0.59,2.75,0,0,0,122,85,69.7,72,13,18.1,0,0,0,46,0,0,0,0,0,0,0,0,0,0,0,0,0
FC Barcelona,44,Joel Parra,,40,18.7,746.2,224,5.6,85,175,48.6,20,68,29.4,34,43,79.1,49,88,137,39,21,5,22,69,54.3,57.8,14.1,103.7,7.8,2.4,8.7,16.1,12.3,8.1,1.6,0.7,10.2,0.25,2.16,0.86,1.3,0,0,0,107,65,60.7,68,20,29.4,0,0,0,22,0,0,0,0,0,0,0,0,0,0,0,0,0
Zalgiris Kaunas,15,Laurynas Birutis,,41,10.0,409.7,168,4.1,72,104,69.2,0,0,0,24,59,40.7,42,55,97,11,9,13,13,43,69.2,64.6,16.8,117.5,5.7,0.0,13.5,17.5,15.5,4.5,1.2,3.0,9.1,0.57,2.13,1.16,0.96,0,0,0,104,72,69.2,0,0,0,0,0,0,13,0,0,0,0,0,0,0,0,0,0,0,0,0
EA7 Emporio Armani Milan,2,Lorenzo Brown,,12,14.5,173.7,70,5.8,29,64,45.3,7,20,35.0,5,5,100.0,2,16,18,32,11,1,15,16,50.8,52.9,22.9,86.2,8.1,2.3,1.5,12.1,6.9,34.2,3.5,0.6,18.5,0.08,2.1,0.94,1.16,0,0,0,44,22,50,20,7,35,0,0,0,15,0,0,0,0,0,0,0,0,0,0,0,0,0
FC Barcelona,8,Dario Brizuela,,38,15.5,590.6,340,8.9,131,290,45.2,52,148,35.1,26,30,86.7,7,35,42,53,23,0,34,72,54.1,56.1,27.9,100.8,12.4,5.4,1.6,8.1,4.8,16.6,2.2,0.0,10.1,0.1,2.09,1.08,1.01,0,0,0,142,79,55.6,148,52,35.1,0,0,0,34,0,0,0,0,0,0,0,0,0,0,0,0,0
Crvena Zvezda Meridian Belgrade,13,Ognjen Dobric,,1,10.0,10.0,3,3.0,1,2,50.0,1,1,100.0,0,0,0,0,0,0,0,0,0,0,3,75.0,75.0,9.6,150.0,4.1,1.4,0.0,0.0,0.0,0.0,0.0,0.0,0.0,0.0,2.04,0.92,1.12,0,0,0,1,0,0,1,1,100,0,0,0,0,0,0,0,0,0,0,0,0,0,0,0,0,0
Paris Basketball,7,Sebastian Herrera,,37,16.0,591.2,272,7.4,89,223,39.9,68,182,37.4,26,29,89.7,16,39,55,38,20,2,21,72,55.2,57.7,19.0,105.9,9.4,6.3,3.2,8.1,5.6,10.2,1.7,0.4,8.2,0.13,1.99,1.06,0.93,0,0,0,41,21,51.2,182,68,37.4,0,0,0,21,0,0,0,0,0,0,0,0,0,0,0,0,0
Maccabi Rapyd Tel Aviv,10,O'Shae J Brissett,,36,24.6,885.2,314,8.7,99,229,43.2,32,100,32.0,84,102,82.4,64,120,184,29,32,10,32,101,50.2,57.3,15.7,102.7,11.5,3.7,8.8,17.7,13.1,5.0,1.9,1.2,10.5,0.45,1.94,1.36,0.57,0,0,0,129,67,51.9,100,32,32,0,0,0,32,0,0,0,0,0,0,0,0,0,0,0,0,0
Valencia Basket,12,Neal Sako,,42,13.4,561.6,198,4.7,84,142,59.2,0,0,0,30,79,38.0,75,86,161,27,12,17,33,82,59.2,56.0,17.0,94.4,6.2,0.0,16.4,19.4,17.9,7.3,1.1,3.2,15.7,0.56,1.9,0.49,1.41,0,0,0,142,84,59.2,0,0,0,0,0,0,33,0,0,0,0,0,0,0,0,0,0,0,0,0
Panathinaikos AKTOR Athens,35,Kenneth Faried,,35,13.1,460.1,202,5.8,82,135,60.7,0,1,0.0,38,58,65.5,65,73,138,10,12,22,32,66,60.7,62.9,20.4,104.9,8.0,0.0,18.1,20.4,19.2,3.5,1.4,5.4,16.6,0.43,1.86,0.83,1.03,0,0,0,134,82,61.2,1,0,0,0,0,0,32,0,0,0,0,0,0,0,0,0,0,0,0,0
Hapoel IBI Tel Aviv,0,Johnathan Motley,,40,12.8,512.4,290,7.2,107,174,61.5,20,41,48.8,56,77,72.7,26,57,83,32,9,6,40,82,67.2,69.8,23.5,117.0,9.8,1.4,7.1,14.1,10.8,10.6,1.0,1.2,16.1,0.44,1.85,0.68,1.17,0,0,0,133,87,65.4,41,20,48.8,0,0,0,40,0,0,0,0,0,0,0,0,0,0,0,0,0
Anadolu Efes Istanbul,17,Vincent Poirier,,14,18.5,259.1,112,8.0,44,84,52.4,0,0,0,24,32,75.0,29,36,65,17,7,9,10,28,52.4,57.1,21.0,103.6,10.9,0.0,14.8,18.8,16.8,12.4,1.5,3.7,9.3,0.38,1.82,0.24,1.58,0,0,0,84,44,52.4,0,0,0,0,0,0,10,0,0,0,0,0,0,0,0,0,0,0,0,0
FC Barcelona,5,Miles Norris,,39,11.4,445.8,145,3.7,55,116,47.4,27,71,38.0,8,9,88.9,30,63,93,11,19,11,10,40,59.1,60.4,14.2,111.6,5.2,2.5,8.9,19.2,14.0,3.9,2.4,2.7,7.7,0.08,1.79,0.68,1.11,0,0,0,45,28,62.2,71,27,38,0,0,0,10,0,0,0,0,0,0,0,0,0,0,0,0,0
Virtus Bologna,21,Derrick Alston Jr,,37,22.4,829.9,371,10.0,124,270,45.9,59,132,44.7,64,71,90.1,22,76,98,52,19,4,44,76,56.9,61.6,20.0,107.5,13.8,4.9,3.6,12.0,7.8,10.7,1.3,0.5,12.7,0.26,1.77,0.99,0.78,0,0,0,138,65,47.1,132,59,44.7,0,0,0,44,0,0,0,0,0,0,0,0,0,0,0,0,0
Dubai Basketball,3,Dwayne Bacon,,29,29.4,852.0,469,16.2,164,389,42.2,37,118,31.4,104,132,78.8,18,101,119,71,22,5,65,72,46.9,52.5,28.9,91.6,21.9,5.5,2.9,14.8,9.1,14.6,1.4,0.6,12.7,0.34,1.75,1.33,0.43,0,0,0,271,127,46.9,118,37,31.4,0,0,0,65,0,0,0,0,0,0,0,0,0,0,0,0,0
Anadolu Efes Istanbul,3,Jordan Loyd,,33,23.5,777.0,381,11.5,116,287,40.4,53,152,34.9,96,112,85.7,20,63,83,61,21,3,42,80,49.7,56.6,24.4,100.7,16.1,6.4,3.5,11.3,7.4,13.9,1.5,0.4,11.1,0.39,1.73,0.44,1.28,0,0,0,135,63,46.7,152,53,34.9,0,0,0,42,0,0,0,0,0,0,0,0,0,0,0,0,0
Real Madrid,25,Alex Len,,32,6.6,210.8,69,2.2,23,45,51.1,0,1,0.0,23,30,76.7,23,23,46,7,3,20,14,32,51.1,59.3,16.2,95.6,3.0,0.0,14.1,13.4,13.8,5.0,0.8,9.8,19.4,0.67,1.72,0.44,1.28,0,0,0,44,23,52.3,1,0,0,0,0,0,14,0,0,0,0,0,0,0,0,0,0,0,0,0
Dubai Basketball,51,Bruno Caboclo,,14,10.0,140.0,69,4.9,26,35,74.3,8,10,80.0,9,13,69.2,12,22,34,5,0,8,5,32,85.7,84.7,15.6,150.9,6.5,0.9,11.9,19.1,15.7,5.8,0.0,5.4,10.9,0.37,1.69,1.16,0.53,0,0,0,25,18,72,10,8,80,0,0,0,5,0,0,0,0,0,0,0,0,0,0,0,0,0
EA7 Emporio Armani Milan,17,Giampaolo Ricci,,38,16.4,622.8,171,4.5,64,134,47.8,40,95,42.1,3,4,75.0,31,70,101,24,20,8,8,88,62.7,63.0,11.4,118.9,6.2,3.5,6.7,14.9,10.9,6.0,1.8,1.3,5.6,0.03,1.68,1.08,0.6,0,0,0,39,24,61.5,95,40,42.1,0,0,0,8,0,0,0,0,0,0,0,0,0,0,0,0,0
Paris Basketball,15,Mouhamed Faye,,38,17.2,652.6,175,4.6,75,115,65.2,0,0,0,25,51,49.0,84,106,190,9,14,38,32,94,65.2,63.7,11.4,103.3,5.9,0.0,15.1,19.9,17.4,2.1,1.1,6.5,18.9,0.44,1.68,0.12,1.55,0,0,0,115,75,65.2,0,0,0,0,0,0,32,0,0,0,0,0,0,0,0,0,0,0,0,0
FC Bayern Munich,1,Oscar Da Silva,,36,15.5,557.0,216,6.0,90,151,59.6,3,16,18.8,33,36,91.7,59,67,126,30,19,12,27,60,60.6,64.7,16.9,111.4,8.3,0.6,13.7,16.1,14.9,9.5,1.9,2.5,13.9,0.24,1.67,-0.07,1.74,0,0,0,135,87,64.4,16,3,18.8,0,0,0,27,0,0,0,0,0,0,0,0,0,0,0,0,0
Olympiacos Piraeus,9,Saben Lee,,17,7.4,125.5,37,2.2,12,29,41.4,4,11,36.4,9,11,81.8,0,4,4,15,4,1,14,13,48.3,54.7,18.1,77.3,3.0,0.9,0.0,4.0,2.1,18.4,1.8,0.9,29.3,0.38,1.66,0.21,1.45,0,0,0,18,8,44.4,11,4,36.4,0,0,0,14,0,0,0,0,0,0,0,0,0,0,0,0,0
Paris Basketball,9,Lamar Stevens,,23,20.0,459.1,215,9.3,79,171,46.2,20,48,41.7,37,47,78.7,22,55,77,19,7,14,24,52,52.0,56.1,20.8,99.7,12.0,2.7,5.7,14.6,10.1,6.8,0.8,3.3,11.1,0.27,1.64,0.6,1.05,0,0,0,123,59,48,48,20,41.7,0,0,0,24,0,0,0,0,0,0,0,0,0,0,0,0,0
Hapoel IBI Tel Aviv,24,Ish Wainright,,42,23.0,967.9,177,4.2,64,175,36.6,38,128,29.7,11,15,73.3,32,78,110,47,36,3,11,110,47.4,48.7,9.7,91.9,5.7,4.1,4.6,10.1,7.5,6.7,2.0,0.3,5.7,0.09,1.63,-0.08,1.71,0,0,0,47,26,55.3,128,38,29.7,0,0,0,11,0,0,0,0,0,0,0,0,0,0,0,0,0
Hapoel IBI Tel Aviv,15,Kessler Edwards,,14,12.2,170.6,49,3.5,15,32,46.9,8,15,53.3,11,14,78.6,4,40,44,7,4,5,6,19,59.4,64.2,12.4,111.0,4.6,1.4,3.2,28.1,16.5,5.6,1.2,3.0,13.6,0.44,1.61,0.09,1.51,0,0,0,17,7,41.2,15,8,53.3,0,0,0,6,0,0,0,0,0,0,0,0,0,0,0,0,0
Real Madrid,20,Bruno Fernando,,5,10.4,52.1,22,4.4,10,15,66.7,0,0,0,2,3,66.7,5,12,17,4,1,1,6,13,66.7,67.4,20.4,98.6,6.1,0.0,12.4,28.3,20.5,14.1,1.1,2.1,26.9,0.2,1.6,-0.11,1.71,0,0,0,15,10,66.7,0,0,0,0,0,0,6,0,0,0,0,0,0,0,0,0,0,0,0,0
Olympiacos Piraeus,37,Kostas Antetokounmpo,,15,1.5,22.7,6,0.4,3,4,75.0,0,0,0,0,2,0.0,3,3,6,4,0,0,1,5,75.0,61.5,12.3,102.0,0.6,0.0,17.9,16.9,17.4,28.2,0.0,0.0,17.0,0.5,1.6,0.46,1.13,0,0,0,4,3,75,0,0,0,0,0,0,1,0,0,0,0,0,0,0,0,0,0,0,0,0
Virtus Bologna,35,Mouhamet Diouf,,33,18.5,611.7,264,8.0,104,174,59.8,0,0,0,56,75,74.7,60,78,138,40,18,24,49,75,59.8,63.8,20.2,103.1,11.1,0.0,13.2,16.4,14.9,11.8,1.6,4.5,19.1,0.43,1.58,0.24,1.34,0,0,0,174,104,59.8,0,0,0,0,0,0,49,0,0,0,0,0,0,0,0,0,0,0,0,0
Kosner Baskonia Vitoria-Gasteiz,0,Markus Howard,,17,21.1,358.1,198,11.6,68,156,43.6,41,106,38.7,21,26,80.8,7,26,33,37,4,0,22,41,56.7,59.1,24.4,104.5,15.0,8.0,2.5,9.2,5.8,18.1,0.6,0.0,11.6,0.17,1.5,2.08,-0.58,0,0,0,50,27,54,106,41,38.7,0,0,0,22,0,0,0,0,0,0,0,0,0,0,0,0,0
Crvena Zvezda Meridianbet Belgrade,13,Ognjen Dobric,,25,12.1,302.5,121,4.8,43,95,45.3,27,61,44.3,8,8,100.0,19,25,44,8,10,0,5,29,59.5,61.4,15.6,116.9,6.4,3.2,7.9,10.5,9.2,4.2,1.8,0.0,4.8,0.08,1.5,0.4,1.09,0,0,0,34,16,47.1,61,27,44.3,0,0,0,5,0,0,0,0,0,0,0,0,0,0,0,0,0
Crvena Zvezda Meridianbet Belgrade,12,Nikola Kalinic,,38,23.2,880.8,218,5.7,76,170,44.7,34,87,39.1,32,47,68.1,37,91,128,70,20,10,56,101,54.7,57.2,12.8,88.4,7.6,3.0,5.4,13.2,9.3,11.6,1.2,1.3,22.7,0.28,1.48,-0.53,2.01,0,0,0,83,42,50.6,87,34,39.1,0,0,0,56,0,0,0,0,0,0,0,0,0,0,0,0,0
Baskonia Vitoria-Gasteiz,10,Matteo Spagnolo,,11,15.8,174.3,72,6.5,22,47,46.8,5,9,55.6,23,31,74.2,3,19,22,33,5,1,9,8,52.1,59.4,18.7,103.4,8.6,1.1,2.3,13.4,8.1,29.1,1.5,0.6,12.9,0.66,1.39,1.04,0.35,0,0,0,38,17,44.7,9,5,55.6,0,0,0,9,0,0,0,0,0,0,0,0,0,0,0,0,0
LDLC ASVEL Villeurbanne,7,Thomas Heurtel,,26,18.7,486.7,229,8.8,81,193,42.0,30,81,37.0,37,46,80.4,2,36,38,134,12,0,67,38,49.7,53.7,27.3,81.7,11.9,4.2,0.5,10.3,5.1,50.7,1.3,0.0,23.9,0.24,1.38,-0.32,1.7,0,0,0,112,51,45.5,81,30,37,0,0,0,67,0,0,0,0,0,0,0,0,0,0,0,0,0
Dubai Basketball,8,Davis Bertans,,30,18.0,540.6,232,7.7,71,199,35.7,56,167,33.5,34,40,85.0,14,55,69,33,4,12,15,65,49.7,53.6,20.6,100.2,10.5,7.6,3.4,13.0,8.3,10.2,0.4,2.2,6.5,0.2,1.36,1.41,-0.05,0,0,0,32,15,46.9,167,56,33.5,0,0,0,15,0,0,0,0,0,0,0,0,0,0,0,0,0
Olympiacos Piraeus,2,Keenan Evans,,1,2.0,2.0,0,0.0,0,0,0,0,0,0,0,0,0,0,0,0,0,0,0,0,0,0,0,0.0,0,0.0,0.0,0.0,0.0,0.0,0.0,0.0,0.0,0,0,1.32,0.32,1.0,0,0,0,0,0,0,0,0,0,0,0,0,0,0,0,0,0,0,0,0,0,0,0,0,0,0
Crvena Zvezda Meridianbet Belgrade,21,Joel Bolomboy,,14,14.3,200.1,73,5.2,31,51,60.8,3,5,60.0,8,10,80.0,28,33,61,2,4,8,17,21,63.7,65.9,16.5,100.8,6.9,0.5,17.1,21.8,19.3,1.6,1.1,4.6,23.5,0.2,1.32,-0.03,1.35,0,0,0,46,28,60.9,5,3,60,0,0,0,17,0,0,0,0,0,0,0,0,0,0,0,0,0
Paris Basketball,22,Amath M'Baye,,34,17.3,588.3,257,7.6,84,191,44.0,34,96,35.4,55,69,79.7,21,32,53,35,19,4,36,63,52.9,58.1,19.1,99.9,9.7,3.6,4.1,6.6,5.3,9.5,1.7,0.8,14.0,0.36,1.28,0.38,0.9,0,0,0,95,50,52.6,96,34,35.4,0,0,0,36,0,0,0,0,0,0,0,0,0,0,0,0,0
Partizan Mozzart Bet Belgrade,5,Dylan Osetkowski,,36,19.0,684.0,242,6.7,84,192,43.8,38,103,36.9,36,40,90.0,32,65,97,36,34,4,13,75,53.6,57.7,15.9,108.7,9.2,3.9,6.0,13.1,9.4,8.6,2.7,0.7,5.8,0.21,1.25,-0.32,1.57,0,0,0,89,46,51.7,103,38,36.9,0,0,0,13,0,0,0,0,0,0,0,0,0,0,0,0,0
FC Bayern Munich,21,Justus Hollatz,,29,14.9,433.4,77,2.7,26,62,41.9,14,31,45.2,11,15,73.3,19,38,57,74,23,0,26,58,53.2,56.1,10.6,81.4,3.6,1.5,5.5,11.5,8.5,25.7,2.9,0.0,27.5,0.24,1.24,-1.1,2.34,0,0,0,31,12,38.7,31,14,45.2,0,0,0,26,0,0,0,0,0,0,0,0,0,0,0,0,0
EA7 Emporio Armani Milan,6,Devin Booker,,36,20.0,718.3,296,8.2,107,215,49.8,16,56,28.6,66,87,75.9,53,74,127,32,12,5,33,69,53.5,58.4,19.7,103.4,11.4,2.2,10.1,13.5,11.8,7.5,0.9,0.7,11.5,0.4,1.22,1.31,-0.09,0,0,0,159,91,57.2,56,16,28.6,0,0,0,33,0,0,0,0,0,0,0,0,0,0,0,0,0
Panathinaikos AKTOR Athens,17,Nikolaos Rogkavopoulos,,36,11.6,418.9,189,5.2,69,149,46.3,26,81,32.1,25,28,89.3,22,47,69,16,7,3,11,47,55.0,58.6,19.8,109.7,7.2,3.1,6.6,14.3,10.5,6.3,0.9,0.8,6.4,0.19,1.16,0.77,0.39,0,0,0,68,43,63.2,81,26,32.1,0,0,0,11,0,0,0,0,0,0,0,0,0,0,0,0,0
Fenerbahce Beko Istanbul,18,Mikael Jantunen,,36,18.6,669.0,189,5.2,57,148,38.5,29,90,32.2,46,53,86.8,39,75,114,24,15,8,24,113,48.3,55.2,14.2,96.8,7.3,3.5,7.9,14.3,11.2,5.7,1.2,1.2,12.3,0.36,1.15,-1.0,2.14,0,0,0,58,28,48.3,90,29,32.2,0,0,0,24,0,0,0,0,0,0,0,0,0,0,0,0,0
Olympiacos Piraeus,5,Giannoulis Larentzakis,,14,1.5,20.9,2,0.1,1,6,16.7,0,5,0.0,0,0,0,0,1,1,6,0,0,2,4,16.7,16.7,18.1,25.0,0.2,0.5,0.0,6.2,3.1,40.2,0.0,0.0,25.0,0.0,1.13,0.09,1.04,0,0,0,1,1,100,5,0,0,0,0,0,2,0,0,0,0,0,0,0,0,0,0,0,0,0
Real Madrid,23,Sergio Llull,,40,10.7,426.2,124,3.1,41,139,29.5,26,97,26.8,16,24,66.7,6,24,30,59,6,0,21,40,38.8,41.5,18.9,72.7,4.2,3.3,1.8,6.9,4.4,20.6,0.8,0.0,12.3,0.17,1.1,0.26,0.85,0,0,0,42,15,35.7,97,26,26.8,0,0,0,21,0,0,0,0,0,0,0,0,0,0,0,0,0
Olympiacos Piraeus,11,Monte Morris,,11,8.4,92.3,13,1.2,3,17,17.6,0,7,0.0,7,12,58.3,2,8,10,11,1,1,4,8,17.6,29.2,13.4,49.5,1.6,0.9,2.9,11.2,7.1,16.6,0.6,1.3,15.2,0.71,1.09,-0.13,1.22,0,0,0,10,3,30,7,0,0,0,0,0,4,0,0,0,0,0,0,0,0,0,0,0,0,0
Crvena Zvezda Meridianbet Belgrade,20,Donatas Motiejunas,,29,11.4,330.4,163,5.6,61,102,59.8,5,14,35.7,36,60,60.0,21,27,48,20,8,0,19,30,62.3,63.5,20.4,110.6,7.5,0.6,8.1,10.2,9.1,10.3,1.3,0.0,12.9,0.59,1.04,-0.06,1.11,0,0,0,88,56,63.6,14,5,35.7,0,0,0,19,0,0,0,0,0,0,0,0,0,0,0,0,0
Fenerbahce Beko Istanbul,11,Brandon Boston Jr,,35,9.5,331.3,135,3.9,50,110,45.5,15,46,32.6,20,26,76.9,20,26,46,8,13,5,11,37,52.3,55.6,19.3,101.9,5.4,1.8,8.2,10.0,9.1,4.1,2.2,1.6,8.3,0.24,1.04,-0.59,1.63,0,0,0,64,35,54.7,46,15,32.6,0,0,0,11,0,0,0,0,0,0,0,0,0,0,0,0,0
Partizan Mozzart Bet Belgrade,23,Tonye Jekiri,,15,19.3,289.1,112,7.5,48,88,54.5,0,0,0,16,23,69.6,31,44,75,21,11,5,14,41,54.5,57.1,18.6,99.9,10.3,0.0,13.6,19.8,16.7,12.5,2.1,1.8,12.5,0.26,1.03,-0.67,1.7,0,0,0,88,48,54.5,0,0,0,0,0,0,14,0,0,0,0,0,0,0,0,0,0,0,0,0
Paris Basketball,34,Daulton Hommes,,22,13.0,285.3,101,4.6,31,67,46.3,23,51,45.1,16,21,76.2,13,30,43,13,6,5,13,44,63.4,66.2,13.6,113.2,5.9,3.0,5.2,12.8,8.9,6.8,1.1,2.0,14.6,0.31,0.99,0.07,0.92,0,0,0,16,8,50,51,23,45.1,0,0,0,13,0,0,0,0,0,0,0,0,0,0,0,0,0
Panathinaikos AKTOR Athens,20,Alexandros Samodurov,,14,5.7,80.3,34,2.4,14,23,60.9,4,12,33.3,2,3,66.7,2,7,9,4,1,6,3,6,69.6,69.9,16.3,124.5,3.4,1.2,3.2,11.0,7.1,8.0,0.7,8.3,11.0,0.13,0.98,0.42,0.56,0,0,0,11,10,90.9,12,4,33.3,0,0,0,3,0,0,0,0,0,0,0,0,0,0,0,0,0
Dubai Basketball,9,Boogie Ellis,,8,11.1,88.9,52,6.5,15,34,44.1,5,13,38.5,17,21,81.0,4,6,10,6,3,0,3,14,51.5,60.1,24.5,112.5,8.8,2.2,5.8,8.5,7.2,11.6,1.8,0.0,6.5,0.62,0.91,0.87,0.04,0,0,0,21,10,47.6,13,5,38.5,0,0,0,3,0,0,0,0,0,0,0,0,0,0,0,0,0
Olympiacos Piraeus,21,Omiros Netzipoglou,,11,1.3,14.5,2,0.2,1,5,20.0,0,1,0.0,0,0,0,2,0,2,0,0,0,0,4,20.0,20.0,16.6,40.0,0.3,0.1,19.2,0.0,9.1,0.0,0.0,0.0,0.0,0.0,0.9,0.04,0.86,0,0,0,4,1,25,1,0,0,0,0,0,0,0,0,0,0,0,0,0,0,0,0,0,0,0
Anadolu Efes Istanbul,24,Ercan Osmani,,35,24.1,844.3,370,10.6,142,270,52.6,34,81,42.0,52,66,78.8,42,119,161,46,17,5,71,84,58.9,61.9,22.0,100.0,14.7,3.2,6.8,19.9,13.2,10.1,1.1,0.7,19.2,0.24,0.9,-0.39,1.29,0,0,0,189,108,57.1,81,34,42,0,0,0,71,0,0,0,0,0,0,0,0,0,0,0,0,0
Kosner Baskonia Vitoria-Gasteiz,3,Markquis Nowell,,19,11.7,223.1,92,4.8,29,68,42.6,15,44,34.1,19,21,90.5,4,14,18,45,9,0,13,32,53.7,59.6,19.0,102.0,6.3,3.0,2.4,8.2,5.3,32.4,2.1,0.0,14.4,0.31,0.89,0.75,0.14,0,0,0,24,14,58.3,44,15,34.1,0,0,0,13,0,0,0,0,0,0,0,0,0,0,0,0,0
Paris Basketball,24,Yakuba Ouattara,,34,16.8,572.5,204,6.0,72,187,38.5,39,98,39.8,21,28,75.0,24,42,66,38,13,4,28,36,48.9,51.2,17.3,89.7,7.7,3.7,4.9,9.1,6.9,10.2,1.2,0.8,12.3,0.15,0.88,0.39,0.5,0,0,0,89,33,37.1,98,39,39.8,0,0,0,28,0,0,0,0,0,0,0,0,0,0,0,0,0
AS Monaco,22,Terry Tarpey,,39,7.1,276.8,72,1.8,28,49,57.1,11,24,45.8,5,8,62.5,24,40,64,14,14,3,6,34,68.4,68.5,10.0,123.0,2.5,0.8,10.9,18.2,14.6,7.5,2.7,1.1,10.3,0.16,0.87,0.15,0.72,0,0,0,25,17,68,24,11,45.8,0,0,0,6,0,0,0,0,0,0,0,0,0,0,0,0,0
AS Monaco,5,Yoan Makoundou,,9,4.2,37.5,31,3.4,10,14,71.4,0,1,0.0,11,12,91.7,1,8,9,0,2,1,2,5,71.4,80.4,26.4,145.7,4.5,0.1,3.5,25.1,14.9,0.0,2.8,2.7,9.4,0.86,0.86,0.22,0.64,0,0,0,13,10,76.9,1,0,0,0,0,0,2,0,0,0,0,0,0,0,0,0,0,0,0,0
Zalgiris Kaunas,4,Kajus Mikalauskas,,8,2.3,18.1,5,0.6,2,5,40.0,1,3,33.3,0,0,0,0,1,1,5,2,0,1,2,50.0,50.0,15.5,83.3,0.8,0.5,0.0,6.7,3.5,39.4,6.0,0.0,16.7,0.0,0.84,0.18,0.66,0,0,0,2,1,50,3,1,33.3,0,0,0,1,0,0,0,0,0,0,0,0,0,0,0,0,0
Virtus Bologna,9,Alen Smailagic,,31,16.5,511.1,229,7.4,81,171,47.4,29,83,34.9,38,50,76.0,23,55,78,29,19,6,25,57,55.8,59.3,20.5,105.0,10.1,3.7,6.0,14.3,10.2,10.0,2.0,1.3,11.5,0.29,0.83,0.07,0.76,0,0,0,88,52,59.1,83,29,34.9,0,0,0,25,0,0,0,0,0,0,0,0,0,0,0,0,0
Zalgiris Kaunas,91,Deividas Sirvydis,,41,8.1,331.3,114,2.8,39,108,36.1,22,74,29.7,14,15,93.3,9,30,39,24,9,2,15,27,46.3,49.7,18.8,88.0,3.9,2.5,3.6,11.9,7.7,11.1,1.5,0.6,11.6,0.14,0.83,0.36,0.47,0,0,0,34,17,50,74,22,29.7,0,0,0,15,0,0,0,0,0,0,0,0,0,0,0,0,0
Fenerbahce Beko Istanbul,92,Khem Birch,,43,16.5,711.4,166,3.9,61,97,62.9,0,0,0,44,65,67.7,65,106,171,19,14,16,43,134,62.9,66.1,11.5,98.5,5.4,0.0,12.4,18.9,15.8,4.2,1.1,2.3,25.5,0.67,0.82,-1.53,2.35,0,0,0,97,61,62.9,0,0,0,0,0,0,43,0,0,0,0,0,0,0,0,0,0,0,0,0
Kosner Baskonia Vitoria-Gasteiz,7,Rodions Kurucs,,20,22.1,441.9,155,7.8,58,130,44.6,23,55,41.8,16,27,59.3,33,50,83,32,18,1,28,47,53.5,54.6,18.2,91.2,10.2,3.6,9.9,15.4,12.6,11.6,2.2,0.2,16.5,0.21,0.81,0.78,0.03,0,0,0,75,35,46.7,55,23,41.8,0,0,0,28,0,0,0,0,0,0,0,0,0,0,0,0,0
Zalgiris Kaunas,9,Dovydas Giedraitis,,22,11.3,249.7,36,1.6,14,37,37.8,6,21,28.6,2,4,50.0,12,16,28,24,7,0,11,31,45.9,46.4,9.8,72.3,2.3,1.3,6.4,8.3,7.4,14.0,1.6,0.0,22.1,0.11,0.81,-0.05,0.86,0,0,0,16,8,50,21,6,28.6,0,0,0,11,0,0,0,0,0,0,0,0,0,0,0,0,0
Real Madrid,9,Gabriele Procida,,12,3.3,39.9,13,1.1,4,10,40.0,2,5,40.0,3,3,100.0,2,2,4,1,0,0,1,4,50.0,57.4,14.2,105.5,1.5,0.6,6.2,6.1,6.1,3.8,0.0,0.0,8.1,0.3,0.77,0.18,0.59,0,0,0,5,2,40,5,2,40,0,0,0,1,0,0,0,0,0,0,0,0,0,0,0,0,0
Partizan Mozzart Bet Belgrade,33,Nick Calathes,,31,19.2,596.2,134,4.3,54,145,37.2,17,58,29.3,9,16,56.2,13,63,76,131,27,2,45,74,43.1,44.1,16.1,68.0,5.9,2.5,2.8,14.1,8.3,34.2,2.5,0.4,22.8,0.11,0.72,-1.58,2.3,0,0,0,87,37,42.5,58,17,29.3,0,0,0,45,0,0,0,0,0,0,0,0,0,0,0,0,0
Kosner Baskonia Vitoria-Gasteiz,5,Eugene Omoruyi,,23,20.2,465.2,246,10.7,75,175,42.9,21,66,31.8,75,96,78.1,35,51,86,43,14,4,45,46,48.9,56.6,26.3,93.8,13.9,3.7,9.7,14.8,12.2,15.8,1.6,0.8,17.2,0.55,0.71,1.06,-0.35,0,0,0,109,54,49.5,66,21,31.8,0,0,0,45,0,0,0,0,0,0,0,0,0,0,0,0,0
FC Bayern Munich,44,Kamar Baldwin,,9,16.3,146.9,60,6.7,22,58,37.9,6,22,27.3,10,11,90.9,3,14,17,22,8,0,10,19,43.1,47.7,24.2,82.4,9.3,3.4,2.6,13.4,7.7,27.0,3.0,0.0,13.7,0.19,0.64,-1.29,1.93,0,0,0,36,16,44.4,22,6,27.3,0,0,0,10,0,0,0,0,0,0,0,0,0,0,0,0,0
Fenerbahce Beko Istanbul,30,Chris Silva,,16,8.7,139.2,70,4.4,27,44,61.4,0,0,0,16,18,88.9,13,14,27,6,5,2,15,30,61.4,67.4,23.4,104.6,6.2,0.0,12.4,13.3,12.9,7.9,2.0,1.5,22.4,0.41,0.63,-1.18,1.81,0,0,0,44,27,61.4,0,0,0,0,0,0,15,0,0,0,0,0,0,0,0,0,0,0,0,0
LDLC ASVEL Villeurbanne,3,Shaquille Harrison,,31,17.7,548.6,225,7.3,84,187,44.9,14,50,28.0,43,68,63.2,19,60,79,58,38,3,33,43,48.7,51.9,21.5,90.0,9.8,2.2,4.2,14.8,9.2,19.2,3.8,0.6,13.2,0.36,0.63,-1.2,1.82,0,0,0,137,70,51.1,50,14,28,0,0,0,33,0,0,0,0,0,0,0,0,0,0,0,0,0
Fenerbahce Beko Istanbul,17,Onuralp Bitim,,34,9.0,307.6,77,2.3,29,58,50.0,12,33,36.4,7,13,53.8,6,33,39,8,11,7,11,44,60.3,60.4,11.8,103.1,3.2,1.4,2.7,13.8,8.4,4.2,2.0,2.4,14.7,0.22,0.6,-1.29,1.89,0,0,0,25,17,68,33,12,36.4,0,0,0,11,0,0,0,0,0,0,0,0,0,0,0,0,0
Hapoel IBI Tel Aviv,21,Tai Odiase,,37,9.3,345.8,102,2.8,41,68,60.3,0,0,0,20,27,74.1,14,36,50,10,11,7,12,44,60.3,63.8,12.9,111.0,3.7,0.0,5.6,13.1,9.5,4.4,1.7,2.0,13.1,0.4,0.58,-0.41,0.99,0,0,0,68,41,60.3,0,0,0,0,0,0,12,0,0,0,0,0,0,0,0,0,0,0,0,0
FC Bayern Munich,26,Spencer Dinwiddie,,11,23.1,253.7,129,11.7,37,95,38.9,16,53,30.2,39,48,81.2,4,18,22,32,3,2,28,31,47.4,55.5,27.1,89.5,15.9,6.5,1.9,9.3,5.5,23.6,0.6,0.8,19.4,0.51,0.58,-0.66,1.24,0,0,0,42,21,50,53,16,30.2,0,0,0,28,0,0,0,0,0,0,0,0,0,0,0,0,0
Real Madrid,33,Gunars Grinvalds,,1,0.8,0.8,0,0.0,0,0,0,0,0,0,0,0,0,0,0,0,0,0,0,0,0,0,0,0.0,0,0.0,0.0,0.0,0.0,0.0,0.0,0.0,0.0,0,0,0.57,-0.02,0.6,0,0,0,0,0,0,0,0,0,0,0,0,0,0,0,0,0,0,0,0,0,0,0,0,0,0
Real Madrid,1,David Kramer,,17,8.7,148.4,33,1.9,11,34,32.4,8,25,32.0,3,6,50.0,5,11,16,12,2,0,6,28,44.1,45.0,13.7,77.4,2.6,2.0,4.7,9.3,7.1,11.4,0.7,0.0,14.1,0.18,0.57,-0.3,0.88,0,0,0,9,3,33.3,25,8,32,0,0,0,6,0,0,0,0,0,0,0,0,0,0,0,0,0
FC Barcelona,14,Willy Hernangomez,,40,13.2,528.0,218,5.5,75,147,51.0,1,4,25.0,67,102,65.7,56,94,150,18,13,14,41,77,51.4,56.8,21.5,93.6,7.6,0.1,14.0,24.3,19.1,5.5,1.4,2.9,17.6,0.69,0.57,-0.31,0.87,0,0,0,143,74,51.7,4,1,25,0,0,0,41,0,0,0,0,0,0,0,0,0,0,0,0,0
Partizan Mozzart Bet Belgrade,24,Bruno Fernando,,32,18.4,588.6,268,8.4,102,163,62.6,1,2,50.0,63,85,74.1,53,89,142,21,18,19,52,82,62.9,66.9,20.9,106.2,11.4,0.1,11.5,20.3,15.8,6.4,1.7,3.6,20.6,0.52,0.55,-1.0,1.56,0,0,0,161,101,62.7,2,1,50,0,0,0,52,0,0,0,0,0,0,0,0,0,0,0,0,0
Maccabi Rapyd Tel Aviv,12,John Dibartolomeo,,32,12.1,386.9,109,3.4,32,82,39.0,26,68,38.2,19,22,86.4,20,30,50,25,24,0,9,54,54.9,59.4,11.7,108.3,4.4,2.7,6.2,10.1,8.1,9.4,3.2,0.0,8.9,0.27,0.54,0.45,0.09,0,0,0,14,6,42.9,68,26,38.2,0,0,0,9,0,0,0,0,0,0,0,0,0,0,0,0,0
Kosner Baskonia Vitoria-Gasteiz,18,Khalifa Diop,,17,17.0,288.2,70,4.1,29,42,69.0,0,0,0,12,18,66.7,36,44,80,12,10,8,17,45,69.0,70.1,11.0,104.6,5.5,0.0,16.3,20.6,18.5,6.4,1.9,2.8,25.4,0.43,0.51,0.14,0.36,0,0,0,42,29,69,0,0,0,0,0,0,17,0,0,0,0,0,0,0,0,0,0,0,0,0
Panathinaikos AKTOR Athens,44,Konstantinos Mitoglou,,39,10.3,401.2,148,3.8,56,127,44.1,10,43,23.3,26,32,81.2,27,60,87,17,12,8,17,45,48.0,52.5,18.8,93.6,5.2,1.5,8.5,19.5,13.9,6.5,1.6,2.2,10.8,0.25,0.5,-0.03,0.53,0,0,0,84,46,54.8,43,10,23.3,0,0,0,17,0,0,0,0,0,0,0,0,0,0,0,0,0
Anadolu Efes Istanbul,10,Isaia Cordinier,,29,24.0,696.9,258,8.9,88,215,40.9,28,102,27.5,54,64,84.4,17,64,81,57,22,7,43,73,47.4,53.1,20.7,90.2,12.4,4.9,3.3,12.9,8.0,14.3,1.8,1.2,15.0,0.3,0.49,-1.06,1.55,0,0,0,113,60,53.1,102,28,27.5,0,0,0,43,0,0,0,0,0,0,0,0,0,0,0,0,0
Valencia Basket,18,Ike Iroegbu,,2,12.3,24.7,11,5.5,3,6,50.0,2,3,66.7,3,4,75.0,0,0,0,1,0,0,3,3,66.7,70.9,18.5,102.2,7.1,1.9,0.0,0.0,0.0,6.0,0.0,0.0,27.9,0.67,0.49,-0.06,0.55,0,0,0,3,1,33.3,3,2,66.7,0,0,0,3,0,0,0,0,0,0,0,0,0,0,0,0,0
FC Barcelona,3,Myles Cale,,39,13.2,515.9,111,2.8,41,104,39.4,16,55,29.1,13,17,76.5,26,39,65,24,17,5,9,62,47.1,49.8,11.4,92.1,4.0,2.0,6.7,10.4,8.5,6.8,1.9,1.1,7.5,0.16,0.48,-0.36,0.84,0,0,0,49,25,51,55,16,29.1,0,0,0,9,0,0,0,0,0,0,0,0,0,0,0,0,0
Virtus Bologna,3,Carsen Edwards,,36,25.4,915.3,623,17.3,225,571,39.4,90,282,31.9,83,104,79.8,12,69,81,84,31,3,92,66,47.3,50.5,37.3,87.9,23.8,10.8,1.7,9.9,5.8,19.2,1.9,0.4,13.0,0.18,0.48,0.7,-0.22,0,0,0,289,135,46.7,282,90,31.9,0,0,0,92,0,0,0,0,0,0,0,0,0,0,0,0,0
Dubai Basketball,11,Kosta Kondic,,20,9.4,188.0,71,3.5,22,54,40.7,12,38,31.6,15,17,88.2,5,15,20,17,12,0,7,34,51.9,57.7,17.2,103.7,4.7,2.5,3.5,10.1,6.9,13.9,3.5,0.0,10.2,0.31,0.48,0.09,0.39,0,0,0,16,10,62.5,38,12,31.6,0,0,0,7,0,0,0,0,0,0,0,0,0,0,0,0,0
Kosner Baskonia Vitoria-Gasteiz,25,Clement Frisch,,27,12.9,347.5,122,4.5,50,86,58.1,20,46,43.5,2,2,100.0,16,55,71,14,12,2,10,40,69.8,70.2,13.1,125.9,5.9,2.2,6.0,21.1,13.4,6.6,1.8,0.6,10.3,0.02,0.48,0.59,-0.1,0,0,0,40,30,75,46,20,43.5,0,0,0,10,0,0,0,0,0,0,0,0,0,0,0,0,0
Paris Basketball,4,Leopold Cavaliere,,36,14.0,503.6,112,3.1,48,99,48.5,7,27,25.9,9,16,56.2,39,75,114,28,17,2,17,57,52.0,52.8,10.7,91.0,4.0,1.0,9.0,18.4,13.6,8.2,1.7,0.4,13.8,0.16,0.47,-0.52,0.99,0,0,0,72,41,56.9,27,7,25.9,0,0,0,17,0,0,0,0,0,0,0,0,0,0,0,0,0
Baskonia Vitoria-Gasteiz,6,Hamidou Diallo,,11,22.9,251.4,146,13.3,53,106,50.0,3,20,15.0,37,54,68.5,16,36,52,21,9,5,22,30,51.4,56.3,28.3,96.2,17.5,2.4,8.5,17.5,13.2,14.7,1.9,1.9,14.5,0.51,0.37,0.15,0.23,0,0,0,86,50,58.1,20,3,15,0,0,0,22,0,0,0,0,0,0,0,0,0,0,0,0,0
Zalgiris Kaunas,8,Ignas Brazdeikis,,41,13.7,561.7,184,4.5,71,193,36.8,22,65,33.8,20,26,76.9,22,49,71,30,9,2,18,52,42.5,45.0,19.1,82.7,6.2,2.2,5.1,11.4,8.3,8.3,0.9,0.3,8.1,0.13,0.35,0.1,0.26,0,0,0,128,49,38.3,65,22,33.8,0,0,0,18,0,0,0,0,0,0,0,0,0,0,0,0,0
FC Bayern Munich,7,Johannes Voigtmann,,29,10.3,299.1,85,2.9,32,72,44.4,15,41,36.6,6,8,75.0,16,61,77,40,8,4,20,25,54.9,56.3,15.4,89.0,4.0,1.9,7.0,26.7,16.8,20.9,1.5,1.5,20.9,0.11,0.32,-1.05,1.37,0,0,0,31,17,54.8,41,15,36.6,0,0,0,20,0,0,0,0,0,0,0,0,0,0,0,0,0
Maccabi Rapyd Tel Aviv,21,Jeffrey Dowtin Jr,,31,10.5,325.8,153,4.9,53,127,41.7,22,55,40.0,25,35,71.4,4,16,20,46,11,1,17,27,50.4,53.7,22.1,96.0,6.5,2.3,1.5,6.5,3.9,23.5,1.8,0.3,10.7,0.28,0.29,0.69,-0.41,0,0,0,72,31,43.1,55,22,40,0,0,0,17,0,0,0,0,0,0,0,0,0,0,0,0,0
Fenerbahce Beko Istanbul,32,Arturs Zagars,,12,4.7,56.4,17,1.4,4,11,36.4,1,4,25.0,8,10,80.0,0,1,1,8,3,0,5,4,40.9,55.2,17.6,83.3,2.0,0.5,0.0,2.3,1.2,22.1,3.0,0.0,24.5,0.91,0.28,-1.25,1.52,0,0,0,7,3,42.9,4,1,25,0,0,0,5,0,0,0,0,0,0,0,0,0,0,0,0,0
Virtus Bologna,31,Aliou Diarra,,31,9.6,298.0,126,4.1,55,80,68.8,0,0,0,16,29,55.2,37,50,87,20,7,17,16,53,68.8,67.9,17.7,115.9,5.6,0.0,16.8,22.0,19.4,12.5,1.3,6.5,14.7,0.36,0.26,-0.47,0.74,0,0,0,80,55,68.8,0,0,0,0,0,0,16,0,0,0,0,0,0,0,0,0,0,0,0,0
FC Bayern Munich,33,David Mccormack,,30,14.4,433.5,192,6.4,79,133,59.4,0,3,0.0,34,48,70.8,29,60,89,22,22,5,35,72,59.4,62.3,21.3,101.5,8.9,0.1,8.7,19.0,13.7,9.0,2.9,1.3,18.5,0.36,0.26,-1.58,1.84,0,0,0,130,79,60.8,3,0,0,0,0,0,35,0,0,0,0,0,0,0,0,0,0,0,0,0
Real Madrid,13,Izan Almansa,,5,1.9,9.6,2,0.4,1,1,100.0,0,0,0,0,0,0,0,0,0,0,0,0,1,3,100.0,100.0,9.5,100.0,0.5,0.0,0.0,0.0,0.0,0.0,0.0,0.0,50.0,0.0,0.26,-0.38,0.64,0,0,0,1,1,100,0,0,0,0,0,0,1,0,0,0,0,0,0,0,0,0,0,0,0,0
Anadolu Efes Istanbul,15,Pj Dozier,,25,22.5,562.7,248,9.9,94,248,37.9,32,94,34.0,28,40,70.0,15,46,61,64,27,4,40,62,44.4,46.7,27.2,81.2,13.7,5.2,3.6,11.4,7.4,21.0,2.7,0.8,13.1,0.16,0.24,-1.17,1.41,0,0,0,154,62,40.3,94,32,34,0,0,0,40,0,0,0,0,0,0,0,0,0,0,0,0,0
EA7 Emporio Armani Milan,42,Bryant Dunston,,30,6.2,186.1,49,1.6,16,26,61.5,0,1,0.0,17,23,73.9,16,20,36,7,5,12,3,28,61.5,67.8,10.5,125.3,2.3,0.0,11.8,14.4,13.1,5.8,1.5,6.6,7.7,0.88,0.19,0.21,-0.02,0,0,0,25,16,64,1,0,0,0,0,0,3,0,0,0,0,0,0,0,0,0,0,0,0,0
Hapoel IBI Tel Aviv,11,Tyler Ennis,,20,4.2,83.7,45,2.2,12,29,41.4,9,18,50.0,12,15,80.0,2,6,8,6,3,0,6,15,56.9,63.2,24.3,108.2,3.1,1.2,3.4,9.1,6.4,10.9,2.0,0.0,14.4,0.52,0.18,-0.29,0.47,0,0,0,11,3,27.3,18,9,50,0,0,0,6,0,0,0,0,0,0,0,0,0,0,0,0,0
Maccabi Rapyd Tel Aviv,3,Marcio Santos,,38,13.7,520.4,256,6.7,75,152,49.3,24,60,40.0,82,102,80.4,26,34,60,24,21,12,38,117,57.2,65.0,20.4,109.0,8.8,2.1,6.1,8.5,7.2,7.4,2.1,2.5,16.2,0.67,0.16,0.04,0.12,0,0,0,92,51,55.4,60,24,40,0,0,0,38,0,0,0,0,0,0,0,0,0,0,0,0,0
Valencia Basket,32,Isaac Nogues,,22,1.9,42.3,0,0.0,0,4,0.0,0,2,0.0,0,0,0,2,7,9,6,5,0,2,16,0.0,0.0,6.4,0.0,0.0,0.1,5.9,20.9,13.4,17.3,6.2,0.0,33.3,0.0,0.14,-0.8,0.94,0,0,0,2,0,0,2,0,0,0,0,0,2,0,0,0,0,0,0,0,0,0,0,0,0,0
Crvena Zvezda Meridianbet Belgrade,14,Jasiel Rivero,,9,9.8,88.4,43,4.8,17,28,60.7,0,0,0,9,13,69.2,6,9,15,1,1,0,3,11,60.7,63.8,19.1,117.1,6.3,0.0,8.6,14.2,11.2,1.9,0.6,0.0,8.2,0.46,0.14,-0.66,0.8,0,0,0,28,17,60.7,0,0,0,0,0,0,3,0,0,0,0,0,0,0,0,0,0,0,0,0
Fenerbahce Beko Istanbul,1,Metecan Birsen,,32,8.4,269.8,57,1.8,17,44,38.6,7,20,35.0,16,19,84.2,15,37,52,8,8,2,11,39,46.6,54.4,11.3,90.0,2.5,0.9,7.5,16.9,12.4,4.5,1.6,0.8,17.4,0.43,0.12,-1.48,1.6,0,0,0,24,10,41.7,20,7,35,0,0,0,11,0,0,0,0,0,0,0,0,0,0,0,0,0
Crvena Zvezda Meridianbet Belgrade,7,Dejan Davidovac,,30,10.0,299.0,55,1.8,21,38,55.3,5,12,41.7,8,11,72.7,17,27,44,9,9,2,5,36,61.8,64.2,7.3,115.0,2.4,0.5,7.3,11.4,9.4,4.3,1.6,0.8,10.5,0.29,0.1,-1.05,1.16,0,0,0,26,16,61.5,12,5,41.7,0,0,0,5,0,0,0,0,0,0,0,0,0,0,0,0,0
Baskonia Vitoria-Gasteiz,8,Tadas Sedekerskis,,11,25.5,280.9,90,8.2,37,76,48.7,11,42,26.2,5,10,50.0,12,41,53,15,3,1,10,11,55.9,56.0,15.1,99.6,10.8,5.0,5.7,17.9,12.0,8.3,0.6,0.3,11.1,0.13,0.1,0.68,-0.59,0,0,0,34,26,76.5,42,11,26.2,0,0,0,10,0,0,0,0,0,0,0,0,0,0,0,0,0
Zalgiris Kaunas,17,Mantas Rubstavicius,,28,2.6,73.5,31,1.1,9,25,36.0,7,16,43.8,6,6,100.0,2,8,10,3,1,0,4,13,50.0,56.1,20.7,98.0,1.5,0.8,3.6,14.0,8.9,6.2,0.8,0.0,12.6,0.24,0.09,-0.1,0.19,0,0,0,9,2,22.2,16,7,43.8,0,0,0,4,0,0,0,0,0,0,0,0,0,0,0,0,0
Hapoel IBI Tel Aviv,26,Yam Madar,,28,5.5,155.3,50,1.8,15,53,28.3,4,25,16.0,16,19,84.2,4,13,17,22,9,1,6,17,32.1,40.7,21.1,74.2,2.4,1.2,3.5,10.6,7.2,20.4,3.1,0.6,8.9,0.36,0.08,-0.59,0.67,0,0,0,28,11,39.3,25,4,16,0,0,0,6,0,0,0,0,0,0,0,0,0,0,0,0,0
Hapoel IBI Tel Aviv,10,Bar Timor,,26,2.2,57.8,20,0.8,8,15,53.3,3,5,60.0,1,1,100.0,0,5,5,6,5,0,2,8,63.3,64.8,14.8,114.7,1.0,0.3,0.0,11.4,6.0,15.9,4.7,0.0,11.5,0.07,0.08,-0.49,0.56,0,0,0,10,5,50,5,3,60,0,0,0,2,0,0,0,0,0,0,0,0,0,0,0,0,0
Anadolu Efes Istanbul,9,Georgios Papagiannis,,4,14.2,56.6,9,2.2,4,11,36.4,1,3,33.3,0,0,0,5,10,15,3,1,3,1,3,40.9,40.9,10.4,75.0,3.3,1.1,11.4,23.4,17.3,7.9,1.0,5.7,8.3,0.0,0.05,-1.07,1.12,0,0,0,8,3,37.5,3,1,33.3,0,0,0,1,0,0,0,0,0,0,0,0,0,0,0,0,0
FC Barcelona,19,Youssoupha Fall,,35,3.9,134.8,52,1.5,22,32,68.8,0,0,0,8,13,61.5,15,25,40,4,2,3,3,15,68.8,68.9,14.8,127.7,2.1,0.0,14.9,25.5,20.1,5.0,0.8,2.4,7.4,0.41,0.02,-0.31,0.33,0,0,0,32,22,68.8,0,0,0,0,0,0,3,0,0,0,0,0,0,0,0,0,0,0,0,0
Maccabi Rapyd Tel Aviv,13,Tamir Gold,,3,0,0.0,0,0,0,0,0,0,0,0,0,0,0,0,0,0,0,0,0,0,0,0,0,0,0,0,0,0,0,0,0,0,0,0,0,0,0,0,0,0,0,0,0,0,0,0,0,0,0,0,0,0,0,0,0,0,0,0,0,0,0,0,0,0
Kosner Baskonia Vitoria-Gasteiz,30,Mate Khatiashvili,,1,0,0.0,0,0,0,0,0,0,0,0,0,0,0,0,0,0,0,0,0,0,0,0,0,0,0,0,0,0,0,0,0,0,0,0,0,0,0,0,0,0,0,0,0,0,0,0,0,0,0,0,0,0,0,0,0,0,0,0,0,0,0,0,0,0
Maccabi Rapyd Tel Aviv,5,Amit Ebo,,3,0,0.0,0,0,0,0,0,0,0,0,0,0,0,0,0,0,0,0,0,0,0,0,0,0,0,0,0,0,0,0,0,0,0,0,0,0,0,0,0,0,0,0,0,0,0,0,0,0,0,0,0,0,0,0,0,0,0,0,0,0,0,0,0,0
FC Bayern Munich,17,Kilian Fischer,,2,0,0.0,0,0,0,0,0,0,0,0,0,0,0,0,0,0,0,0,0,0,0,0,0,0,0,0,0,0,0,0,0,0,0,0,0,0,0,0,0,0,0,0,0,0,0,0,0,0,0,0,0,0,0,0,0,0,0,0,0,0,0,0,0,0
Kosner Baskonia Vitoria-Gasteiz,21,Juom Maker Bol,,1,0,0.0,0,0,0,0,0,0,0,0,0,0,0,0,0,0,0,0,0,0,0,0,0,0,0,0,0,0,0,0,0,0,0,0,0,0,0,0,0,0,0,0,0,0,0,0,0,0,0,0,0,0,0,0,0,0,0,0,0,0,0,0,0,0
EA7 Emporio Armani Milan,5,Mattia Ceccato,,3,0,0.0,0,0,0,0,0,0,0,0,0,0,0,0,0,0,0,0,0,0,0,0,0,0,0,0,0,0,0,0,0,0,0,0,0,0,0,0,0,0,0,0,0,0,0,0,0,0,0,0,0,0,0,0,0,0,0,0,0,0,0,0,0,0
Crvena Zvezda Meridian Belgrade,7,Dejan Davidovac,,1,0,0.0,0,0,0,0,0,0,0,0,0,0,0,0,0,0,0,0,0,0,0,0,0,0,0,0,0,0,0,0,0,0,0,0,0,0,0,0,0,0,0,0,0,0,0,0,0,0,0,0,0,0,0,0,0,0,0,0,0,0,0,0,0,0
Virtus Bologna,22,Abramo Canka,,6,0,0.0,0,0,0,0,0,0,0,0,0,0,0,0,0,0,0,0,0,0,0,0,0,0,0,0,0,0,0,0,0,0,0,0,0,0,0,0,0,0,0,0,0,0,0,0,0,0,0,0,0,0,0,0,0,0,0,0,0,0,0,0,0,0
Hapoel IBI Tel Aviv,14,Oz Blayzer,,3,0,0.0,0,0,0,0,0,0,0,0,0,0,0,0,0,0,0,0,0,0,0,0,0,0,0,0,0,0,0,0,0,0,0,0,0,0,0,0,0,0,0,0,0,0,0,0,0,0,0,0,0,0,0,0,0,0,0,0,0,0,0,0,0,0
EA7 Emporio Armani Milan,20,Jacopo Vogogna,,1,0,0.0,0,0,0,0,0,0,0,0,0,0,0,0,0,0,0,0,0,0,0,0,0,0,0,0,0,0,0,0,0,0,0,0,0,0,0,0,0,0,0,0,0,0,0,0,0,0,0,0,0,0,0,0,0,0,0,0,0,0,0,0,0,0
Crvena Zvezda Meridianbet Belgrade,5,Aleksej Nedeljkovic,,5,0,0.0,0,0,0,0,0,0,0,0,0,0,0,0,0,0,0,0,0,0,0,0,0,0,0,0,0,0,0,0,0,0,0,0,0,0,0,0,0,0,0,0,0,0,0,0,0,0,0,0,0,0,0,0,0,0,0,0,0,0,0,0,0,0
Crvena Zvezda Meridianbet Belgrade,18,Novak Pavlovic,,1,0,0.0,0,0,0,0,0,0,0,0,0,0,0,0,0,0,0,0,0,0,0,0,0,0,0,0,0,0,0,0,0,0,0,0,0,0,0,0,0,0,0,0,0,0,0,0,0,0,0,0,0,0,0,0,0,0,0,0,0,0,0,0,0,0
Zalgiris Kaunas,27,Dominykas Daubaris,,1,0,0.0,0,0,0,0,0,0,0,0,0,0,0,0,0,0,0,0,0,0,0,0,0,0,0,0,0,0,0,0,0,0,0,0,0,0,0,0,0,0,0,0,0,0,0,0,0,0,0,0,0,0,0,0,0,0,0,0,0,0,0,0,0,0
Anadolu Efes Istanbul,6,Ruzgar Fenemen,,1,0,0.0,0,0,0,0,0,0,0,0,0,0,0,0,0,0,0,0,0,0,0,0,0,0,0,0,0,0,0,0,0,0,0,0,0,0,0,0,0,0,0,0,0,0,0,0,0,0,0,0,0,0,0,0,0,0,0,0,0,0,0,0,0,0
Anadolu Efes Istanbul,19,Burakcan Yildizli,,1,0,0.0,0,0,0,0,0,0,0,0,0,0,0,0,0,0,0,0,0,0,0,0,0,0,0,0,0,0,0,0,0,0,0,0,0,0,0,0,0,0,0,0,0,0,0,0,0,0,0,0,0,0,0,0,0,0,0,0,0,0,0,0,0,0
LDLC ASVEL Villeurbanne,88,Marvyn Wade,,2,0,0.0,0,0,0,0,0,0,0,0,0,0,0,0,0,0,0,0,0,0,0,0,0,0,0,0,0,0,0,0,0,0,0,0,0,0,0,0,0,0,0,0,0,0,0,0,0,0,0,0,0,0,0,0,0,0,0,0,0,0,0,0,0,0
FC Bayern Munich,12,Aleksa Radanov,,1,0,0.0,0,0,0,0,0,0,0,0,0,0,0,0,0,0,0,0,0,0,0,0,0,0,0,0,0,0,0,0,0,0,0,0,0,0,0,0,0,0,0,0,0,0,0,0,0,0,0,0,0,0,0,0,0,0,0,0,0,0,0,0,0,0
Crvena Zvezda Meridianbet Belgrade,17,Lazar Stojkovic,,3,0,0.0,0,0,0,0,0,0,0,0,0,0,0,0,0,0,0,0,0,0,0,0,0,0,0,0,0,0,0,0,0,0,0,0,0,0,0,0,0,0,0,0,0,0,0,0,0,0,0,0,0,0,0,0,0,0,0,0,0,0,0,0,0,0
Baskonia Vitoria-Gasteiz,14,Joseba Querejeta,,1,0,0.0,0,0,0,0,0,0,0,0,0,0,0,0,0,0,0,0,0,0,0,0,0,0,0,0,0,0,0,0,0,0,0,0,0,0,0,0,0,0,0,0,0,0,0,0,0,0,0,0,0,0,0,0,0,0,0,0,0,0,0,0,0,0
AS Monaco,15,Nick Calathes,,5,0,0.0,0,0,0,0,0,0,0,0,0,0,0,0,0,0,0,0,0,0,0,0,0,0,0,0,0,0,0,0,0,0,0,0,0,0,0,0,0,0,0,0,0,0,0,0,0,0,0,0,0,0,0,0,0,0,0,0,0,0,0,0,0,0
Dubai Basketball,7,Klemen Prepelic,,35,10.4,363.1,97,2.8,26,70,37.1,18,56,32.1,27,34,79.4,4,27,31,49,12,0,20,68,50.0,57.1,13.8,92.4,3.7,2.2,1.5,9.2,5.5,19.7,1.8,0.0,19.1,0.49,-0.01,-0.33,0.32,0,0,0,14,8,57.1,56,18,32.1,0,0,0,20,0,0,0,0,0,0,0,0,0,0,0,0,0
Panathinaikos AKTOR Athens,27,Vassilis Toliopoulos,,23,4.2,95.6,52,2.3,16,47,34.0,11,32,34.4,9,9,100.0,2,4,6,11,2,0,2,12,45.7,51.0,26.6,98.2,3.1,1.9,2.6,5.6,4.0,19.6,1.2,0.0,3.8,0.19,-0.02,-0.02,-0.0,0,0,0,15,5,33.3,32,11,34.4,0,0,0,2,0,0,0,0,0,0,0,0,0,0,0,0,0
Dubai Basketball,34,Kenan Kamenjas,,34,8.9,304.1,115,3.4,45,82,54.9,0,2,0.0,25,37,67.6,35,59,94,15,9,1,17,37,54.9,58.5,18.1,99.8,4.6,0.1,15.1,24.1,19.8,8.1,1.6,0.3,14.7,0.45,-0.03,0.09,-0.12,0,0,0,80,45,56.2,2,0,0,0,0,0,17,0,0,0,0,0,0,0,0,0,0,0,0,0
Crvena Zvezda Meridian Belgrade,37,Semi Ojeleye,,1,17.5,17.5,2,2.0,1,3,33.3,0,2,0.0,0,0,0,0,0,0,0,1,0,1,2,33.3,33.3,11.0,50.0,2.8,2.8,0.0,0.0,0.0,0.0,3.2,0.0,25.0,0.0,-0.05,-1.38,1.34,0,0,0,1,1,100,2,0,0,0,0,0,1,0,0,0,0,0,0,0,0,0,0,0,0,0
Baskonia Vitoria-Gasteiz,3,Markquis Nowell,,11,16.3,179.8,67,6.1,25,64,39.1,11,41,26.8,6,10,60.0,2,11,13,39,9,0,15,21,47.7,49.0,21.7,80.3,8.0,4.9,1.5,7.5,4.6,34.0,2.7,0.0,18.0,0.16,-0.05,-0.32,0.27,0,0,0,23,14,60.9,41,11,26.8,0,0,0,15,0,0,0,0,0,0,0,0,0,0,0,0,0
FC Barcelona,2,Juani Marcos,,34,7.8,266.3,62,1.8,23,71,32.4,16,50,32.0,0,0,0,8,20,28,39,11,0,18,38,43.7,43.7,16.4,69.7,2.5,2.0,4.0,10.1,7.0,22.0,2.3,0.0,20.2,0.0,-0.08,-0.72,0.64,0,0,0,21,7,33.3,50,16,32,0,0,0,18,0,0,0,0,0,0,0,0,0,0,0,0,0
Hapoel IBI Tel Aviv,41,Tomer Ginat,,19,7.2,137.2,46,2.4,20,42,47.6,1,10,10.0,5,13,38.5,3,23,26,9,6,1,6,19,48.8,48.2,19.1,85.6,3.3,0.7,3.0,21.8,12.7,10.7,2.4,0.7,11.2,0.31,-0.09,-0.89,0.79,0,0,0,32,19,59.4,10,1,10,0,0,0,6,0,0,0,0,0,0,0,0,0,0,0,0,0
AS Monaco,23,Juhann Begarin,,41,7.6,309.9,105,2.6,38,94,40.4,12,48,25.0,17,21,81.0,18,36,54,16,7,5,10,43,46.8,50.9,17.3,92.7,3.4,1.6,7.3,14.4,10.9,8.0,1.2,1.7,8.8,0.22,-0.12,-0.39,0.27,0,0,0,46,26,56.5,48,12,25,0,0,0,10,0,0,0,0,0,0,0,0,0,0,0,0,0
Anadolu Efes Istanbul,13,Brice Dessert,,19,11.6,219.7,90,4.7,41,60,68.3,0,0,0,8,15,53.3,23,20,43,6,7,9,15,28,68.3,67.6,19.0,110.3,6.7,0.0,14.4,13.1,13.7,5.7,1.8,4.8,18.4,0.25,-0.14,-1.12,0.98,0,0,0,60,41,68.3,0,0,0,0,0,0,15,0,0,0,0,0,0,0,0,0,0,0,0,0
FC Bayern Munich,32,Wenyen Gabriel,,36,16.9,610.0,220,6.1,98,177,55.4,2,11,18.2,22,49,44.9,62,65,127,29,22,25,54,101,55.9,55.4,20.0,87.1,8.4,0.4,13.1,14.2,13.6,8.2,2.0,4.6,21.4,0.28,-0.14,-1.78,1.64,0,0,0,166,96,57.8,11,2,18.2,0,0,0,54,0,0,0,0,0,0,0,0,0,0,0,0,0
Anadolu Efes Istanbul,1,Rodrigue Beaubois,,27,9.6,260.5,108,4.0,44,93,47.3,15,42,35.7,5,5,100.0,2,24,26,23,12,4,10,19,55.4,56.7,20.4,102.7,5.6,2.2,1.0,12.6,6.8,16.9,2.6,1.7,9.5,0.05,-0.19,-1.11,0.93,0,0,0,51,29,56.9,42,15,35.7,0,0,0,10,0,0,0,0,0,0,0,0,0,0,0,0,0
Anadolu Efes Istanbul,21,Cole Swider,,35,7.6,265.8,157,4.5,51,101,50.5,37,78,47.4,18,19,94.7,5,27,32,8,6,0,7,37,68.8,71.8,22.0,134.9,6.2,3.1,2.6,14.4,8.3,5.8,1.3,0.0,6.0,0.19,-0.21,-0.69,0.48,0,0,0,23,14,60.9,78,37,47.4,0,0,0,7,0,0,0,0,0,0,0,0,0,0,0,0,0
FC Bayern Munich,5,Niels Giffey,,34,12.4,423.0,146,4.3,52,115,45.2,19,55,34.5,23,27,85.2,20,26,46,24,14,1,16,51,53.5,57.5,16.5,102.2,5.9,2.2,6.2,8.2,7.2,9.2,1.8,0.3,11.2,0.23,-0.22,-1.23,1.01,0,0,0,60,33,55,55,19,34.5,0,0,0,16,0,0,0,0,0,0,0,0,0,0,0,0,0
Paris Basketball,21,Ismael Bako,,9,9.3,83.3,23,2.6,8,13,61.5,0,0,0,7,16,43.8,7,10,17,1,3,6,6,15,61.5,57.4,13.2,88.3,3.2,0.0,9.3,14.5,11.8,1.9,1.8,9.0,23.0,1.23,-0.24,-1.17,0.93,0,0,0,13,8,61.5,0,0,0,0,0,0,6,0,0,0,0,0,0,0,0,0,0,0,0,0
Dubai Basketball,5,Awudu Abass,,36,14.1,507.7,99,2.8,37,87,42.5,16,48,33.3,9,14,64.3,22,25,47,17,10,4,8,50,51.7,53.1,9.5,97.9,3.7,1.8,5.7,6.1,5.9,4.9,1.1,0.8,7.9,0.16,-0.24,-0.05,-0.2,0,0,0,39,21,53.8,48,16,33.3,0,0,0,8,0,0,0,0,0,0,0,0,0,0,0,0,0
Kosner Baskonia Vitoria-Gasteiz,17,Gytis Radzevicius,,25,17.7,443.0,118,4.7,46,91,50.5,14,40,35.0,12,14,85.7,22,38,60,15,7,2,8,41,58.2,60.7,11.1,112.2,6.1,2.1,6.4,11.6,8.9,5.2,0.8,0.4,7.6,0.15,-0.26,0.32,-0.58,0,0,0,51,32,62.7,40,14,35,0,0,0,8,0,0,0,0,0,0,0,0,0,0,0,0,0
Valencia Basket,77,Yankuba Sima,,9,5.5,49.5,19,2.1,7,15,46.7,1,3,33.3,4,8,50.0,6,3,9,1,1,1,4,16,50.0,51.3,20.8,84.4,2.7,0.4,15.0,7.4,11.2,3.2,1.1,2.2,17.8,0.53,-0.29,-0.93,0.64,0,0,0,12,6,50,3,1,33.3,0,0,0,4,0,0,0,0,0,0,0,0,0,0,0,0,0
Valencia Basket,6,Xabi Lopez-Arostegui,,12,7.1,84.7,17,1.4,5,21,23.8,3,14,21.4,4,5,80.0,2,7,9,7,2,0,6,11,31.0,36.6,15.4,58.2,1.8,1.5,2.8,9.9,6.3,10.9,1.2,0.0,20.5,0.24,-0.3,-0.96,0.66,0,0,0,7,2,28.6,14,3,21.4,0,0,0,6,0,0,0,0,0,0,0,0,0,0,0,0,0
Fenerbahce Beko Istanbul,0,Armando Bacot Jr,,32,8.2,263.0,62,1.9,22,55,40.0,5,16,31.2,13,16,81.2,20,27,47,16,7,8,25,53,44.5,50.0,15.9,71.2,2.7,0.7,10.2,12.8,11.6,9.4,1.5,3.1,28.7,0.29,-0.36,-1.94,1.58,0,0,0,39,17,43.6,16,5,31.2,0,0,0,25,0,0,0,0,0,0,0,0,0,0,0,0,0
FC Barcelona,41,Sayon Keita,,9,5.7,51.6,15,1.7,7,12,58.3,0,0,0,1,2,50.0,4,5,9,1,3,1,4,7,58.3,58.2,15.8,88.9,2.2,0.0,9.9,12.3,11.1,3.2,3.2,2.0,23.7,0.17,-0.39,-0.87,0.48,0,0,0,12,7,58.3,0,0,0,0,0,0,4,0,0,0,0,0,0,0,0,0,0,0,0,0
Anadolu Efes Istanbul,11,Rolands Smits,,34,19.0,647.1,231,6.8,87,172,50.6,24,72,33.3,33,45,73.3,33,72,105,25,12,2,27,93,57.6,60.2,17.0,105.6,9.5,3.0,6.9,15.8,11.3,6.9,1.0,0.4,12.3,0.26,-0.41,-1.32,0.91,0,0,0,100,63,63,72,24,33.3,0,0,0,27,0,0,0,0,0,0,0,0,0,0,0,0,0
Panathinaikos AKTOR Athens,5,Panagiotis Kalaitzakis,,33,4.0,132.8,26,0.8,11,25,44.0,3,13,23.1,1,3,33.3,2,14,16,8,7,0,3,19,50.0,49.4,10.6,88.7,1.1,0.5,1.9,13.6,7.7,8.3,2.9,0.0,10.2,0.12,-0.41,-0.68,0.26,0,0,0,12,8,66.7,13,3,23.1,0,0,0,3,0,0,0,0,0,0,0,0,0,0,0,0,0
Crvena Zvezda Meridian Belgrade,99,Yago Dos Santos,,1,10.8,10.8,0,0.0,0,2,0.0,0,1,0.0,0,0,0,1,0,1,2,0,0,2,0,0.0,0.0,17.8,0.0,0.0,1.4,11.5,0.0,5.9,22.4,0.0,0.0,50.0,0.0,-0.43,-0.42,-0.01,0,0,0,1,0,0,1,0,0,0,0,0,2,0,0,0,0,0,0,0,0,0,0,0,0,0
Paris Basketball,11,Joel Ayayi,,17,8.1,136.9,33,1.9,14,37,37.8,5,22,22.7,0,0,0,14,17,31,11,7,0,9,18,44.6,44.6,14.8,71.7,2.5,1.7,12.0,14.8,13.4,12.0,2.6,0.0,19.6,0.0,-0.44,-0.93,0.49,0,0,0,15,9,60,22,5,22.7,0,0,0,9,0,0,0,0,0,0,0,0,0,0,0,0,0
Kosner Baskonia Vitoria-Gasteiz,10,Matteo Spagnolo,,26,15.3,398.2,128,4.9,49,103,47.6,9,32,28.1,21,25,84.0,7,33,40,37,12,2,22,38,51.9,56.1,16.1,94.1,6.4,1.6,2.3,11.0,6.6,14.7,1.6,0.5,16.2,0.24,-0.47,-0.22,-0.25,0,0,0,71,40,56.3,32,9,28.1,0,0,0,22,0,0,0,0,0,0,0,0,0,0,0,0,0
LDLC ASVEL Villeurbanne,1,Zachary Seljaas,,36,20.2,727.5,241,6.7,79,222,35.6,51,169,30.2,32,35,91.4,33,74,107,41,15,1,11,77,47.1,50.8,16.2,97.0,9.1,6.4,5.5,14.2,9.5,9.6,1.1,0.2,4.4,0.16,-0.48,-1.02,0.54,0,0,0,53,28,52.8,169,51,30.2,0,0,0,11,0,0,0,0,0,0,0,0,0,0,0,0,0
Maccabi Rapyd Tel Aviv,35,Zachary Hankins,,14,7.4,103.0,46,3.3,20,26,76.9,0,0,0,6,9,66.7,13,10,23,4,0,4,5,22,76.9,76.8,15.0,131.6,4.2,0.0,15.8,12.8,14.3,6.7,0.0,4.1,14.3,0.35,-0.48,0.13,-0.61,0,0,0,26,20,76.9,0,0,0,0,0,0,5,0,0,0,0,0,0,0,0,0,0,0,0,0
Virtus Bologna,23,Daniel Hackett,,34,14.7,498.7,114,3.4,36,88,40.9,21,52,40.4,21,28,75.0,16,61,77,46,14,1,27,53,52.8,56.8,12.4,89.5,4.6,2.1,4.3,15.8,10.2,14.1,1.5,0.2,21.2,0.32,-0.49,-1.1,0.62,0,0,0,36,15,41.7,52,21,40.4,0,0,0,27,0,0,0,0,0,0,0,0,0,0,0,0,0
Hapoel IBI Tel Aviv,9,Guy Palatin,,15,1.4,21.7,3,0.2,1,2,50.0,1,1,100.0,0,0,0,2,3,5,1,0,0,2,5,75.0,75.0,8.9,75.0,0.3,0.1,13.3,17.7,15.6,6.0,0.0,0.0,50.0,0.0,-0.57,-0.79,0.22,0,0,0,1,0,0,1,1,100,0,0,0,2,0,0,0,0,0,0,0,0,0,0,0,0,0
Fenerbahce Beko Istanbul,10,Melih Mahmutoglu,,15,2.8,41.8,15,1.0,5,17,29.4,4,13,30.8,1,1,100.0,1,2,3,1,0,0,2,3,41.2,43.0,22.5,77.2,1.4,1.2,3.4,5.9,4.7,3.9,0.0,0.0,10.3,0.06,-0.59,-1.46,0.87,0,0,0,4,1,25,13,4,30.8,0,0,0,2,0,0,0,0,0,0,0,0,0,0,0,0,0
LDLC ASVEL Villeurbanne,94,Armel Traore,,36,15.9,572.2,209,5.8,86,153,56.2,21,60,35.0,16,24,66.7,48,78,126,18,16,13,37,66,63.1,63.9,16.6,104.2,8.0,2.3,10.2,19.0,14.3,5.8,1.5,2.5,18.4,0.16,-0.59,-1.47,0.88,0,0,0,93,65,69.9,60,21,35,0,0,0,37,0,0,0,0,0,0,0,0,0,0,0,0,0
Baskonia Vitoria-Gasteiz,1,Mamadi Diakite,,10,14.7,146.6,48,4.8,21,37,56.8,2,9,22.2,4,6,66.7,14,18,32,8,3,14,11,28,59.5,60.5,16.3,94.8,6.3,1.2,12.9,15.2,14.1,8.7,1.1,9.4,21.7,0.16,-0.6,-0.88,0.28,0,0,0,28,19,67.9,9,2,22.2,0,0,0,11,0,0,0,0,0,0,0,0,0,0,0,0,0
Crvena Zvezda Meridianbet Belgrade,2,Stefan Miljenovic,,26,3.4,89.5,29,1.1,6,19,31.6,3,10,30.0,14,17,82.4,1,9,10,9,3,1,4,17,39.5,54.8,15.6,95.1,1.5,0.5,1.4,12.9,7.2,14.5,1.8,1.3,13.1,0.89,-0.68,-1.46,0.78,0,0,0,9,3,33.3,10,3,30,0,0,0,4,0,0,0,0,0,0,0,0,0,0,0,0,0
Partizan Mozzart Bet Belgrade,2,Shake Milton,,23,17.8,409.5,152,6.6,55,128,43.0,9,33,27.3,33,39,84.6,11,21,32,54,10,3,30,46,46.5,52.4,20.9,86.8,9.0,1.9,3.5,7.0,5.2,22.0,1.3,0.8,17.1,0.3,-0.69,-1.62,0.94,0,0,0,95,46,48.4,33,9,27.3,0,0,0,30,0,0,0,0,0,0,0,0,0,0,0,0,0
EA7 Emporio Armani Milan,1,Niccolo Mannion,,31,8.2,254.0,93,3.0,36,92,39.1,16,44,36.4,5,9,55.6,1,13,14,45,2,0,24,26,47.8,48.5,23.3,77.5,4.2,2.0,0.5,6.8,3.7,29.0,0.4,0.0,20.0,0.1,-0.7,-0.14,-0.56,0,0,0,48,20,41.7,44,16,36.4,0,0,0,24,0,0,0,0,0,0,0,0,0,0,0,0,0
EA7 Emporio Armani Milan,77,Nathan Sestina,,14,5.8,81.5,31,2.2,13,30,43.3,3,19,15.8,2,2,100.0,3,5,8,3,4,0,0,13,48.3,50.2,18.2,100.4,3.0,1.8,4.7,7.9,6.3,6.1,2.7,0.0,0.0,0.07,-0.7,-0.23,-0.47,0,0,0,11,10,90.9,19,3,15.8,0,0,0,0,0,0,0,0,0,0,0,0,0,0,0,0,0
Paris Basketball,18,Enzo Shahrvin,,13,7.3,94.9,16,1.2,8,13,61.5,0,0,0,0,3,0.0,7,20,27,5,2,5,7,20,61.5,55.9,9.8,75.0,1.6,0.0,8.5,27.1,17.3,7.3,1.1,5.6,32.8,0.23,-0.71,-1.49,0.78,0,0,0,13,8,61.5,0,0,0,0,0,0,7,0,0,0,0,0,0,0,0,0,0,0,0,0
Valencia Basket,77,Nathan Sestina,,3,9.6,28.9,6,2.0,2,13,15.4,2,10,20.0,0,0,0,2,5,7,3,0,0,0,3,23.1,23.1,19.9,46.2,2.6,4.3,9.0,23.0,16.0,13.3,0.0,0.0,0.0,0.0,-0.76,-0.86,0.1,0,0,0,3,0,0,10,2,20,0,0,0,0,0,0,0,0,0,0,0,0,0,0,0,0,0
Virtus Bologna,34,Karim Jallow,,37,21.0,777.4,195,5.3,76,163,46.6,14,46,30.4,29,48,60.4,30,72,102,36,17,4,35,58,50.9,53.0,13.6,89.0,7.3,1.7,5.2,12.0,8.6,7.3,1.2,0.6,16.0,0.29,-0.85,-1.18,0.33,0,0,0,117,62,53,46,14,30.4,0,0,0,35,0,0,0,0,0,0,0,0,0,0,0,0,0
EA7 Emporio Armani Milan,7,Stefano Tonut,,20,4.5,89.7,9,0.5,3,8,37.5,0,4,0.0,3,4,75.0,2,7,9,5,5,0,1,12,37.5,46.1,5.9,83.6,0.6,0.3,2.9,10.1,6.6,7.7,3.1,0.0,9.3,0.5,-0.85,-0.5,-0.35,0,0,0,4,3,75,4,0,0,0,0,0,1,0,0,0,0,0,0,0,0,0,0,0,0,0
EA7 Emporio Armani Milan,35,Leonardo Tote,,10,1.7,17.2,8,0.8,4,5,80.0,0,0,0,0,1,0.0,2,2,4,1,0,0,1,1,80.0,73.5,18.2,124.2,1.1,0.0,15.1,16.2,15.6,11.3,0.0,0.0,15.5,0.2,-0.88,-0.11,-0.77,0,0,0,5,4,80,0,0,0,0,0,0,1,0,0,0,0,0,0,0,0,0,0,0,0,0
Panathinaikos AKTOR Athens,40,Marius Grigonis,,27,4.1,110.6,19,0.7,7,21,33.3,5,16,31.2,0,0,0,4,9,13,6,1,0,5,18,45.2,45.2,11.3,73.1,1.0,0.8,4.5,10.7,7.5,7.5,0.5,0.0,19.2,0.0,-0.89,-0.83,-0.06,0,0,0,5,2,40,16,5,31.2,0,0,0,5,0,0,0,0,0,0,0,0,0,0,0,0,0
Partizan Mozzart Bet Belgrade,9,Vanja Marinkovic,,18,21.1,380.5,113,6.3,38,100,38.0,23,68,33.8,14,18,77.8,6,23,29,13,10,1,11,31,49.5,52.4,15.2,95.0,8.6,5.1,1.9,8.8,5.1,5.4,1.4,0.3,9.2,0.18,-0.91,-1.41,0.51,0,0,0,32,15,46.9,68,23,33.8,0,0,0,11,0,0,0,0,0,0,0,0,0,0,0,0,0
Crvena Zvezda Meridianbet Belgrade,99,Yago Dos Santos,,28,9.2,258.3,65,2.3,19,79,24.1,11,52,21.2,16,18,88.9,3,16,19,54,6,0,28,36,31.0,37.4,20.3,56.6,3.1,2.4,1.5,7.8,4.7,29.5,1.2,0.0,24.4,0.23,-0.92,-1.83,0.91,0,0,0,27,8,29.6,52,11,21.2,0,0,0,28,0,0,0,0,0,0,0,0,0,0,0,0,0
AS Monaco,6,David Michineau,,16,0.6,8.9,2,0.1,1,4,25.0,0,1,0.0,0,0,0,0,0,0,2,1,0,2,1,25.0,25.0,31.2,33.3,0.2,0.1,0.0,0.0,0.0,32.3,6.0,0.0,33.3,0.0,-0.95,-0.86,-0.09,0,0,0,3,1,33.3,1,0,0,0,0,0,2,0,0,0,0,0,0,0,0,0,0,0,0,0
LDLC ASVEL Villeurbanne,0,Paul Eboua,,18,18.8,337.7,137,7.6,45,95,47.4,19,47,40.4,28,43,65.1,29,48,77,5,2,3,14,49,57.4,60.1,18.1,107.1,10.5,3.6,10.5,20.3,15.0,2.6,0.3,1.0,10.9,0.45,-0.96,-1.23,0.27,0,0,0,48,26,54.2,47,19,40.4,0,0,0,14,0,0,0,0,0,0,0,0,0,0,0,0,0
Hapoel IBI Tel Aviv,20,Levi Randolph,,13,9.5,123.1,24,1.8,9,27,33.3,2,6,33.3,4,7,57.1,5,8,13,4,5,0,5,20,37.0,39.9,13.6,68.4,2.4,0.6,5.5,7.9,6.7,4.4,2.1,0.0,14.3,0.26,-0.97,-1.47,0.5,0,0,0,21,7,33.3,6,2,33.3,0,0,0,5,0,0,0,0,0,0,0,0,0,0,0,0,0
FC Bayern Munich,4,Xavier Rathan-Mayes,,36,13.5,487.2,233,6.5,83,240,34.6,33,129,25.6,34,48,70.8,9,46,55,59,14,3,35,55,41.5,44.6,29.5,78.7,8.9,4.9,2.4,12.7,7.5,21.3,1.6,0.7,11.8,0.2,-1.02,-1.7,0.68,0,0,0,111,50,45,129,33,25.6,0,0,0,35,0,0,0,0,0,0,0,0,0,0,0,0,0
EA7 Emporio Armani Milan,25,Ousmane Diop,,11,1.2,13.3,2,0.2,0,1,0.0,0,0,0,2,2,100.0,0,2,2,1,0,1,0,1,0.0,53.2,7.1,106.4,0.3,0.0,0.0,18.9,9.8,10.3,0.0,7.9,0.0,2.0,-1.02,-0.34,-0.68,0,0,0,1,0,0,0,0,0,0,0,0,0,0,0,0,0,0,0,0,0,0,0,0,0,0
Crvena Zvezda Meridianbet Belgrade,11,Tyson Carter,,12,13.5,161.6,54,4.5,20,60,33.3,9,29,31.0,5,5,100.0,5,10,15,16,4,0,13,21,40.8,43.4,21.5,71.8,6.0,3.2,3.9,8.2,6.0,15.7,1.3,0.0,17.3,0.08,-1.05,-1.72,0.67,0,0,0,31,11,35.5,29,9,31,0,0,0,13,0,0,0,0,0,0,0,0,0,0,0,0,0
Maccabi Rapyd Tel Aviv,4,Gur Lavi,,21,7.7,161.2,59,2.8,23,37,62.2,5,11,45.5,8,10,80.0,9,16,25,4,5,1,12,25,68.9,71.3,15.1,110.5,3.7,0.7,6.8,12.9,9.7,3.9,1.7,0.7,22.5,0.27,-1.06,-0.4,-0.66,0,0,0,26,18,69.2,11,5,45.5,0,0,0,12,0,0,0,0,0,0,0,0,0,0,0,0,0
Dubai Basketball,32,Matt Ryan,,7,1.8,12.8,8,1.1,3,7,42.9,2,6,33.3,0,0,0,1,0,1,0,1,0,2,0,57.1,57.1,33.5,88.9,1.5,1.2,9.9,0.0,5.1,0.0,4.3,0.0,22.2,0.0,-1.07,-0.32,-0.75,0,0,0,1,1,100,6,2,33.3,0,0,0,2,0,0,0,0,0,0,0,0,0,0,0,0,0
Virtus Bologna,45,Nicola Akele,,29,9.2,267.3,67,2.3,31,50,62.0,2,6,33.3,3,6,50.0,19,36,55,18,6,2,8,41,64.0,63.6,10.9,110.5,3.2,0.3,9.3,17.5,13.4,11.0,1.2,0.8,13.2,0.12,-1.09,-1.33,0.24,0,0,0,44,29,65.9,6,2,33.3,0,0,0,8,0,0,0,0,0,0,0,0,0,0,0,0,0
Crvena Zvezda Meridianbet Belgrade,44,Ognjen Radosic,,6,0.1,0.8,0,0.0,0,0,0,0,0,0,0,0,0,0,0,0,0,0,0,0,0,0,0,0.0,0,0.0,0.0,0.0,0.0,0.0,0.0,0.0,0.0,0,0,-1.1,-1.52,0.43,0,0,0,0,0,0,0,0,0,0,0,0,0,0,0,0,0,0,0,0,0,0,0,0,0,0
Maccabi Rapyd Tel Aviv,11,William Rayman,,38,12.0,455.0,118,3.1,32,86,37.2,19,50,38.0,35,53,66.0,33,46,79,10,10,6,7,93,48.3,54.0,11.6,101.4,4.1,1.7,8.8,13.1,10.9,3.2,1.2,1.4,6.0,0.62,-1.1,-0.55,-0.55,0,0,0,36,13,36.1,50,19,38,0,0,0,7,0,0,0,0,0,0,0,0,0,0,0,0,0
Panathinaikos AKTOR Athens,24,Ioannis Kouzeloglou,,4,4.2,16.9,0,0.0,0,0,0,0,0,0,0,0,0,1,2,3,1,1,0,3,2,0,0,8.5,0.0,0.0,0.0,7.2,16.6,11.6,8.3,3.2,0.0,100.0,0,-1.13,-1.29,0.16,0,0,0,0,0,0,0,0,0,0,0,0,3,0,0,0,0,0,0,0,0,0,0,0,0,0
Baskonia Vitoria-Gasteiz,18,Khalifa Diop,,11,16.4,180.3,42,3.8,18,26,69.2,0,0,0,6,14,42.9,17,20,37,6,4,9,9,30,69.2,65.3,10.7,102.0,5.0,0.0,12.5,13.6,13.1,4.9,1.2,4.9,21.9,0.54,-1.16,-1.13,-0.03,0,0,0,26,18,69.2,0,0,0,0,0,0,9,0,0,0,0,0,0,0,0,0,0,0,0,0
EA7 Emporio Armani Milan,21,Diego Flaccadori,,14,2.9,41.3,14,1.0,4,7,57.1,2,4,50.0,4,7,57.1,0,2,2,3,1,0,5,7,71.4,69.4,18.4,92.8,1.4,0.4,0.0,6.8,3.5,10.6,1.4,0.0,33.2,1.0,-1.18,-0.52,-0.67,0,0,0,3,2,66.7,4,2,50,0,0,0,5,0,0,0,0,0,0,0,0,0,0,0,0,0
FC Barcelona,43,Nikola Kusturica,,4,0.3,1.1,0,0.0,0,1,0.0,0,0,0,0,0,0,0,0,0,0,0,0,0,0,0.0,0.0,42.8,0.0,0.0,0.0,0.0,0.0,0.0,0.0,0.0,0.0,0.0,0.0,-1.22,-1.08,-0.14,0,0,0,1,0,0,0,0,0,0,0,0,0,0,0,0,0,0,0,0,0,0,0,0,0,0
Hapoel IBI Tel Aviv,6,Itay Segev,,3,1.0,3.0,0,0.0,0,1,0.0,0,0,0,0,0,0,0,0,0,0,0,0,0,2,0.0,0.0,17.1,0.0,0.0,0.0,0.0,0.0,0.0,0.0,0.0,0.0,0.0,0.0,-1.25,-1.35,0.1,0,0,0,1,0,0,0,0,0,0,0,0,0,0,0,0,0,0,0,0,0,0,0,0,0,0
Dubai Basketball,15,Sertac Sanli,,10,5.5,54.9,17,1.7,6,9,66.7,2,3,66.7,3,3,100.0,2,5,7,0,0,0,3,13,77.8,82.4,11.7,127.6,2.3,0.4,4.9,12.2,8.6,0.0,0.0,0.0,22.5,0.33,-1.26,-0.74,-0.52,0,0,0,6,4,66.7,3,2,66.7,0,0,0,3,0,0,0,0,0,0,0,0,0,0,0,0,0
Crvena Zvezda Meridianbet Belgrade,4,Devonte Graham,,12,6.6,79.7,21,1.8,7,30,23.3,6,24,25.0,1,5,20.0,2,7,9,8,2,1,6,6,33.3,32.6,21.8,55.0,2.3,2.6,3.3,11.6,7.4,14.5,1.3,1.4,15.7,0.17,-1.32,-1.73,0.41,0,0,0,6,1,16.7,24,6,25,0,0,0,6,0,0,0,0,0,0,0,0,0,0,0,0,0
Virtus Bologna,11,Brandon Taylor,,15,5.5,82.6,27,1.8,9,22,40.9,8,17,47.1,1,1,100.0,0,5,5,16,2,0,10,8,59.1,60.2,19.1,83.2,2.5,1.6,0.0,7.9,4.1,30.3,1.3,0.0,30.8,0.05,-1.43,-1.32,-0.11,0,0,0,5,1,20,17,8,47.1,0,0,0,10,0,0,0,0,0,0,0,0,0,0,0,0,0
Anadolu Efes Istanbul,2,Sehmus Hazer,,34,12.7,431.7,186,5.5,67,164,40.9,18,61,29.5,34,45,75.6,8,23,31,34,12,0,28,37,46.3,50.6,24.6,87.8,7.6,2.5,2.5,7.5,4.9,14.4,1.6,0.0,13.2,0.27,-1.52,-1.79,0.28,0,0,0,103,49,47.6,61,18,29.5,0,0,0,28,0,0,0,0,0,0,0,0,0,0,0,0,0
Dubai Basketball,2,Nemanja Dangubic,,26,4.1,107.4,16,0.6,7,20,35.0,1,5,20.0,1,3,33.3,11,12,23,6,0,0,2,25,37.5,37.5,10.4,68.6,0.8,0.3,14.0,13.8,13.9,8.1,0.0,0.0,8.6,0.15,-1.55,-0.86,-0.69,0,0,0,15,6,40,5,1,20,0,0,0,2,0,0,0,0,0,0,0,0,0,0,0,0,0
Crvena Zvezda Meridianbet Belgrade,1,Uros Plavsic,,8,4.4,35.6,7,0.9,2,7,28.6,0,0,0,3,6,50.0,5,6,11,3,1,0,4,10,28.6,36.3,17.8,51.3,1.2,0.0,18.3,19.9,19.2,12.0,1.5,0.0,29.3,0.86,-1.58,-2.15,0.57,0,0,0,7,2,28.6,0,0,0,0,0,0,4,0,0,0,0,0,0,0,0,0,0,0,0,0
Partizan Mozzart Bet Belgrade,19,Arijan Lakic,,31,10.6,328.5,69,2.2,24,61,39.3,15,43,34.9,6,8,75.0,12,30,42,14,15,2,7,41,51.6,53.5,10.6,96.5,3.0,1.9,4.6,12.5,8.4,6.4,2.5,0.7,9.8,0.13,-1.6,-2.21,0.62,0,0,0,18,9,50,43,15,34.9,0,0,0,7,0,0,0,0,0,0,0,0,0,0,0,0,0
Partizan Mozzart Bet Belgrade,7,Mario Nakic,,1,6.2,6.2,2,2.0,1,1,100.0,0,0,0,0,0,0,0,1,1,0,0,0,0,0,100.0,100.0,7.3,200.0,2.6,0.0,0.0,17.9,9.1,0.0,0.0,0.0,0.0,0.0,-1.61,-1.77,0.16,0,0,0,1,1,100,0,0,0,0,0,0,0,0,0,0,0,0,0,0,0,0,0,0,0,0
Virtus Bologna,24,Francesco Ferrari,,15,7.7,115.1,27,1.8,7,20,35.0,2,11,18.2,11,13,84.6,10,16,26,6,0,2,3,13,40.0,52.5,11.9,94.0,2.5,1.0,11.1,17.9,14.5,8.1,0.0,2.0,10.4,0.65,-1.69,-1.4,-0.29,0,0,0,9,5,55.6,11,2,18.2,0,0,0,3,0,0,0,0,0,0,0,0,0,0,0,0,0
Partizan Mozzart Bet Belgrade,11,Aleksej Pokusevski,,31,10.3,318.9,100,3.2,41,97,42.3,15,50,30.0,3,3,100.0,11,43,54,13,11,8,12,41,50.0,50.9,16.8,90.6,4.4,2.2,4.4,18.7,11.2,6.7,1.9,2.8,10.9,0.03,-1.72,-2.25,0.53,0,0,0,47,26,55.3,50,15,30,0,0,0,12,0,0,0,0,0,0,0,0,0,0,0,0,0
Dubai Basketball,22,Taran Armstrong,,16,2.5,40.0,4,0.2,2,5,40.0,0,2,0.0,0,0,0,1,4,5,2,1,0,4,10,40.0,40.0,10.8,44.4,0.3,0.2,3.3,12.6,8.1,7.3,1.3,0.0,44.4,0.0,-1.73,-1.09,-0.64,0,0,0,3,2,66.7,2,0,0,0,0,0,4,0,0,0,0,0,0,0,0,0,0,0,0,0
LDLC ASVEL Villeurbanne,23,David Lighty,,35,17.5,612.8,140,4.0,53,128,41.4,21,64,32.8,13,18,72.2,26,36,62,38,12,2,18,56,49.6,51.5,11.9,91.0,5.4,2.5,5.2,8.2,6.6,10.1,1.1,0.4,11.7,0.14,-1.75,-2.13,0.38,0,0,0,64,32,50,64,21,32.8,0,0,0,18,0,0,0,0,0,0,0,0,0,0,0,0,0
Baskonia Vitoria-Gasteiz,25,Clement Frisch,,11,9.3,101.9,36,3.3,12,28,42.9,8,20,40.0,4,4,100.0,4,17,21,3,0,2,1,11,57.1,60.5,14.1,117.0,4.3,2.4,5.2,20.4,13.1,4.5,0.0,1.9,3.3,0.14,-1.79,-0.69,-1.1,0,0,0,8,4,50,20,8,40,0,0,0,1,0,0,0,0,0,0,0,0,0,0,0,0,0
Kosner Baskonia Vitoria-Gasteiz,4,Rafa Villar,,23,5.3,122.6,13,0.6,5,12,41.7,0,4,0.0,3,3,100.0,3,12,15,10,6,1,2,24,41.7,48.8,5.9,84.9,0.7,0.2,3.2,13.0,8.1,11.4,2.6,0.8,13.1,0.25,-1.81,-1.1,-0.71,0,0,0,8,5,62.5,4,0,0,0,0,0,2,0,0,0,0,0,0,0,0,0,0,0,0,0
Dubai Basketball,33,Danilo Andjusic,,3,1.3,4.0,2,0.7,0,2,0.0,0,2,0.0,2,2,100.0,0,0,0,0,0,0,0,1,0.0,34.7,35.2,69.4,0.9,0.9,0.0,0.0,0.0,0.0,0.0,0.0,0.0,1.0,-1.84,-0.94,-0.9,0,0,0,0,0,0,2,0,0,0,0,0,0,0,0,0,0,0,0,0,0,0,0,0,0,0
Maccabi Rapyd Tel Aviv,4,Lavi Gur,,2,3.8,7.6,0,0.0,0,1,0.0,0,1,0.0,0,0,0,0,1,1,1,0,0,0,0,0.0,0.0,6.4,0.0,0.0,0.7,0.0,20.2,9.6,18.1,0.0,0.0,0.0,0.0,-1.87,-0.78,-1.09,0,0,0,0,0,0,1,0,0,0,0,0,0,0,0,0,0,0,0,0,0,0,0,0,0,0
Kosner Baskonia Vitoria-Gasteiz,21,Juom Bol,,2,1.3,2.6,3,1.5,1,3,33.3,1,1,100.0,0,0,0,0,1,1,0,0,0,0,0,50.0,50.0,50.9,100.0,1.9,0.6,0.0,52.4,23.6,0.0,0.0,0.0,0.0,0.0,-1.91,-0.47,-1.44,0,0,0,2,0,0,1,1,100,0,0,0,0,0,0,0,0,0,0,0,0,0,0,0,0,0
Maccabi Rapyd Tel Aviv,6,Uros Trifunovic,,2,1.6,3.2,2,1.0,1,2,50.0,0,1,0.0,0,0,0,0,0,0,0,0,0,0,0,50.0,50.0,27.2,100.0,1.3,0.6,0.0,0.0,0.0,0.0,0.0,0.0,0.0,0.0,-1.91,-0.63,-1.28,0,0,0,1,1,100,1,0,0,0,0,0,0,0,0,0,0,0,0,0,0,0,0,0,0,0
Baskonia Vitoria-Gasteiz,99,Luka Samanic,,5,13.8,69.0,35,7.0,11,23,47.8,2,8,25.0,11,12,91.7,1,12,13,4,0,1,6,7,52.2,61.9,22.3,102.1,8.8,2.0,1.9,19.9,11.6,9.5,0.0,1.3,17.5,0.52,-1.96,-1.03,-0.93,0,0,0,15,9,60,8,2,25,0,0,0,6,0,0,0,0,0,0,0,0,0,0,0,0,0
LDLC ASVEL Villeurbanne,32,Bastien Vautier,,38,12.7,481.9,215,5.7,80,154,51.9,0,0,0,55,82,67.1,46,57,103,28,17,7,36,99,51.9,56.6,22.3,95.1,7.7,0.0,11.7,16.5,13.9,10.9,1.9,1.6,15.9,0.53,-2.02,-2.68,0.65,0,0,0,154,80,51.9,0,0,0,0,0,0,36,0,0,0,0,0,0,0,0,0,0,0,0,0
Maccabi Rapyd Tel Aviv,14,Clifford Omoruyi,,9,1.8,16.1,2,0.2,0,2,0.0,0,0,0,2,2,100.0,4,1,5,0,0,0,1,2,0.0,34.7,10.9,51.5,0.3,0.0,29.7,7.4,18.5,0.0,0.0,0.0,25.8,1.0,-2.06,-0.73,-1.33,0,0,0,2,0,0,0,0,0,0,0,0,1,0,0,0,0,0,0,0,0,0,0,0,0,0
Anadolu Efes Istanbul,33,Erkan Yilmaz,,33,6.2,203.8,28,0.8,7,22,31.8,1,12,8.3,13,19,68.4,8,28,36,12,13,5,12,37,34.1,46.1,10.5,66.1,1.2,0.5,5.3,19.6,12.3,8.8,3.6,2.8,28.3,0.86,-2.1,-2.8,0.7,0,0,0,10,6,60,12,1,8.3,0,0,0,12,0,0,0,0,0,0,0,0,0,0,0,0,0
Anadolu Efes Istanbul,23,David Mutaf,,20,2.5,49.8,26,1.3,10,20,50.0,5,11,45.5,1,2,50.0,1,1,2,4,0,0,3,8,62.5,62.3,24.2,108.9,1.8,0.8,2.7,2.9,2.8,15.7,0.0,0.0,12.6,0.1,-2.25,-2.16,-0.09,0,0,0,9,5,55.6,11,5,45.5,0,0,0,3,0,0,0,0,0,0,0,0,0,0,0,0,0
LDLC ASVEL Villeurbanne,11,Edwin Jackson,,23,14.4,330.2,137,6.0,49,121,40.5,25,61,41.0,14,21,66.7,4,18,22,27,1,1,20,37,50.8,52.6,21.6,91.2,8.1,3.6,1.5,7.9,4.5,14.0,0.2,0.3,13.3,0.17,-2.25,-2.12,-0.14,0,0,0,60,24,40,61,25,41,0,0,0,20,0,0,0,0,0,0,0,0,0,0,0,0,0
Partizan Mozzart Bet Belgrade,22,Jabari Parker,,18,14.7,264.2,113,6.3,42,101,41.6,11,36,30.6,18,19,94.7,11,23,34,7,2,1,12,29,47.0,51.7,22.5,93.1,8.7,2.8,5.2,12.7,8.6,4.6,0.4,0.4,9.9,0.19,-2.29,-2.04,-0.25,0,0,0,65,31,47.7,36,11,30.6,0,0,0,12,0,0,0,0,0,0,0,0,0,0,0,0,0
LDLC ASVEL Villeurbanne,8,Melvin Ajinca,,35,15.7,549.3,186,5.3,65,182,35.7,36,110,32.7,20,25,80.0,25,31,56,17,15,1,22,51,45.6,48.2,18.6,86.5,7.2,4.3,5.6,7.9,6.6,5.3,1.5,0.2,10.2,0.14,-2.33,-2.21,-0.12,0,0,0,72,29,40.3,110,36,32.7,0,0,0,22,0,0,0,0,0,0,0,0,0,0,0,0,0
Virtus Bologna,8,Matteo Accorsi,,12,2.1,25.3,6,0.5,3,8,37.5,0,5,0.0,0,0,0,1,2,3,1,2,0,0,4,37.5,37.5,15.2,75.0,0.7,0.6,5.1,10.0,7.6,6.5,4.4,0.0,0.0,0.0,-2.36,-1.96,-0.4,0,0,0,3,3,100,5,0,0,0,0,0,0,0,0,0,0,0,0,0,0,0,0,0,0,0
FC Bayern Munich,8,Leon Kratzer,,20,2.9,58.0,4,0.2,2,3,66.7,0,0,0,0,0,0,2,8,10,4,1,0,5,19,66.7,66.7,6.6,50.0,0.3,0.0,4.4,17.9,11.1,10.1,0.9,0.0,62.5,0.0,-2.4,-2.84,0.44,0,0,0,3,2,66.7,0,0,0,0,0,0,5,0,0,0,0,0,0,0,0,0,0,0,0,0
Baskonia Vitoria-Gasteiz,0,Markus Howard,,6,19.5,116.7,41,6.8,15,51,29.4,11,43,25.6,0,0,0,1,3,4,12,6,0,6,13,40.2,40.2,22.1,71.9,8.7,9.1,1.1,3.1,2.1,15.4,2.7,0.0,10.5,0.0,-2.44,-1.48,-0.96,0,0,0,8,4,50,43,11,25.6,0,0,0,6,0,0,0,0,0,0,0,0,0,0,0,0,0
Kosner Baskonia Vitoria-Gasteiz,33,Vit Hrabar,,6,1.5,9.0,2,0.3,1,3,33.3,0,1,0.0,0,0,0,2,0,2,0,0,0,0,2,33.3,33.3,15.5,66.7,0.4,0.2,31.2,0.0,15.4,0.0,0.0,0.0,0.0,0.0,-2.44,-0.97,-1.47,0,0,0,2,1,50,1,0,0,0,0,0,0,0,0,0,0,0,0,0,0,0,0,0,0,0
Baskonia Vitoria-Gasteiz,7,Rodions Kurucs,,7,15.4,108.1,39,5.6,15,26,57.7,1,7,14.3,8,9,88.9,5,8,13,8,5,0,13,23,59.6,65.1,18.9,90.8,7.4,1.3,6.0,9.2,7.6,11.5,2.5,0.0,30.3,0.35,-2.65,-2.41,-0.24,0,0,0,19,14,73.7,7,1,14.3,0,0,0,13,0,0,0,0,0,0,0,0,0,0,0,0,0
LDLC ASVEL Villeurbanne,10,Bodian Massa,,36,15.0,539.0,148,4.1,67,135,49.6,1,2,50.0,13,24,54.2,48,80,128,21,15,15,42,98,50.0,50.8,16.5,78.9,5.6,0.1,10.9,20.6,15.5,6.8,1.5,3.0,22.4,0.18,-2.87,-3.52,0.65,0,0,0,133,66,49.6,2,1,50,0,0,0,42,0,0,0,0,0,0,0,0,0,0,0,0,0
Baskonia Vitoria-Gasteiz,4,Rafa Villar,,9,5.1,45.6,6,0.7,3,5,60.0,0,1,0.0,0,0,0,1,0,1,5,1,0,1,8,60.0,60.0,6.2,100.0,0.9,0.1,2.9,0.0,1.4,15.6,1.2,0.0,16.7,0.0,-2.92,-1.77,-1.16,0,0,0,4,3,75,1,0,0,0,0,0,1,0,0,0,0,0,0,0,0,0,0,0,0,0
Partizan Mozzart Bet Belgrade,8,Mitar Bosnjakovic,,24,0.4,9.4,0,0.0,0,0,0,0,0,0,0,0,0,1,0,1,0,0,0,0,1,0,0,0.0,0,0.0,0.0,13.7,0.0,7.2,0.0,0.0,0.0,0,0,-3.04,-2.72,-0.32,0,0,0,0,0,0,0,0,0,0,0,0,0,0,0,0,0,0,0,0,0,0,0,0,0,0
Partizan Mozzart Bet Belgrade,3,Miikka Muurinen,,15,0.7,10.9,1,0.1,0,1,0.0,0,1,0.0,1,2,50.0,0,0,0,0,0,0,0,1,0.0,26.6,8.5,53.2,0.1,0.1,0.0,0.0,0.0,0.0,0.0,0.0,0.0,2.0,-3.13,-2.79,-0.34,0,0,0,0,0,0,1,0,0,0,0,0,0,0,0,0,0,0,0,0,0,0,0,0,0,0
Baskonia Vitoria-Gasteiz,77,Stefan Joksimovic,,5,4.0,20.2,5,1.0,2,6,33.3,1,4,25.0,0,0,0,0,3,3,2,0,0,1,2,41.7,41.7,16.1,71.4,1.3,1.1,0.0,18.1,9.2,14.5,0.0,0.0,14.3,0.0,-3.31,-1.83,-1.49,0,0,0,2,1,50,4,1,25,0,0,0,1,0,0,0,0,0,0,0,0,0,0,0,0,0
Baskonia Vitoria-Gasteiz,33,Vit Hrabar,,2,0.6,1.2,0,0.0,0,0,0,0,0,0,0,0,0,0,0,0,0,0,0,0,0,0,0,0.0,0,0.0,0.0,0.0,0.0,0.0,0.0,0.0,0.0,0,0,-3.33,-1.76,-1.57,0,0,0,0,0,0,0,0,0,0,0,0,0,0,0,0,0,0,0,0,0,0,0,0,0,0
FC Barcelona,17,Juan Nunez,,1,5.3,5.3,0,0.0,0,2,0.0,0,0,0,0,0,0,0,0,0,1,0,0,1,0,0.0,0.0,28.7,0.0,0.0,0.0,0.0,0.0,0.0,25.3,0.0,0.0,33.3,0.0,-3.38,-2.63,-0.75,0,0,0,2,0,0,0,0,0,0,0,0,1,0,0,0,0,0,0,0,0,0,0,0,0,0
Partizan Mozzart Bet Belgrade,13,Aleksa Radanov,,13,5.3,68.3,12,0.9,5,13,38.5,2,7,28.6,0,0,0,3,6,9,4,1,0,5,16,46.2,46.2,12.7,66.7,1.2,0.7,5.6,11.4,8.5,8.6,0.8,0.0,27.8,0.0,-3.39,-3.25,-0.14,0,0,0,6,3,50,7,2,28.6,0,0,0,5,0,0,0,0,0,0,0,0,0,0,0,0,0
Partizan Mozzart Bet Belgrade,10,Uros Mijailovic,,12,1.0,12.2,0,0.0,0,1,0.0,0,0,0,0,0,0,0,1,1,0,0,0,1,5,0.0,0.0,7.9,0.0,0.0,0.0,0.0,11.9,5.6,0.0,0.0,0.0,50.0,0.0,-3.44,-3.12,-0.32,0,0,0,1,0,0,0,0,0,0,0,0,1,0,0,0,0,0,0,0,0,0,0,0,0,0
Kosner Baskonia Vitoria-Gasteiz,77,Stefan Joksimovic,,8,5.6,45.1,2,0.2,1,8,12.5,0,4,0.0,0,0,0,0,3,3,1,3,0,5,7,12.5,12.5,13.3,15.4,0.3,0.7,0.0,9.1,4.3,3.2,3.6,0.0,38.5,0.0,-3.56,-2.36,-1.2,0,0,0,4,1,25,4,0,0,0,0,0,5,0,0,0,0,0,0,0,0,0,0,0,0,0
EA7 Emporio Armani Milan,0,Vlatko Cancar,,2,7.7,15.4,0,0.0,0,1,0.0,0,0,0,0,0,0,0,0,0,0,0,0,2,2,0.0,0.0,10.2,0.0,0.0,0.0,0.0,0.0,0.0,0.0,0.0,0.0,66.7,0.0,-3.74,-2.45,-1.3,0,0,0,1,0,0,0,0,0,0,0,0,2,0,0,0,0,0,0,0,0,0,0,0,0,0
Virtus Bologna,2,Matteo Baiocchi,,7,7.1,49.5,4,0.6,2,6,33.3,0,1,0.0,0,0,0,0,3,3,2,1,0,7,7,33.3,33.3,12.1,30.8,0.8,0.2,0.0,8.2,4.0,5.7,1.1,0.0,53.8,0.0,-3.92,-3.34,-0.59,0,0,0,5,2,40,1,0,0,0,0,0,7,0,0,0,0,0,0,0,0,0,0,0,0,0
LDLC ASVEL Villeurbanne,2,Adam Atamna,,26,6.8,176.9,27,1.0,8,58,13.8,5,38,13.2,6,8,75.0,9,12,21,20,9,2,10,21,18.1,21.9,19.3,37.8,1.4,2.0,6.3,9.5,7.8,17.8,2.8,1.2,14.0,0.14,-3.95,-3.75,-0.2,0,0,0,20,3,15,38,5,13.2,0,0,0,10,0,0,0,0,0,0,0,0,0,0,0,0,0
LDLC ASVEL Villeurbanne,16,Mehdy Ngouama,,13,9.9,129.1,39,3.0,11,54,20.4,4,24,16.7,13,15,86.7,4,8,12,8,9,1,8,18,24.1,32.2,25.3,56.9,4.2,2.6,3.8,8.5,6.0,11.2,3.9,0.8,11.7,0.28,-4.14,-4.1,-0.04,0,0,0,30,7,23.3,24,4,16.7,0,0,0,8,0,0,0,0,0,0,0,0,0,0,0,0,0
Kosner Baskonia Vitoria-Gasteiz,6,Hamidou Diallo,,2,18.1,36.3,11,5.5,3,11,27.3,0,2,0.0,5,7,71.4,0,6,6,2,2,1,6,6,27.3,39.1,28.5,54.8,7.7,1.4,0.0,19.2,10.9,8.1,3.0,3.1,29.9,0.64,-5.44,-5.08,-0.36,0,0,0,9,3,33.3,2,0,0,0,0,0,6,0,0,0,0,0,0,0,0,0,0,0,0,0
