Team,Lineup,Lineup_Key,Games,Clutch_Minutes,Clutch_Seconds,PTS,FGM,FGA,FG%,3PM,3PA,3P%,FTM,FTA,FT%,OREB,DREB,REB,AST,STL,BLK,TOV,PF,PTS_ALLOWED,POSS,OFF_RTG,DEF_RTG,NET_RTG,PTS/MIN,DIFF
Newcastle Knights,"Bradley Dean, Sam Trunley, Jaron Thames, Hafeez Abdul, Messiah Jones","Newcastle Knights|1,10,11,3,5",4,31.6,1897.0,68,27,62,43.5,10,30,33.3,4,6,66.7,0,0,0,0,0,0,7,0,62,68.8,98.9,80.7,18.2,2.15,6
Birmingham Rockets,"Ronald Blain, Orlan Jackman, Zack Powell, Eric Donaldson, Lucas Mcgregor","Birmingham Rockets|0,13,14,3,6",8,20.0,1200.0,41,16,41,39.0,1,17,5.9,8,14,57.1,0,0,0,0,0,0,5,0,41,50.1,81.9,84.6,-2.7,2.05,0
Newcastle Knights,"Sam Trunley, Jaron Thames, Hafeez Abdul, Messiah Jones, Max Matthews","Newcastle Knights|10,11,3,5,8",1,18.1,1089.0,48,16,38,42.1,8,23,34.8,8,11,72.7,0,0,0,0,0,0,4,0,48,45.0,106.7,119.3,-12.5,2.64,0
Milton Keynes Breakers,"Dashawn Jackson, Jonas Dietrich, Xavier Wilson, Jordan Spencer, Chase Thompson","Milton Keynes Breakers|1,12,21,23,8",6,16.5,991.0,41,14,35,40.0,5,15,33.3,8,11,72.7,0,0,0,0,0,0,7,0,47,45.0,91.2,121.5,-30.4,2.48,-6
Hemel Storm,"Darien Nelson-Henry, Kai Walker, Matt Norman, Brayden Inger, Sam Newman","Hemel Storm|10,11,2,3,4",4,15.1,908.0,37,16,33,48.5,1,10,10.0,4,6,66.7,0,0,0,0,0,0,3,0,26,37.1,99.7,72.0,27.7,2.44,11
Loughborough Riders,"Johde Campbell, Michael Joiner, Jalen Cook, Milo Gordon, Ben Woog","Loughborough Riders|0,11,12,22,7",3,14.2,851.0,24,8,24,33.3,0,7,0.0,8,13,61.5,0,0,0,0,0,0,5,0,21,33.3,72.0,73.6,-1.6,1.69,3
Reading Rockets,"Malik Bryant, Cooper Creek, Jax Bouknight, Eliaz (Zain) Poorman, Victor Olarerin","Reading Rockets|10,14,4,6,8",6,13.3,797.0,33,13,22,59.1,5,8,62.5,2,2,100.0,0,0,0,0,0,0,6,0,32,27.7,119.0,93.8,25.2,2.48,1
Birmingham Rockets,"Ronald Blain, Zack Powell, Luke Okosieme, Eric Donaldson, Lucas Mcgregor","Birmingham Rockets|0,14,21,3,6",4,12.8,766.0,24,6,19,31.6,1,5,20.0,11,19,57.9,0,0,0,0,0,0,6,0,22,32.0,74.9,72.7,2.2,1.88,2
Derby Trailblazers,"Jai Pathmarajah, Sean Mo Walker, Harlond Beverley Jr, Evan Oliver, Raheem May-Thompson","Derby Trailblazers|22,3,5,6,7",2,12.6,756.0,21,9,21,42.9,2,4,50.0,1,2,50.0,0,0,0,0,0,0,4,0,25,24.8,84.5,93.8,-9.3,1.67,-4
Bristol Hurricanes,"Daniel Edozie, Elvisi Dusha, Jules Dang-Akodo, Denzel Ubiaro, Corey Samuels","Bristol Hurricanes|1,12,23,31,4",4,12.0,718.0,16,5,24,20.8,2,8,25.0,4,5,80.0,0,0,0,0,0,0,2,0,23,27.1,59.1,92.6,-33.5,1.34,-7
Derby Trailblazers,"Connor Washington, Jai Pathmarajah, Sean Mo Walker, Charlie Brown, Raheem May-Thompson","Derby Trailblazers|13,22,3,4,7",3,11.9,712.0,28,11,21,52.4,0,3,0.0,6,10,60.0,0,0,0,0,0,0,4,0,17,28.2,99.2,83.5,15.7,2.36,11
Nottingham Hoods,"Tyrone Williams, Byrce Johnson, Donell Nixon Ii, Elliot Bailey, Sam Akano","Nottingham Hoods|1,21,24,6,7",2,11.2,674.0,34,12,21,57.1,5,11,45.5,5,9,55.6,0,0,0,0,0,0,3,0,33,26.8,126.7,126.6,0.1,3.03,1
Newcastle Knights,"Bradley Dean, Sam Trunley, Jaron Thames, Will Neighbour, Messiah Jones","Newcastle Knights|1,10,11,15,5",3,10.9,655.0,41,15,24,62.5,4,6,66.7,7,7,100.0,0,0,0,0,0,0,4,0,24,29.8,137.4,93.4,44.0,3.76,17
Worthing Thunder,"Danny Evans, Matthew Bryan-Amaning, Justin Hopkins, Elijah Maynard, Elliott Dadds","Worthing Thunder|0,11,15,22,7",4,10.1,604.0,18,7,22,31.8,3,8,37.5,1,5,20.0,0,0,0,0,0,0,3,0,22,26.1,68.9,100.3,-31.4,1.79,-4
Essex Rebels,"Kyron Martin, Miles Brown, Anthony Idiata-Mendez, Tom Child, Harry Gent","Essex Rebels|10,2,20,22,36",2,10.0,599.0,27,8,15,53.3,3,6,50.0,8,11,72.7,0,0,0,0,0,0,2,0,26,21.0,128.8,99.6,29.2,2.7,1
Worthing Thunder,"Danny Evans, Justin Hopkins, Elijah Maynard, Bode Adeluola, Elliott Dadds","Worthing Thunder|0,15,22,5,7",3,9.9,596.0,9,4,23,17.4,1,9,11.1,0,0,0,0,0,0,0,0,0,0,0,18,22.1,40.8,104.4,-63.6,0.91,-9
Reading Rockets,"Malik Bryant, Ty Nsangu, Yusef Salih, Eliaz (Zain) Poorman, Victor Olarerin","Reading Rockets|10,12,5,6,8",6,9.9,592.0,19,6,13,46.2,0,3,0.0,7,8,87.5,0,0,0,0,0,0,2,0,16,17.8,106.9,112.0,-5.1,1.93,3
Newcastle Knights,"Sam Trunley, Jaron Thames, Hafeez Abdul, Mekhi Hendry, Messiah Jones","Newcastle Knights|10,11,3,4,5",1,9.6,577.0,24,9,14,64.3,4,6,66.7,2,3,66.7,0,0,0,0,0,0,5,0,19,19.5,123.0,111.4,11.6,2.5,5
London Cavaliers,"Juan Manning, Mekhi Collins, Marquel Beasley, Daniel Braster, Aj Roberts","London Cavaliers|10,13,15,23,4",6,9.5,570.0,30,11,15,73.3,3,4,75.0,5,6,83.3,0,0,0,0,0,0,7,0,27,23.7,126.8,109.7,17.1,3.16,3
Reading Rockets,"Malik Bryant, Ty Nsangu, Jax Bouknight, Eliaz (Zain) Poorman, Victor Olarerin","Reading Rockets|10,12,4,6,8",7,8.4,502.0,10,3,15,20.0,1,7,14.3,3,3,100.0,0,0,0,0,0,0,3,0,14,18.5,53.9,73.8,-19.9,1.2,-4
Bristol Hurricanes,"Daniel Edozie, Elvisi Dusha, Kobe Hill, Denzel Ubiaro, Corey Samuels","Bristol Hurricanes|1,12,2,31,4",1,8.1,488.0,11,3,14,21.4,0,3,0.0,5,9,55.6,0,0,0,0,0,0,0,0,14,17.2,63.8,71.1,-7.3,1.35,-3
Essex Rebels,"Michael Amako, Kyron Martin, Miles Brown, Tom Child, Tyreese Hudson","Essex Rebels|1,10,2,22,9",3,8.0,479.0,18,4,9,44.4,1,4,25.0,9,10,90.0,0,0,0,0,0,0,4,0,20,16.7,107.8,96.8,10.9,2.25,-2
Worthing Thunder,"Danny Evans, Justin Hopkins, Elijah Maynard, Adrian Scarborough, Bode Adeluola","Worthing Thunder|0,15,22,4,5",3,7.8,469.0,13,4,10,40.0,1,2,50.0,4,8,50.0,0,0,0,0,0,0,1,0,20,13.9,93.3,123.4,-30.2,1.66,-7
Derby Trailblazers,"Connor Washington, Jai Pathmarajah, Robert Marsden, Charlie Brown, Malcolm Smith","Derby Trailblazers|13,22,30,4,9",2,7.8,467.0,21,8,12,66.7,1,3,33.3,4,6,66.7,0,0,0,0,0,0,2,0,14,16.0,131.5,87.0,44.4,2.7,7
Derby Trailblazers,"Connor Washington, Sean Mo Walker, Charlie Brown, Raheem May-Thompson, Malcolm Smith","Derby Trailblazers|13,3,4,7,9",2,7.6,455.0,15,5,14,35.7,1,3,33.3,4,8,50.0,0,0,0,0,0,0,3,0,13,19.7,76.1,78.7,-2.6,1.98,2
Yorkshire Dragons,"Jordan Whelan, Logan Rooney, Jack Melke, Andreas Lycoudis, Corey Johnson","Yorkshire Dragons|23,3,5,7,9",1,7.5,453.0,20,8,14,57.1,2,6,33.3,2,2,100.0,0,0,0,0,0,0,3,0,20,17.2,116.5,119.5,-2.9,2.65,0
Derby Trailblazers,"Connor Washington, Jai Pathmarajah, Sean Mo Walker, Robert Marsden, Charlie Brown","Derby Trailblazers|13,22,3,30,4",2,7.4,446.0,18,8,11,72.7,0,0,0,2,3,66.7,0,0,0,0,0,0,3,0,9,14.7,122.4,67.5,54.8,2.42,9
London Cavaliers,"Juan Manning, Joe Richards, Daniel Delsol-Lowry, Daniel Braster, Aj Roberts","London Cavaliers|10,11,12,23,4",2,7.4,446.0,15,6,14,42.9,3,8,37.5,0,0,0,0,0,0,0,0,0,2,0,8,15.4,97.7,42.9,54.8,2.02,7
Derby Trailblazers,"Jai Pathmarajah, Sean Mo Walker, Charlie Brown, Raheem May-Thompson, Malcolm Smith","Derby Trailblazers|22,3,4,7,9",2,7.3,436.0,19,5,11,45.5,2,4,50.0,7,7,100.0,0,0,0,0,0,0,0,0,17,13.5,140.6,112.4,28.2,2.61,2
Milton Keynes Breakers,"Dashawn Jackson, Jonas Dietrich, Mike New Jr., Jordan Spencer, Chase Thompson","Milton Keynes Breakers|1,12,15,23,8",3,7.2,429.0,11,3,10,30.0,1,6,16.7,4,4,100.0,0,0,0,0,0,0,6,0,21,17.0,64.5,114.6,-50.1,1.54,-10
Worthing Thunder,"Danny Evans, Matthew Bryan-Amaning, Justin Hopkins, Elijah Maynard, Bode Adeluola","Worthing Thunder|0,11,15,22,5",4,7.1,427.0,15,6,12,50.0,1,5,20.0,2,4,50.0,0,0,0,0,0,0,1,0,20,14.2,105.9,118.1,-12.2,2.11,-5
Bristol Hurricanes,"Daniel Edozie, David Forsyth, Denzel Ubiaro, Heru Bligen, Chris Taylor","Bristol Hurricanes|1,11,31,33,9",1,7.0,421.0,9,4,11,36.4,0,1,0.0,1,2,50.0,0,0,0,0,0,0,2,0,7,13.3,67.5,42.4,25.1,1.28,2
Yorkshire Dragons,"R. Ani, David Ulph, Jordan Whelan, J. Melke, Nick Lewis","Yorkshire Dragons|1,10,23,5,93",2,6.9,415.0,16,5,12,41.7,2,5,40.0,4,8,50.0,0,0,0,0,0,0,0,0,12,14.9,107.4,77.7,29.7,2.31,4
Yorkshire Dragons,"David Ulph, Jordan Whelan, Logan Rooney, Jordan Jefferson, Corey Johnson","Yorkshire Dragons|10,23,3,4,9",2,6.9,412.0,21,6,16,37.5,2,6,33.3,7,9,77.8,0,0,0,0,0,0,1,0,4,20.1,104.4,29.8,74.6,3.06,17
Reading Rockets,"La'quarne Sayles, Cooper Creek, Jax Bouknight, Eliaz (Zain) Poorman, Victor Olarerin","Reading Rockets|11,14,4,6,8",1,6.7,404.0,18,8,18,44.4,2,6,33.3,0,1,0.0,0,0,0,0,0,0,3,0,17,20.6,87.5,126.5,-39.0,2.67,1
Yorkshire Dragons,"David Ulph, Jordan Jefferson, Jack Mielke, Corey Johnson, Nick Lewis","Yorkshire Dragons|10,4,5,9,93",2,6.7,402.0,21,6,14,42.9,1,4,25.0,8,11,72.7,0,0,0,0,0,0,1,0,10,19.0,110.3,84.6,25.7,3.13,11
Derby Trailblazers,"Connor Washington, Jai Pathmarajah, Sean Mo Walker, Charlie Brown, Malcolm Smith","Derby Trailblazers|13,22,3,4,9",3,6.6,395.0,13,6,13,46.2,1,1,100.0,0,4,0.0,0,0,0,0,0,0,4,0,6,18.0,72.2,59.9,12.3,1.97,7
Derby Trailblazers,"Connor Washington, Jai Pathmarajah, Robert Marsden, Charlie Brown, Raheem May-Thompson","Derby Trailblazers|13,22,30,4,7",3,6.5,392.0,13,4,8,50.0,1,1,100.0,4,6,66.7,0,0,0,0,0,0,2,0,12,12.1,107.1,77.2,30.0,1.99,1
Bristol Hurricanes,"Daniel Edozie, Denzel Ubiaro, Corey Samuels, Vilmantas Dilys, Chris Taylor","Bristol Hurricanes|1,31,4,55,9",2,6.4,386.0,16,6,14,42.9,1,3,33.3,3,4,75.0,0,0,0,0,0,0,3,0,19,18.0,88.8,116.4,-27.6,2.49,-3
London Cavaliers,"Juan Manning, Mekhi Collins, Daniel Braster, Darren Ainembabazi, Aj Roberts","London Cavaliers|10,13,23,3,4",2,6.3,381.0,11,5,11,45.5,1,4,25.0,0,2,0.0,0,0,0,0,0,0,0,0,7,11.4,96.5,56.6,39.8,1.73,4
Newcastle Knights,"Bradley Dean, Sam Trunley, Jaron Thames, Messiah Jones, Theo Riley","Newcastle Knights|1,10,11,5,9",2,6.1,366.0,10,4,8,50.0,0,2,0.0,2,2,100.0,0,0,0,0,0,0,2,0,15,10.4,95.7,103.6,-7.9,1.64,-5
Bristol Hurricanes,"Elvisi Dusha, Kobe Hill, Denzel Ubiaro, Vilmantas Dilys","Bristol Hurricanes|12,2,31,55",1,6.0,359.0,18,7,11,63.6,4,6,66.7,0,0,0,0,0,0,0,0,0,3,0,13,13.4,133.9,97.6,36.4,3.01,5
London Cavaliers,"Juan Manning, Mekhi Collins, Marquel Beasley, Daniel Braster, Darren Ainembabazi","London Cavaliers|10,13,15,23,3",2,5.8,348.0,7,3,8,37.5,1,4,25.0,0,1,0.0,0,0,0,0,0,0,3,0,16,11.0,63.7,124.0,-60.3,1.21,-9
Reading Rockets,"Malik Bryant, Cooper Creek, Jax Bouknight, Matthew Allman, Victor Olarerin","Reading Rockets|10,14,4,5,8",1,5.8,350.0,15,4,10,40.0,1,6,16.7,6,8,75.0,0,0,0,0,0,0,0,0,16,13.0,115.6,106.6,9.0,2.57,-1
Bristol Hurricanes,"Ashley Pearce, Daniel Edozie, Denzel Ubiaro, Corey Samuels, Vilmantas Dilys","Bristol Hurricanes|0,1,31,4,55",1,5.7,340.0,6,3,7,42.9,0,0,0,0,1,0.0,0,0,0,0,0,0,1,0,6,8.1,74.1,79.3,-5.3,1.06,0
Yorkshire Dragons,"David Ulph, Jordan Whelan, Jack Mielke, Corey Johnson, Nick Lewis","Yorkshire Dragons|10,23,5,9,93",2,5.6,336.0,20,4,7,57.1,1,2,50.0,11,13,84.6,0,0,0,0,0,0,0,0,19,12.2,163.8,174.8,-11.1,3.57,1
Bristol Hurricanes,"Daniel Edozie, Jules Dang-Akodo, Denzel Ubiaro, Corey Samuels, Chris Taylor","Bristol Hurricanes|1,23,31,4,9",2,5.6,336.0,9,4,9,44.4,1,3,33.3,0,2,0.0,0,0,0,0,0,0,1,0,6,10.4,86.2,44.6,41.5,1.61,3
Yorkshire Dragons,"Ronnie Ani, David Ulph, Logan Rooney, Jordan Jefferson, Corey Johnson","Yorkshire Dragons|1,10,3,4,9",1,5.6,334.0,8,2,6,33.3,0,4,0.0,4,7,57.1,0,0,0,0,0,0,2,0,6,10.6,75.2,52.1,23.1,1.44,2
Worthing Thunder,"Justin Hopkins, Elijah Maynard, Jonathan Lashley, Bode Adeluola, Elliott Dadds","Worthing Thunder|15,22,35,5,7",2,5.4,326.0,14,5,11,45.5,2,5,40.0,2,4,50.0,0,0,0,0,0,0,0,0,9,12.2,114.3,68.1,46.2,2.58,5
Reading Rockets,"Malik Bryant, Cooper Creek, Yusef Salih, Eliaz (Zain) Poorman, Victor Olarerin","Reading Rockets|10,14,5,6,8",1,5.4,323.0,14,4,10,40.0,2,4,50.0,4,4,100.0,0,0,0,0,0,0,0,0,13,11.3,124.0,104.5,19.5,2.6,1
Worthing Thunder,"Matthew Bryan-Amaning, Justin Hopkins, Elijah Maynard, Adrian Scarborough, Bode Adeluola","Worthing Thunder|11,15,22,4,5",2,5.3,318.0,10,5,10,50.0,0,2,0.0,0,0,0,0,0,0,0,0,0,0,0,12,9.6,104.2,126.5,-22.4,1.89,-2
Essex Rebels,"Daniel Johnson-Thompson, Remy Udeh, Miles Brown, Tom Child, Ben Winter","Essex Rebels|13,14,2,22,5",3,5.3,319.0,6,3,8,37.5,0,4,0.0,0,0,0,0,0,0,0,0,0,2,0,10,9.6,62.5,88.6,-26.1,1.13,-4
Newcastle Knights,"Bradley Dean, Sam Trunley, Jaron Thames, Jason Soodeen, Theo Riley","Newcastle Knights|1,10,11,12,9",1,5.3,318.0,14,5,9,55.6,2,2,100.0,2,4,50.0,0,0,0,0,0,0,1,0,6,11.3,124.0,52.1,71.9,2.64,8
Newcastle Knights,"Bradley Dean, Sam Trunley, Jaron Thames, Messiah Jones, Max Matthews","Newcastle Knights|1,10,11,5,8",3,5.2,309.0,13,4,9,44.4,0,3,0.0,5,7,71.4,0,0,0,0,0,0,3,0,7,14.5,89.8,48.6,41.2,2.52,6
Milton Keynes Breakers,"Dashawn Jackson, Ben Baker-Mccann, Jonas Dietrich, Xavier Wilson, Chase Thompson","Milton Keynes Breakers|1,11,12,21,8",1,5.2,310.0,2,1,9,11.1,0,4,0.0,0,0,0,0,0,0,0,0,0,2,0,6,10.6,18.9,56.8,-37.9,0.39,-4
Birmingham Rockets,"Ronald Blain, Zack Powell, Eric Donaldson, Lucas Mcgregor, Martyn Gayle","Birmingham Rockets|0,14,3,6,8",4,5.1,305.0,12,5,11,45.5,1,3,33.3,1,3,33.3,0,0,0,0,0,0,2,0,10,13.7,87.3,99.8,-12.5,2.36,2
Worthing Thunder,"Justin Hopkins, Elijah Maynard, Jonathan Lashley, Adrian Scarborough, Elliott Dadds","Worthing Thunder|15,22,35,4,7",2,5.0,299.0,11,4,10,40.0,1,3,33.3,2,3,66.7,0,0,0,0,0,0,3,0,5,13.7,80.0,52.7,27.3,2.21,6
Yorkshire Dragons,"David Ulph, Jordan Whelan, Jordan Jefferson, Corey Johnson, Nick Lewis","Yorkshire Dragons|10,23,4,9,93",1,5.0,298.0,10,3,8,37.5,2,5,40.0,2,3,66.7,0,0,0,0,0,0,1,0,10,9.9,100.9,92.0,8.9,2.01,0
Loughborough Riders,"Johde Campbell, Panos Karras, Milo Gordon, Jalen Cook, Tomide Akinsuku","Loughborough Riders|0,15,22,31,36",1,4.8,287.0,4,2,5,40.0,0,2,0.0,0,2,0.0,0,0,0,0,0,0,3,0,5,8.5,46.9,47.3,-0.4,0.84,-1
Essex Rebels,"Kyron Martin, Daniel Johnson-Thompson, Remy Udeh, Miles Brown, Tom Child","Essex Rebels|10,13,14,2,22",4,4.8,290.0,8,3,8,37.5,0,1,0.0,2,2,100.0,0,0,0,0,0,0,2,0,13,10.4,76.6,105.1,-28.5,1.66,-5
Birmingham Rockets,"Orlan Jackman, Eric Donaldson, Lucas Mcgregor, Faaris Mughaal, Martyn Gayle","Birmingham Rockets|13,3,6,7,8",1,4.8,290.0,8,3,6,50.0,1,3,33.3,1,1,100.0,0,0,0,0,0,0,1,0,7,7.1,112.0,81.0,31.0,1.66,1
Bristol Flyers II,"Yusuf Hafid, Lanre Ayinla, Reggie Eigbe, Nassim Ladjimi, Ebuka Ekwegh","Bristol Flyers II|0,10,13,24,8",1,4.7,283.0,8,2,9,22.2,0,4,0.0,4,5,80.0,0,0,0,0,0,0,1,0,11,11.7,68.3,85.5,-17.2,1.7,-3
Birmingham Rockets,"Ronald Blain, Orlan Jackman, Zack Powell, Faaris Mughaal, Martyn Gayle","Birmingham Rockets|0,13,14,7,8",2,4.6,278.0,16,7,9,77.8,1,3,33.3,1,3,33.3,0,0,0,0,0,0,3,0,9,12.8,125.1,72.8,52.3,3.45,7
London Cavaliers,"Juan Manning, Joe Richards, Mekhi Collins, Aj Roberts, Aaron Pyne","London Cavaliers|10,11,13,4,7",1,4.6,274.0,10,3,6,50.0,1,2,50.0,3,4,75.0,0,0,0,0,0,0,1,0,6,8.4,118.9,70.4,48.5,2.19,4
London Cavaliers,"Juan Manning, Mekhi Collins, Marquel Beasley, Daniel Braster, Omari Pond-Mckenzie","London Cavaliers|10,13,15,23,5",1,4.5,267.0,6,3,9,33.3,0,3,0.0,0,0,0,0,0,0,0,0,0,0,0,9,8.6,69.4,100.6,-31.1,1.35,-3
Loughborough Riders,"Michael Joiner, Panos Karras, Milo Gordon, Jalen Cook, Liam Campbell","Loughborough Riders|11,15,22,31,4",1,4.5,267.0,11,4,6,66.7,2,3,66.7,1,1,100.0,0,0,0,0,0,0,2,0,10,8.1,135.8,95.7,40.0,2.47,1
Hemel Storm,"Darien Nelson-Henry, Kai Walker, Matt Norman, Sam Newman, Jack Burnell","Hemel Storm|10,11,2,4,7",2,4.5,272.0,11,4,8,50.0,1,4,25.0,2,2,100.0,0,0,0,0,0,0,1,0,9,9.5,116.0,78.9,37.1,2.43,2
Loughborough Riders,"Johde Campbell, Jalen Cook, Seth Wylie, Dan Hadley, Cameron Nyarko","Loughborough Riders|0,12,43,5,7",1,4.5,271.0,13,4,7,57.1,2,5,40.0,3,5,60.0,0,0,0,0,0,0,1,0,11,9.8,132.8,88.1,44.6,2.88,2
Worthing Thunder,"Matthew Bryan-Amaning, Justin Hopkins, Elijah Maynard, Adrian Scarborough, Elliott Dadds","Worthing Thunder|11,15,22,4,7",3,4.2,252.0,10,4,12,33.3,0,6,0.0,2,2,100.0,0,0,0,0,0,0,1,0,11,13.3,75.0,117.4,-42.4,2.38,-1
Birmingham Rockets,"Ronald Blain, Orlan Jackman, Eric Donaldson, Lucas Mcgregor, Faaris Mughaal","Birmingham Rockets|0,13,3,6,7",2,4.2,252.0,7,3,7,42.9,0,1,0.0,1,2,50.0,0,0,0,0,0,0,1,0,1,8.5,82.1,12.5,69.6,1.67,6
Worthing Thunder,"Danny Evans, Justin Hopkins, Jonathan Lashley, Bode Adeluola, Elliott Dadds","Worthing Thunder|0,15,35,5,7",2,4.2,255.0,7,3,6,50.0,0,1,0.0,1,2,50.0,0,0,0,0,0,0,1,0,5,7.6,92.5,65.1,27.4,1.65,2
Reading Rockets,"Malik Bryant, Ty Nsangu, Jax Bouknight, Yusef Salih, Eliaz (Zain) Poorman","Reading Rockets|10,12,4,5,6",1,4.2,249.0,8,2,7,28.6,0,2,0.0,4,6,66.7,0,0,0,0,0,0,0,0,7,9.3,86.4,62.0,24.4,1.93,1
Yorkshire Dragons,"David Ulph, Logan Rooney, Jordan Jefferson, Jack Mielke, Corey Johnson","Yorkshire Dragons|10,3,4,5,9",1,4.2,252.0,13,6,13,46.2,0,4,0.0,1,2,50.0,0,0,0,0,0,0,0,0,15,13.3,97.6,117.3,-19.7,3.1,-2
Worthing Thunder,"Matthew Bryan-Amaning, Justin Hopkins, Elijah Maynard, Jonathan Lashley, Elliott Dadds","Worthing Thunder|11,15,22,35,7",1,4.0,243.0,9,3,9,33.3,1,3,33.3,2,2,100.0,0,0,0,0,0,0,0,0,8,9.5,94.9,98.7,-3.8,2.22,1
Loughborough Riders,"Johde Campbell, Michael Joiner, Jalen Cook, Tomide Akinsuku, Milo Gordon","Loughborough Riders|0,11,12,13,22",3,3.9,234.0,9,3,6,50.0,0,3,0.0,3,5,60.0,0,0,0,0,0,0,2,0,18,9.8,91.9,146.9,-55.0,2.31,-9
Birmingham Rockets,"Ronald Blain, Zack Powell, Luke Okosieme, Lucas Mcgregor, Martyn Gayle","Birmingham Rockets|0,14,21,6,8",1,3.9,236.0,12,6,9,66.7,0,2,0.0,0,0,0,0,0,0,0,0,0,1,0,6,9.6,125.0,57.4,67.6,3.05,6
Hemel Storm,"Kai Walker, Veron Eze, Brayden Inger, Sam Newman, Jack Burnell","Hemel Storm|11,21,3,4,7",1,3.9,233.0,5,2,5,40.0,1,3,33.3,0,0,0,0,0,0,0,0,0,2,0,9,6.7,74.4,120.8,-46.4,1.29,-4
Derby Trailblazers,"Casey Burr, Connor Washington, Sean Mo Walker, Charlie Brown, Raheem May-Thompson","Derby Trailblazers|0,13,3,4,7",1,3.9,232.0,2,1,6,16.7,0,0,0,0,0,0,0,0,0,0,0,0,1,0,7,6.7,29.8,81.0,-51.3,0.52,-5
Milton Keynes Breakers,"Kai Williams, Jonas Dietrich, Mike New Jr., Jordan Spencer, Kalvin Oates","Milton Keynes Breakers|0,12,15,23,5",1,3.9,236.0,13,2,5,40.0,1,3,33.3,8,9,88.9,0,0,0,0,0,0,1,0,12,9.6,136.0,140.8,-4.8,3.31,1
Essex Rebels,"Kyron Martin, Remy Udeh, Miles Brown, Tom Child, Tyreese Hudson","Essex Rebels|10,14,2,22,9",5,3.8,226.0,16,6,10,60.0,2,2,100.0,2,2,100.0,0,0,0,0,0,0,0,0,5,10.4,153.2,55.2,98.0,4.25,11
Worthing Thunder,"Danny Evans, Matthew Bryan-Amaning, Justin Hopkins, Adrian Scarborough, Elliott Dadds","Worthing Thunder|0,11,15,4,7",3,3.8,229.0,10,3,6,50.0,1,2,50.0,3,4,75.0,0,0,0,0,0,0,2,0,5,9.4,106.7,45.5,61.2,2.62,5
London Cavaliers,"Juan Manning, Joe Richards, Daniel Delsol-Lowry, Aj Roberts, Aaron Pyne","London Cavaliers|10,11,12,4,7",1,3.8,226.0,12,4,8,50.0,3,3,100.0,1,2,50.0,0,0,0,0,0,0,0,0,3,8.5,140.8,45.4,95.3,3.19,9
Bristol Flyers II,"Yusuf Hafid, Lanre Ayinla, Reggie Eigbe, Nikolas Sagkovits, Nassim Ladjimi","Bristol Flyers II|0,10,13,21,24",1,3.8,226.0,8,3,4,75.0,1,1,100.0,1,2,50.0,0,0,0,0,0,0,1,0,3,5.6,141.7,32.0,109.7,2.12,5
Hemel Storm,"Darien Nelson-Henry, Matt Norman, Veron Eze, Brayden Inger, Sam Newman","Hemel Storm|10,2,21,3,4",2,3.7,220.0,2,1,5,20.0,0,2,0.0,0,0,0,0,0,0,0,0,0,2,0,9,6.7,29.8,94.9,-65.1,0.55,-7
Nottingham Hoods,"Donell Nixon Ii, Byrce Johnson, Tyrone Williams, Elliot Bailey, Micah Savery-Richards","Nottingham Hoods|24,25,55,6,8",2,3.6,214.0,12,3,7,42.9,2,4,50.0,4,4,100.0,0,0,0,0,0,0,0,0,3,8.4,142.7,45.4,97.3,3.36,9
Bristol Flyers II,"Lanre Ayinla, Roman Price, Nassim Ladjimi, Anthony Bhebhe, Thomas Browne","Bristol Flyers II|10,11,24,4,7",1,3.6,219.0,5,2,5,40.0,1,3,33.3,0,0,0,0,0,0,0,0,0,1,0,6,5.8,86.8,89.3,-2.5,1.37,-1
Yorkshire Dragons,"R. Ani, David Ulph, Jordan Whelan, J. Melke, Corey Johnson","Yorkshire Dragons|1,10,23,5,9",1,3.5,210.0,4,1,6,16.7,0,3,0.0,2,3,66.7,0,0,0,0,0,0,2,0,4,8.9,44.7,69.4,-24.7,1.14,0
Yorkshire Dragons,"David Ulph, Jordan Whelan, J. Melke, Andreas Lycoudis, Corey Johnson","Yorkshire Dragons|10,23,5,7,9",1,3.5,211.0,3,1,5,20.0,0,4,0.0,1,2,50.0,0,0,0,0,0,0,2,0,5,7.6,39.7,66.1,-26.4,0.85,-2
Reading Rockets,"Malik Bryant, Ty Nsangu, Cooper Creek, Jax Bouknight, Victor Olarerin","Reading Rockets|10,12,14,4,8",1,3.5,213.0,10,3,8,37.5,0,2,0.0,4,5,80.0,0,0,0,0,0,0,1,0,3,10.8,93.0,39.7,53.3,2.82,7
Birmingham Rockets,"Ronald Blain, Luke Okosieme, Eric Donaldson, Lucas Mcgregor, Faaris Mughaal","Birmingham Rockets|0,21,3,6,7",2,3.5,211.0,2,1,6,16.7,0,1,0.0,0,0,0,0,0,0,0,0,0,1,0,4,6.7,29.8,59.5,-29.8,0.57,-2
Newcastle Knights,"Bradley Dean, Sam Trunley, Jaron Thames, Jason Soodeen, Messiah Jones","Newcastle Knights|1,10,11,12,5",2,3.4,204.0,10,3,5,60.0,3,4,75.0,1,2,50.0,0,0,0,0,0,0,2,0,6,7.6,132.2,49.4,82.7,2.94,4
Nottingham Hoods,"Donell Nixon Ii, Elliot Bailey, Sam Akano, Micah Savery-Richards, Tyrone Williams","Nottingham Hoods|12,6,7,8,9",2,3.4,205.0,9,3,8,37.5,2,4,50.0,1,3,33.3,0,0,0,0,0,0,1,0,7,9.9,90.8,71.5,19.4,2.63,2
Essex Rebels,"Michael Amako, Kyron Martin, Miles Brown, Anthony Idiata-Mendez, Tom Child","Essex Rebels|1,10,2,20,22",2,3.4,201.0,9,3,8,37.5,1,2,50.0,2,4,50.0,0,0,0,0,0,0,1,0,5,10.3,87.1,104.2,-17.0,2.69,4
Milton Keynes Breakers,"Kai Williams, Dashawn Jackson, Mike New Jr., Xavier Wilson, Blayne Freckleton","Milton Keynes Breakers|0,1,15,21,7",1,3.4,204.0,7,3,7,42.9,1,3,33.3,0,0,0,0,0,0,0,0,0,0,0,4,6.7,104.2,93.8,10.3,2.06,3
Milton Keynes Breakers,"Dashawn Jackson, Mike New Jr., Xavier Wilson, Jordan Spencer, Blayne Freckleton","Milton Keynes Breakers|10,15,21,23,7",2,3.4,206.0,3,1,5,20.0,1,2,50.0,0,0,0,0,0,0,0,0,0,0,0,7,4.8,62.5,81.0,-18.5,0.87,-4
Derby Trailblazers,"Jai Pathmarajah, Robert Marsden, Charlie Brown, Evan Oliver, Raheem May-Thompson","Derby Trailblazers|22,30,4,6,7",1,3.3,196.0,6,2,3,66.7,1,2,50.0,1,1,100.0,0,0,0,0,0,0,2,0,3,5.2,114.9,39.1,75.8,1.84,3
Worthing Thunder,"Justin Hopkins, Elijah Maynard, Adrian Scarborough, Bode Adeluola, Elliott Dadds","Worthing Thunder|15,22,4,5,7",2,3.2,190.0,6,1,5,20.0,1,2,50.0,3,6,50.0,0,0,0,0,0,0,1,0,0,8.3,72.3,0.0,72.3,1.89,6
Derby Trailblazers,"Jai Pathmarajah, Sean Mo Walker, Charlie Brown, Evan Oliver, Raheem May-Thompson","Derby Trailblazers|22,3,4,6,7",1,3.2,192.0,11,4,6,66.7,1,1,100.0,2,2,100.0,0,0,0,0,0,0,1,0,4,7.6,145.4,60.6,84.8,3.44,7
Nottingham Hoods,"Donell Nixon Ii, Latrell Maitland, Elliot Bailey, Micah Savery-Richards, Tyrone Williams","Nottingham Hoods|12,55,6,8,9",2,3.2,193.0,2,0,5,0.0,0,0,0,2,2,100.0,0,0,0,0,0,0,1,0,4,6.6,30.3,53.7,-23.4,0.62,-2
London Cavaliers,"Juan Manning, Mekhi Collins, Marquel Beasley, Darren Ainembabazi, Aj Roberts","London Cavaliers|10,13,15,3,4",1,3.2,191.0,3,1,2,50.0,0,1,0.0,1,1,100.0,0,0,0,0,0,0,1,0,0,3.3,90.8,0.0,90.8,0.94,3
Hemel Storm,"Kai Walker, Matt Norman, Brayden Inger, Sam Newman, Jack Burnell","Hemel Storm|11,2,3,4,7",1,3.2,193.0,4,1,4,25.0,1,2,50.0,1,2,50.0,0,0,0,0,0,0,4,0,12,8.5,46.9,138.9,-92.0,1.24,-8
Milton Keynes Breakers,"Dashawn Jackson, Ben Baker-Mccann, Xavier Wilson, Jordan Spencer, Chase Thompson","Milton Keynes Breakers|10,11,21,23,8",2,3.2,192.0,5,2,4,50.0,1,2,50.0,0,0,0,0,0,0,0,0,0,1,0,6,4.8,104.2,89.3,14.9,1.56,-1
Milton Keynes Breakers,"Chase Thompson, Ben Baker-Mccann, Mike New Jr, Blayne Freckleton, Dashawn Jackson","Milton Keynes Breakers|10,11,15,7,9",1,3.1,187.0,8,2,4,50.0,2,2,100.0,2,2,100.0,0,0,0,0,0,0,1,0,4,5.6,141.7,59.5,82.2,2.57,4
Loughborough Riders,"Johde Campbell, Michael Joiner, Panos Karras, Milo Gordon, Jalen Cook","Loughborough Riders|0,11,15,22,31",1,3.1,187.0,4,1,3,33.3,1,3,33.3,1,6,16.7,0,0,0,0,0,0,1,0,3,6.4,62.8,57.4,5.3,1.28,1
Milton Keynes Breakers,"Jonas Dietrich, Luke Gregory, Mike New Jr., Jordan Spencer, Kalvin Oates","Milton Keynes Breakers|12,13,15,23,5",1,3.1,185.0,4,1,4,25.0,1,3,33.3,1,2,50.0,0,0,0,0,0,0,0,0,4,4.7,85.4,70.9,14.5,1.3,0
London Cavaliers,"Juan Manning, Mekhi Collins, Daniel Braster, Aj Roberts, Omari Pond-Mckenzie","London Cavaliers|10,13,23,4,5",1,3.0,180.0,4,2,4,50.0,0,1,0.0,0,0,0,0,0,0,0,0,0,1,0,6,4.8,83.3,128.1,-44.7,1.33,-2
Hemel Storm,"Darien Nelson-Henry, Kai Walker, Taylor Johnson, Matt Norman, Sam Newman","Hemel Storm|10,11,12,2,4",1,3.0,178.0,0,0,4,0.0,0,2,0.0,0,0,0,0,0,0,0,0,0,0,0,10,3.8,0.0,154.1,-154.1,0.0,-10
Birmingham Rockets,"Ronald Blain, Orlan Jackman, Luke Okosieme, Eric Donaldson, Lucas Mcgregor","Birmingham Rockets|0,13,21,3,6",1,3.0,177.0,4,2,5,40.0,0,1,0.0,0,2,0.0,0,0,0,0,0,0,1,0,3,6.6,60.6,64.0,-3.5,1.36,1
Yorkshire Dragons,"David Ulph, Jordan Whelan, Jordan Jefferson, Jack Mielke, Nick Lewis","Yorkshire Dragons|10,23,4,5,93",1,3.0,178.0,2,1,5,20.0,0,2,0.0,0,0,0,0,0,0,0,0,0,2,0,4,6.7,29.8,70.9,-41.1,0.67,-2
Bristol Hurricanes,"Daniel Edozie, Elvisi Dusha, Denzel Ubiaro, Corey Samuels, Vilmantas Dilys","Bristol Hurricanes|1,12,31,4,55",3,2.9,174.0,13,4,7,57.1,2,4,50.0,3,6,50.0,0,0,0,0,0,0,0,0,5,9.3,140.5,66.1,74.4,4.48,8
Yorkshire Dragons,"David Ulph, Logan Rooney, J. Melke, Corey Johnson, Nick Lewis","Yorkshire Dragons|10,14,5,9,93",1,2.9,171.0,3,1,5,20.0,1,3,33.3,0,3,0.0,0,0,0,0,0,0,1,0,6,7.0,42.7,125.0,-82.3,1.05,-3
Essex Rebels,"Kyron Martin, Miles Brown, Anthony Idiata-Mendez, Tom Child, Tyreese Hudson","Essex Rebels|10,2,20,22,9",2,2.9,174.0,3,1,7,14.3,1,4,25.0,0,0,0,0,0,0,0,0,0,1,0,11,7.7,39.1,145.4,-106.3,1.03,-8
Loughborough Riders,"Johde Campbell, Michael Joiner, Jalen Cook, Tomide Akinsuku, Seth Wylie","Loughborough Riders|0,11,31,36,43",2,2.9,173.0,5,1,6,16.7,0,5,0.0,3,5,60.0,0,0,0,0,0,0,2,0,2,9.8,51.1,21.1,30.0,1.73,3
Yorkshire Dragons,"David Ulph, Jordan Whelan, Jordan Jefferson, Jack Mielke, Corey Johnson","Yorkshire Dragons|10,23,4,5,9",1,2.9,171.0,4,2,6,33.3,0,1,0.0,0,2,0.0,0,0,0,0,0,0,1,0,4,7.6,52.9,69.4,-16.6,1.4,0
Nottingham Hoods,"Latrell Maitland, Donell Nixon Ii, Byrce Johnson, Tyrone Williams, Elliot Bailey","Nottingham Hoods|0,24,25,55,6",1,2.9,172.0,5,2,3,66.7,1,1,100.0,0,0,0,0,0,0,0,0,0,1,0,5,3.8,130.2,104.2,26.0,1.74,0
Milton Keynes Breakers,"Ben Baker-Mccann, Mike New Jr, Xavier Wilson, Blayne Freckleton, Dashawn Jackson","Milton Keynes Breakers|11,15,21,7,9",1,2.8,167.0,4,2,3,66.7,0,1,0.0,0,0,0,0,0,0,0,0,0,1,0,4,3.8,104.2,83.3,20.8,1.44,0
Bristol Flyers II,"Reggie Eigbe, Nassim Ladjimi, Anthony Bhebhe, Wickens Simba, Giuseppe Landolfi","Bristol Flyers II|13,24,4,6,7",1,2.8,166.0,2,1,5,20.0,0,1,0.0,0,0,0,0,0,0,0,0,0,2,0,10,6.7,29.8,148.8,-119.0,0.72,-8
Birmingham Rockets,"Ronald Blain, Orlan Jackman, Zack Powell, Eric Donaldson, Martyn Gayle","Birmingham Rockets|0,13,14,3,8",2,2.8,169.0,10,3,6,50.0,0,0,0,4,6,66.7,0,0,0,0,0,0,1,0,8,9.3,108.1,112.0,-4.0,3.55,2
Newcastle Knights,"Bradley Dean, Sam Trunley, Jaron Thames, Hafeez Abdul, Theo Riley","Newcastle Knights|1,10,11,3,9",1,2.8,169.0,10,4,5,80.0,2,3,66.7,0,0,0,0,0,0,0,0,0,0,0,7,4.8,208.3,86.4,121.9,3.55,3
Milton Keynes Breakers,"Ben Baker-Mccann, Luke Gregory, Mike New Jr., Jordan Spencer, Chase Thompson","Milton Keynes Breakers|11,13,15,23,8",1,2.8,170.0,6,2,7,28.6,1,3,33.3,1,2,50.0,0,0,0,0,0,0,1,0,2,8.5,70.4,53.7,16.7,2.12,4
Milton Keynes Breakers,"Dashawn Jackson, Mike New Jr., Xavier Wilson, Jordan Spencer, Chase Thompson","Milton Keynes Breakers|1,15,21,23,8",2,2.7,161.0,5,2,5,40.0,1,2,50.0,0,0,0,0,0,0,0,0,0,0,0,7,4.8,104.2,124.0,-19.8,1.86,-2
Newcastle Knights,"Bradley Dean, Sam Trunley, Jaron Thames, Finn Cork, Messiah Jones","Newcastle Knights|1,10,11,13,5",1,2.7,160.0,6,2,4,50.0,0,0,0,2,2,100.0,0,0,0,0,0,0,1,0,7,5.6,106.3,149.4,-43.1,2.25,-1
Birmingham Rockets,"Ronald Blain, Orlan Jackman, Luke Okosieme, Lucas Mcgregor, Martyn Gayle","Birmingham Rockets|0,13,21,6,8",1,2.7,161.0,4,2,3,66.7,0,0,0,0,0,0,0,0,0,0,0,0,2,0,7,4.8,83.3,106.0,-22.7,1.49,-3
Bristol Flyers II,"Yusuf Hafid, Lanre Ayinla, Jack Craggs, Nassim Ladjimi, Wickens Simba","Bristol Flyers II|0,10,12,24,6",1,2.7,163.0,6,2,4,50.0,0,1,0.0,2,2,100.0,0,0,0,0,0,0,1,0,2,5.6,106.3,29.8,76.5,2.21,4
Yorkshire Dragons,"David Ulph, Eddie Brownell, Jordan Whelan, Corey Johnson, Nick Lewis","Yorkshire Dragons|10,2,23,6,93",1,2.6,154.0,0,0,4,0.0,0,1,0.0,0,0,0,0,0,0,0,0,0,1,0,5,4.8,0.0,77.0,-77.0,0.0,-5
Worthing Thunder,"Matthew Bryan-Amaning, Justin Hopkins, Elijah Maynard, Bode Adeluola, Elliott Dadds","Worthing Thunder|11,15,22,5,7",2,2.6,155.0,12,2,3,66.7,0,0,0,8,12,66.7,0,0,0,0,0,0,1,0,6,8.9,134.7,76.2,58.5,4.65,6
Bristol Hurricanes,"Daniel Edozie, David Forsyth, Elvisi Dusha, Jules Dang-Akodo, Denzel Ubiaro","Bristol Hurricanes|1,11,12,23,31",2,2.6,154.0,4,1,5,20.0,1,1,100.0,1,2,50.0,0,0,0,0,0,0,0,0,7,5.6,70.9,81.0,-10.2,1.56,-3
Hemel Storm,"Darien Nelson-Henry, Kai Walker, Taylor Johnson, Veron Eze, Sam Newman","Hemel Storm|10,11,12,21,4",1,2.5,153.0,8,4,4,100.0,0,0,0,0,2,0.0,0,0,0,0,0,0,1,0,8,5.6,141.7,166.7,-24.9,3.14,0
Derby Trailblazers,"Casey Burr, Connor Washington, Jai Pathmarajah, Robert Marsden, Malcolm Smith","Derby Trailblazers|0,13,22,30,9",2,2.5,150.0,0,0,4,0.0,0,0,0,0,0,0,0,0,0,0,0,0,0,0,5,3.8,0.0,88.6,-88.6,0.0,-5
Loughborough Riders,"Johde Campbell, Michael Joiner, Levi Ehiorobo, Cameron Nyarko, Jalen Cook","Loughborough Riders|0,11,21,3,31",1,2.5,153.0,0,0,3,0.0,0,2,0.0,0,0,0,0,0,0,0,0,0,2,0,3,4.8,0.0,70.4,-70.4,0.0,-3
Worthing Thunder,"Danny Evans, Elijah Maynard, Jonathan Lashley, Bode Adeluola, Elliott Dadds","Worthing Thunder|0,22,35,5,7",1,2.5,148.0,4,1,2,50.0,0,1,0.0,2,2,100.0,0,0,0,0,0,0,1,0,6,3.7,107.4,104.2,3.2,1.62,-2
Essex Rebels,"Mou Wol-Cummings, Kyron Martin, Miles Brown, Anthony Idiata-Mendez, Tyreese Hudson","Essex Rebels|0,10,2,20,9",1,2.4,142.0,4,2,3,66.7,0,1,0.0,0,0,0,0,0,0,0,0,0,0,0,6,2.9,138.9,140.8,-1.9,1.69,-2
Bristol Hurricanes,"Elvisi Dusha, Kobe Hill, Denzel Ubiaro, Corey Samuels, Vilmantas Dilys","Bristol Hurricanes|12,2,31,4,55",1,2.4,141.0,7,3,5,60.0,1,1,100.0,0,0,0,0,0,0,0,0,0,0,0,3,4.8,145.8,42.7,103.1,2.98,4
Bristol Hurricanes,"David Forsyth, Elvisi Dusha, Jules Dang-Okodo, Denzel Ubiaro, Vilmantas Dilys","Bristol Hurricanes|11,12,23,31,55",1,2.4,144.0,2,1,5,20.0,0,3,0.0,0,0,0,0,0,0,0,0,0,0,0,3,4.8,41.7,62.5,-20.8,0.83,-1
Yorkshire Dragons,"Paul Tew, Logan Rooney, Jack Melke, Andreas Lycoudis, Corey Johnson","Yorkshire Dragons|14,3,5,7,9",1,2.4,144.0,3,1,4,25.0,1,2,50.0,0,0,0,0,0,0,0,0,0,1,0,2,4.8,62.5,41.7,20.8,1.25,1
Milton Keynes Breakers,"Ben Baker-Mccann, Jonas Dietrich, Xavier Wilson, Blayne Freckleton, Chase Thompson","Milton Keynes Breakers|11,12,21,7,8",1,2.4,144.0,6,1,6,16.7,0,3,0.0,4,6,66.7,0,0,0,0,0,0,0,0,7,8.3,72.3,85.6,-13.2,2.5,-1
Reading Rockets,"Ty Nsangu, Jax Bouknight, Eliaz (Zain) Poorman, Victor Olarerin, Simon Chamberlain","Reading Rockets|12,4,6,8,9",1,2.4,146.0,7,3,6,50.0,1,2,50.0,0,0,0,0,0,0,0,0,0,1,0,3,6.7,104.2,57.4,46.7,2.88,4
Milton Keynes Breakers,"Kai Williams, Ben Baker-Mccann, Luke Gregory, Jordan Spencer, Blayne Freckleton","Milton Keynes Breakers|0,11,13,23,7",1,2.4,143.0,6,3,5,60.0,0,1,0.0,0,0,0,0,0,0,0,0,0,2,0,7,6.7,89.3,145.8,-56.5,2.52,-1
Nottingham Hoods,"Donell Nixon Ii, B. Johnson, Aaron Sandu-Nelson, Latrell Maitland, Micah Savery-Richards","Nottingham Hoods|12,25,5,55,8",1,2.3,137.0,3,1,4,25.0,1,1,100.0,0,0,0,0,0,0,0,0,0,0,0,4,3.8,78.1,83.3,-5.2,1.31,-1
Derby Trailblazers,"Robert Marsden, Charlie Brown, Harlond Beverley Jr, Evan Oliver, Raheem May-Thompson","Derby Trailblazers|30,4,5,6,7",1,2.3,138.0,5,1,3,33.3,0,2,0.0,3,5,60.0,0,0,0,0,0,0,1,0,6,6.0,84.0,92.5,-8.5,2.17,-1
Bristol Flyers II,"Yusuf Hafid, Jack Craggs, Reggie Eigbe, Nassim Ladjimi, Giuseppe Landolfi","Bristol Flyers II|0,12,13,24,7",1,2.3,137.0,4,1,2,50.0,1,1,100.0,1,2,50.0,0,0,0,0,0,0,1,0,3,3.7,107.4,108.5,-1.1,1.75,1
Newcastle Knights,"Sam Trunley, Jaron Thames, Mekhi Hendry, Scott Angus, Max Matthews","Newcastle Knights|10,11,2,7,8",1,2.3,137.0,2,1,5,20.0,0,1,0.0,0,0,0,0,0,0,0,0,0,0,0,3,4.8,41.7,62.5,-20.8,0.88,-1
Yorkshire Dragons,"Ben Tew, Jordan Whelan, Logan Rooney, Jordan Jefferson, Corey Johnson","Yorkshire Dragons|20,23,3,4,9",1,2.3,136.0,2,1,1,100.0,0,0,0,0,0,0,0,0,0,0,0,0,1,0,4,1.9,104.2,93.8,10.3,0.88,-2
Nottingham Hoods,"Abiodun Adedo, Donell Nixon Ii, Byrce Johnson, Tyrone Williams, Micah Savery-Richards","Nottingham Hoods|12,24,25,55,8",1,2.3,139.0,4,2,5,40.0,0,0,0,0,0,0,0,0,0,0,0,0,0,0,6,4.8,83.3,125.0,-41.7,1.73,-2
Bristol Hurricanes,"Elvisi Dusha, James Claar, Denzel Ubiaro, Corey Samuels, Vilmantas Dilys","Bristol Hurricanes|12,24,31,4,55",1,2.2,134.0,6,2,6,33.3,0,1,0.0,2,4,50.0,0,0,0,0,0,0,0,0,2,7.4,80.5,69.4,11.1,2.69,4
Yorkshire Dragons,"Ben Tew, Jordan Whelan, Jordan Jefferson, Corey Johnson, Nick Lewis","Yorkshire Dragons|20,23,4,9,93",1,2.2,134.0,2,1,2,50.0,0,0,0,0,0,0,0,0,0,0,0,0,1,0,2,2.9,69.4,34.7,34.7,0.9,0
Hemel Storm,"Kai Walker, Taylor Johnson, Matt Norman, Brayden Inger, Sam Newman","Hemel Storm|11,12,2,3,4",1,2.1,129.0,6,2,2,100.0,2,2,100.0,0,0,0,0,0,0,0,0,0,2,0,3,3.8,156.2,72.3,83.9,2.79,3
Nottingham Hoods,"Donell Nixon Ii, Megrim Sokoli, Latrell Maitland, Elliot Bailey, Tyrone Williams","Nottingham Hoods|12,2,55,6,9",1,2.1,124.0,7,3,4,75.0,1,1,100.0,0,0,0,0,0,0,0,0,0,0,0,5,3.8,182.3,130.2,52.1,3.39,2
Nottingham Hoods,"Tyrone Williams, Micah Savery-Richards, Byrce Johnson, Latrell Maitland, Sam Akano","Nottingham Hoods|1,14,21,23,7",1,2.1,128.0,2,1,2,50.0,0,1,0.0,0,0,0,0,0,0,0,0,0,2,0,2,3.8,52.1,53.7,-1.6,0.94,0
London Cavaliers,"Juan Manning, Joe Richards, Mekhi Collins, Marquel Beasley, Aj Roberts","London Cavaliers|10,11,13,15,4",1,2.1,125.0,3,1,6,16.7,0,3,0.0,1,2,50.0,0,0,0,0,0,0,1,0,5,7.6,39.7,90.4,-50.8,1.44,-2
Birmingham Rockets,"Ronald Blain, Orlan Jackman, Zack Powell, Eric Donaldson, Faaris Mughaal","Birmingham Rockets|0,13,14,3,7",1,2.1,127.0,6,2,6,33.3,1,2,50.0,1,1,100.0,0,0,0,0,0,0,0,0,4,6.2,97.0,83.3,13.7,2.83,2
Loughborough Riders,"Levi Ehiorobo, Michael Joiner, Jalen Cook, Liam Campbell, Seth Wylie","Loughborough Riders|10,11,31,4,43",1,2.1,127.0,8,3,3,100.0,2,2,100.0,0,0,0,0,0,0,0,0,0,2,0,1,4.8,166.7,26.8,139.8,3.78,7
Bristol Hurricanes,"Daniel Edozie, Elvisi Dusha, Denzel Ubiaro, Vilmantas Dilys, Chris Taylor","Bristol Hurricanes|1,12,31,55,9",1,2.1,125.0,2,1,3,33.3,0,0,0,0,0,0,0,0,0,0,0,0,1,0,4,3.8,52.1,70.9,-18.8,0.96,-2
London Cavaliers,"Juan Manning, Marquel Beasley, Daniel Braster, Aj Roberts, Aaron Pyne","London Cavaliers|10,15,23,4,7",1,2.1,126.0,2,1,4,25.0,0,3,0.0,0,0,0,0,0,0,0,0,0,0,0,4,3.8,52.1,64.7,-12.6,0.95,-2
Hemel Storm,"Darien Nelson-Henry, Kai Walker, Brayden Inger, Sam Newman, Jack Burnell","Hemel Storm|10,11,3,4,7",1,2.1,129.0,4,2,4,50.0,0,1,0.0,0,0,0,0,0,0,0,0,0,0,0,6,3.8,104.2,78.1,26.0,1.86,-2
Reading Rockets,"Malik Bryant, Cooper Creek, Eliaz (Zain) Poorman, Lewis Champion, Victor Olarerin","Reading Rockets|10,14,6,7,8",1,2.0,122.0,3,1,4,25.0,1,2,50.0,0,0,0,0,0,0,0,0,0,0,0,5,3.8,78.1,134.2,-56.1,1.48,-2
Worthing Thunder,"Danny Evans, Justin Hopkins, Adrian Scarborough, Bode Adeluola, Elliott Dadds","Worthing Thunder|0,15,4,5,7",1,2.0,121.0,7,3,3,100.0,1,1,100.0,0,0,0,0,0,0,0,0,0,1,0,5,3.8,182.3,130.2,52.1,3.47,2
Hemel Storm,"Darien Nelson-Henry, Matt Norman, Brayden Inger, Sam Newman, Jack Burnell","Hemel Storm|10,2,3,4,7",1,2.0,123.0,11,4,8,50.0,2,4,50.0,1,3,33.3,0,0,0,0,0,0,0,0,7,8.9,122.9,124.0,-1.1,5.37,4
Nottingham Hoods,"Donell Nixon Ii, Megrim Sokoli, Latrell Maitland, Micah Savery-Richards, Tyrone Williams","Nottingham Hoods|12,2,55,8,9",1,1.9,112.0,0,0,3,0.0,0,0,0,0,0,0,0,0,0,0,0,0,2,0,1,4.8,0.0,42.7,-42.7,0.0,-1
Essex Rebels,"Mou Wol-Cummings, Kyron Martin, Miles Brown, Anthony Idiata-Mendez, Harry Gent","Essex Rebels|0,10,2,20,36",1,1.9,116.0,6,2,2,100.0,1,1,100.0,1,1,100.0,0,0,0,0,0,0,1,0,3,3.3,181.7,156.2,25.4,3.1,3
Reading Rockets,"Malik Bryant, Ty Nsangu, Jax Bouknight, Victor Olarerin, Simon Chamberlain","Reading Rockets|10,12,4,8,9",2,1.9,113.0,3,1,3,33.3,1,2,50.0,0,0,0,0,0,0,0,0,0,1,0,6,3.8,78.1,181.7,-103.6,1.59,-3
Birmingham Rockets,"Ronald Blain, Luke Okosieme, Eric Donaldson, Lucas Mcgregor, Martyn Gayle","Birmingham Rockets|0,21,3,6,8",2,1.9,112.0,5,2,4,50.0,1,3,33.3,0,0,0,0,0,0,0,0,0,1,0,0,4.8,104.2,0.0,104.2,2.68,5
Hemel Storm,"Kai Walker, Matt Norman, Veron Eze, Brayden Inger, Sam Newman","Hemel Storm|11,2,21,3,4",1,1.9,112.0,2,1,3,33.3,0,2,0.0,0,0,0,0,0,0,0,0,0,2,0,3,4.8,41.7,90.8,-49.2,1.07,-1
Loughborough Riders,"Johde Campbell, Jalen Cook, Tomide Akinsuku, Liam Campbell, Victor Ndoukou","Loughborough Riders|0,12,13,4,7",1,1.9,116.0,3,1,3,33.3,1,3,33.3,0,0,0,0,0,0,0,0,0,0,0,4,2.9,104.2,83.3,20.8,1.55,-1
Derby Trailblazers,"Jai Pathmarajah, Sean Mo Walker, Robert Marsden, Charlie Brown, Evan Oliver","Derby Trailblazers|22,3,30,4,6",1,1.8,110.0,2,1,3,33.3,0,0,0,0,0,0,0,0,0,0,0,0,1,0,4,3.8,52.1,104.2,-52.1,1.09,-2
Newcastle Knights,"Bradley Dean, Sam Trunley, Jaron Thames, Scott Angus, Max Matthews","Newcastle Knights|1,10,11,7,8",1,1.8,105.0,2,1,3,33.3,0,0,0,0,1,0.0,0,0,0,0,0,0,1,0,3,4.3,46.9,104.2,-57.2,1.14,-1
Bristol Flyers II,"Yusuf Hafid, Jack Craggs, Reggie Eigbe, Nassim Ladjimi, Ebuka Ekwegh","Bristol Flyers II|0,12,13,24,8",1,1.8,110.0,0,0,2,0.0,0,0,0,0,0,0,0,0,0,0,0,0,2,0,4,3.8,0.0,69.4,-69.4,0.0,-4
Worthing Thunder,"Danny Evans, Matthew Bryan-Amaning, Justin Hopkins, Bode Adeluola, Elliott Dadds","Worthing Thunder|0,11,15,5,7",1,1.7,104.0,3,1,2,50.0,1,1,100.0,0,0,0,0,0,0,0,0,0,0,0,5,1.9,156.2,130.2,26.0,1.73,-2
Yorkshire Dragons,"Jordan Whelan, J. Melke, Andreas Lycoudis, Corey Johnson, Nick Lewis","Yorkshire Dragons|23,5,7,9,93",1,1.7,100.0,0,0,1,0.0,0,0,0,0,0,0,0,0,0,0,0,0,2,0,4,2.9,0.0,104.2,-104.2,0.0,-4
Bristol Flyers II,"Yusuf Hafid, Roman Price, Reggie Eigbe, Nassim Ladjimi, Giuseppe Landolfi","Bristol Flyers II|0,11,13,24,7",1,1.7,101.0,0,0,4,0.0,0,1,0.0,0,0,0,0,0,0,0,0,0,2,0,7,5.8,0.0,113.2,-113.2,0.0,-7
Milton Keynes Breakers,"Chase Thompson, Ben Baker-Mccann, Mike New Jr, Jordan Spencer, Blayne Freckleton","Milton Keynes Breakers|10,11,15,23,7",1,1.6,97.0,3,0,3,0.0,0,2,0.0,3,3,100.0,0,0,0,0,0,0,0,0,2,4.1,72.3,69.4,2.9,1.86,1
Hemel Storm,"Darien Nelson-Henry, Kai Walker, Matt Norman, Veron Eze, Sam Newman","Hemel Storm|10,11,2,21,4",1,1.6,98.0,3,1,2,50.0,1,1,100.0,0,0,0,0,0,0,0,0,0,1,0,5,2.9,104.2,130.2,-26.0,1.84,-2
Hemel Storm,"Darien Nelson-Henry, Matt Norman, Veron Eze, Di-Jani Parkinson, Sam Newman","Hemel Storm|10,2,21,23,4",2,1.6,96.0,2,0,1,0.0,0,1,0.0,2,4,50.0,0,0,0,0,0,0,0,0,2,2.6,75.5,72.3,3.1,1.25,0
Essex Rebels,"Mou Wol-Cummings, Kyron Martin, Miles Brown, Tom Child, Tyreese Hudson","Essex Rebels|0,10,2,22,9",1,1.6,93.0,4,1,1,100.0,0,0,0,2,2,100.0,0,0,0,0,0,0,1,0,5,2.8,144.7,106.7,37.9,2.58,-1
Derby Trailblazers,"Jai Pathmarajah, Robert Marsden, Charlie Brown, Raheem May-Thompson, Malcolm Smith","Derby Trailblazers|22,30,4,7,9",1,1.6,93.0,0,0,1,0.0,0,0,0,0,0,0,0,0,0,0,0,0,2,0,10,2.9,0.0,180.8,-180.8,0.0,-10
Essex Rebels,"Kyron Martin, Remy Udeh, Harry Gent, Ben Winter, Johnny Mckew","Essex Rebels|10,14,36,5,7",1,1.6,96.0,0,0,0,0,0,0,0,0,0,0,0,0,0,0,0,0,1,0,2,1.0,0.0,104.2,-104.2,0.0,-2
Essex Rebels,"Remy Udeh, Anthony Idiata-Mendez, Tom Child, Ben Winter, Tyreese Hudson","Essex Rebels|14,20,22,5,9",1,1.6,95.0,0,0,3,0.0,0,0,0,0,0,0,0,0,0,0,0,0,1,0,5,3.8,0.0,130.2,-130.2,0.0,-5
Bristol Flyers II,"Lanre Ayinla, Jack Craggs, Nikolas Sagkovits, Anthony Bhebhe, Ebuka Ekwegh","Bristol Flyers II|10,12,21,4,8",1,1.6,99.0,4,2,6,33.3,0,2,0.0,0,0,0,0,0,0,0,0,0,0,0,5,5.8,69.4,260.4,-191.0,2.42,-1
Loughborough Riders,"Michael Joiner, Milo Gordon, Tomide Akinsuku, Dan Hadley, Callum Keys","Loughborough Riders|11,22,36,5,8",1,1.5,88.0,2,1,2,50.0,0,0,0,0,0,0,0,0,0,0,0,0,0,0,4,1.9,104.2,138.9,-34.7,1.36,-2
Nottingham Hoods,"Tyrone Williams, Jani Griffith, Donell Nixon Ii, Elliot Bailey, Sam Akano","Nottingham Hoods|1,15,24,6,7",1,1.5,92.0,2,0,1,0.0,0,0,0,2,2,100.0,0,0,0,0,0,0,1,0,6,2.8,72.3,166.2,-93.9,1.3,-4
Hemel Storm,"Kai Walker, Matt Norman, Veron Eze, Di-Jani Parkinson, Sam Newman","Hemel Storm|11,2,21,23,4",1,1.5,90.0,2,1,2,50.0,0,1,0.0,0,0,0,0,0,0,0,0,0,0,0,2,1.9,104.2,104.2,0.0,1.33,0
Hemel Storm,"Darien Nelson-Henry, Kai Walker, Veron Eze, Sam Newman, Jack Burnell","Hemel Storm|10,11,21,4,7",1,1.5,89.0,1,0,1,0.0,0,1,0.0,1,2,50.0,0,0,0,0,0,0,2,0,3,3.7,26.8,156.2,-129.4,0.67,-2
Essex Rebels,"Mou Wol-Cummings, Remy Udeh, Anthony Idiata-Mendez, Harry Gent, Ben Winter","Essex Rebels|0,14,20,36,5",1,1.5,92.0,2,1,3,33.3,0,1,0.0,0,0,0,0,0,0,0,0,0,1,0,3,3.8,52.1,78.1,-26.0,1.3,-1
Newcastle Knights,"Bradley Dean, Jaron Thames, Jason Soodeen, Mekhi Hendry, Messiah Jones","Newcastle Knights|1,11,12,2,5",1,1.5,88.0,0,0,1,0.0,0,1,0.0,0,0,0,0,0,0,0,0,0,1,0,3,1.9,0.0,166.2,-166.2,0.0,-3
Bristol Flyers II,"Yusuf Hafid, Lanre Ayinla, Roman Price, Jack Craggs, Nassim Ladjimi","Bristol Flyers II|0,10,11,12,24",1,1.5,88.0,7,2,3,66.7,2,3,66.7,1,2,50.0,0,0,0,0,0,0,0,0,2,3.7,187.9,69.4,118.5,4.77,5
Reading Rockets,"Ty Nsangu, Jax Bouknight, Eliaz (Zain) Poorman, Lewis Champion, Victor Olarerin","Reading Rockets|12,4,6,7,8",1,1.4,84.0,2,1,1,100.0,0,0,0,0,0,0,0,0,0,0,0,0,1,0,3,1.9,104.2,312.5,-208.3,1.43,-1
Nottingham Hoods,"Tyrone Williams, Micah Savery-Richards, Byrce Johnson, Elliot Bailey, Sam Akano","Nottingham Hoods|1,14,21,6,7",2,1.4,84.0,0,0,1,0.0,0,1,0.0,0,0,0,0,0,0,0,0,0,0,0,9,1.0,0.0,162.8,-162.8,0.0,-9
Yorkshire Dragons,"R. Ani, Jordan Whelan, Logan Rooney, J. Melke, Andreas Lycoudis","Yorkshire Dragons|1,23,3,5,7",1,1.4,85.0,2,0,0,0,0,0,0,2,2,100.0,0,0,0,0,0,0,1,0,5,1.8,110.8,260.4,-149.6,1.41,-3
Derby Trailblazers,"Connor Washington, Robert Marsden, Charlie Brown, Raheem May-Thompson, Malcolm Smith","Derby Trailblazers|13,30,4,7,9",2,1.4,83.0,4,2,3,66.7,0,1,0.0,0,0,0,0,0,0,0,0,0,0,0,1,2.9,138.9,21.9,117.0,2.89,3
Bristol Hurricanes,"David Forsyth, Elvisi Dusha, Kobe Hill, Denzel Ubiaro, Vilmantas Dilys","Bristol Hurricanes|11,12,2,31,55",1,1.4,87.0,2,1,3,33.3,0,1,0.0,0,1,0.0,0,0,0,0,0,0,0,0,7,3.3,60.6,182.3,-121.7,1.38,-5
Milton Keynes Breakers,"Kai Williams, Dashawn Jackson, Ben Baker-Mccann, Mike New Jr., Blayne Freckleton","Milton Keynes Breakers|0,1,11,15,7",1,1.4,86.0,0,0,2,0.0,0,0,0,0,0,0,0,0,0,0,0,0,0,0,4,1.9,0.0,138.9,-138.9,0.0,-4
Reading Rockets,"Malik Bryant, Ty Nsangu, Jax Bouknight, Yusef Salih, Victor Olarerin","Reading Rockets|10,12,4,5,8",1,1.4,85.0,4,2,5,40.0,0,1,0.0,0,0,0,0,0,0,0,0,0,0,0,3,4.8,83.3,104.2,-20.8,2.82,1
Essex Rebels,"Michael Amako, Miles Brown, Tom Child, Harry Gent, Ben Winter","Essex Rebels|1,2,22,36,5",1,1.4,84.0,0,0,1,0.0,0,1,0.0,0,0,0,0,0,0,0,0,0,1,0,3,1.9,0.0,104.2,-104.2,0.0,-3
Loughborough Riders,"Johde Campbell, Michael Joiner, Levi Ehiorobo, Jalen Cook, Callum Keys","Loughborough Riders|0,11,21,31,8",1,1.4,81.0,0,0,1,0.0,0,1,0.0,0,0,0,0,0,0,0,0,0,1,0,4,1.9,0.0,60.6,-60.6,0.0,-4
Newcastle Knights,"Bradley Dean, Sam Trunley, Jaron Thames, Mekhi Hendry, Messiah Jones","Newcastle Knights|1,10,11,2,5",1,1.4,86.0,0,0,2,0.0,0,0,0,0,0,0,0,0,0,0,0,0,0,0,2,1.9,0.0,69.4,-69.4,0.0,-2
Bristol Hurricanes,"Ashley Pearce, Daniel Edozie, Elvisi Dusha, Jules Dang-Akodo, Denzel Ubiaro","Bristol Hurricanes|0,1,12,23,31",1,1.4,84.0,0,0,2,0.0,0,1,0.0,0,0,0,0,0,0,0,0,0,0,0,8,1.9,0.0,141.7,-141.7,0.0,-8
London Cavaliers,"Juan Manning, Joe Richards, Marquel Beasley, Daniel Braster, Aj Roberts","London Cavaliers|10,11,15,23,4",1,1.4,84.0,8,4,5,80.0,0,0,0,0,2,0.0,0,0,0,0,0,0,0,0,0,5.6,141.7,0.0,141.7,5.71,8
Reading Rockets,"Malik Bryant, Jax Bouknight, Matthew Allman, Victor Olarerin, Simon Chamberlain","Reading Rockets|10,4,5,8,9",1,1.3,80.0,2,0,2,0.0,0,1,0.0,2,2,100.0,0,0,0,0,0,0,1,0,2,3.7,53.7,104.2,-50.5,1.5,0
Essex Rebels,"Mou Wol-Cummings, Michael Amako, Miles Brown, Tom Child, Tyreese Hudson","Essex Rebels|0,1,2,22,9",1,1.3,78.0,6,2,2,100.0,0,0,0,2,3,66.7,0,0,0,0,0,0,1,0,0,4.1,144.7,0.0,144.7,4.62,6
Loughborough Riders,"Johde Campbell, Ben Woog, Michael Joiner, Panos Karras, Milo Gordon","Loughborough Riders|0,10,11,15,22",1,1.3,77.0,0,0,4,0.0,0,3,0.0,0,0,0,0,0,0,0,0,0,0,0,0,3.8,0.0,0.0,0.0,0.0,0
Derby Trailblazers,"Connor Washington, Jai Pathmarajah, Robert Marsden, Raheem May-Thompson, Malcolm Smith","Derby Trailblazers|13,22,30,7,9",2,1.3,79.0,1,0,3,0.0,0,2,0.0,1,1,100.0,0,0,0,0,0,0,0,0,2,3.3,30.3,52.1,-21.8,0.76,-1
Nottingham Hoods,"Tyrone Williams, Byrce Johnson, Donell Nixon Ii, Thierry Walker, Elliot Bailey","Nottingham Hoods|1,21,24,4,6",1,1.3,77.0,3,1,2,50.0,1,2,50.0,0,0,0,0,0,0,0,0,0,0,0,0,1.9,156.2,0.0,156.2,2.34,3
Milton Keynes Breakers,"Dashawn Jackson, Ben Baker-Mccann, Mike New Jr., Jordan Spencer, Chase Thompson","Milton Keynes Breakers|1,11,15,23,8",1,1.3,77.0,3,1,3,33.3,1,2,50.0,0,0,0,0,0,0,0,0,0,1,0,5,3.8,78.1,120.6,-42.4,2.34,-2
Essex Rebels,"Kyron Martin, Daniel Johnson-Thompson, Remy Udeh, Miles Brown, Ben Winter","Essex Rebels|10,13,14,2,5",1,1.3,78.0,2,1,2,50.0,0,1,0.0,0,0,0,0,0,0,0,0,0,0,0,8,1.9,104.2,251.0,-146.8,1.54,-6
Worthing Thunder,"Justin Hopkins, Elijah Maynard, Jonathan Lashley, Adrian Scarborough, Bode Adeluola","Worthing Thunder|15,22,35,4,5",1,1.3,76.0,0,0,3,0.0,0,2,0.0,0,0,0,0,0,0,0,0,0,0,0,4,2.9,0.0,125.5,-125.5,0.0,-4
Loughborough Riders,"Johde Campbell, Levi Ehiorobo, Jalen Cook, Seth Wylie, Dan Hadley","Loughborough Riders|0,10,31,43,5",1,1.3,80.0,0,0,1,0.0,0,1,0.0,0,0,0,0,0,0,0,0,0,2,0,2,2.9,0.0,104.2,-104.2,0.0,-2
Worthing Thunder,"Danny Evans, Justin Hopkins, Elijah Maynard, Jonathan Lashley, Elliott Dadds","Worthing Thunder|0,15,22,35,7",1,1.3,78.0,0,0,2,0.0,0,1,0.0,0,0,0,0,0,0,0,0,0,1,0,4,2.9,0.0,104.2,-104.2,0.0,-4
Essex Rebels,"Mou Wol-Cummings, Kyron Martin, Anthony Idiata-Mendez, Ben Winter, Tyreese Hudson","Essex Rebels|0,10,20,5,9",1,1.3,77.0,1,0,1,0.0,0,1,0.0,1,2,50.0,0,0,0,0,0,0,0,0,4,1.8,55.4,221.6,-166.2,0.78,-3
Hemel Storm,"Darien Nelson-Henry, Veron Eze, Di-Jani Parkinson, Brayden Inger, Jack Burnell","Hemel Storm|10,21,23,3,7",1,1.2,72.0,5,2,2,100.0,0,0,0,1,1,100.0,0,0,0,0,0,0,0,0,2,2.3,213.5,104.2,109.3,4.17,3
London Cavaliers,"Juan Manning, Marquel Beasley, Daniel Braster, Darren Ainembabazi, Aj Roberts","London Cavaliers|10,15,23,3,4",1,1.2,70.0,0,0,0,0,0,0,0,0,0,0,0,0,0,0,0,0,2,0,0,1.9,0.0,0.0,0.0,0.0,0
Birmingham Rockets,"Ronald Blain, Zack Powell, Eric Donaldson, Lucas Mcgregor, Faaris Mughaal","Birmingham Rockets|0,14,3,6,7",1,1.2,75.0,4,0,2,0.0,0,2,0.0,4,5,80.0,0,0,0,0,0,0,0,0,0,4.0,99.2,0.0,99.2,3.2,4
Newcastle Knights,"Bradley Dean, Sam Trunley, Jaron Thames, Messiah Jones, Scott Angus","Newcastle Knights|1,10,11,5,7",1,1.2,71.0,0,0,2,0.0,0,1,0.0,0,0,0,0,0,0,0,0,0,0,0,2,1.9,0.0,69.4,-69.4,0.0,-2
Yorkshire Dragons,"David Ulph, Jordan Whelan, J. Melke, Corey Johnson, Nick Lewis","Yorkshire Dragons|10,23,5,9,93",2,1.1,68.0,12,5,5,100.0,2,2,100.0,0,0,0,0,0,0,0,0,0,0,0,0,4.8,250.0,0.0,250.0,10.59,12
Reading Rockets,"Malik Bryant, Ty Nsangu, Jax Bouknight, Yusef Salih, Simon Chamberlain","Reading Rockets|10,12,4,5,9",1,1.1,65.0,3,1,2,50.0,1,2,50.0,0,0,0,0,0,0,0,0,0,0,0,1,1.9,156.2,36.2,120.1,2.77,2
Reading Rockets,"Malik Bryant, Jax Bouknight, Yusef Salih, Eliaz (Zain) Poorman, Victor Olarerin","Reading Rockets|10,4,5,6,8",1,1.1,64.0,2,1,2,50.0,0,0,0,0,0,0,0,0,0,0,0,0,1,0,1,2.9,69.4,42.7,26.8,1.88,1
Loughborough Riders,"Johde Campbell, Michael Joiner, Milo Wallace, Jalen Cook, Tomide Akinsuku","Loughborough Riders|0,11,22,31,36",1,1.1,64.0,1,0,1,0.0,0,1,0.0,1,1,100.0,0,0,0,0,0,0,1,0,2,2.3,42.7,69.4,-26.8,0.94,-1
Yorkshire Dragons,"David Ulph, Jordan Whelan, Jack Melke, Andreas Lycoudis, Corey Johnson","Yorkshire Dragons|10,23,5,7,9",1,1.1,68.0,0,0,0,0,0,0,0,0,0,0,0,0,0,0,0,0,0,0,7,0.1,0.0,243.1,-243.1,0.0,-7
Worthing Thunder,"Danny Evans, Justin Hopkins, Jonathan Lashley, Adrian Scarborough, Elliott Dadds","Worthing Thunder|0,15,35,4,7",1,1.1,63.0,0,0,2,0.0,0,1,0.0,0,0,0,0,0,0,0,0,0,0,0,1,1.9,0.0,31.4,-31.4,0.0,-1
Birmingham Rockets,"Ronald Blain, Orlan Jackman, Luke Okosieme, Lucas Mcgregor, Faaris Mughaal","Birmingham Rockets|0,13,21,6,7",1,1.1,65.0,4,1,1,100.0,1,1,100.0,1,2,50.0,0,0,0,0,0,0,0,0,2,1.8,221.6,208.3,13.3,3.69,2
Milton Keynes Breakers,"Dashawn Jackson, Ben Baker-Mccann, Luke Gregory, Jordan Spencer, Chase Thompson","Milton Keynes Breakers|10,11,13,23,8",1,1.1,64.0,2,0,1,0.0,0,0,0,2,2,100.0,0,0,0,0,0,0,2,0,0,3.7,53.7,0.0,53.7,1.88,2
Essex Rebels,"Kyron Martin, Remy Udeh, Isaac Temilola, Miles Brown, Tom Child","Essex Rebels|10,14,15,2,22",1,1.1,64.0,0,0,2,0.0,0,2,0.0,0,0,0,0,0,0,0,0,0,0,0,2,1.9,0.0,53.7,-53.7,0.0,-2
Derby Trailblazers,"Casey Burr, Connor Washington, Robert Marsden, Charlie Brown, Raheem May-Thompson","Derby Trailblazers|0,13,30,4,7",1,1.1,63.0,0,0,3,0.0,0,1,0.0,0,0,0,0,0,0,0,0,0,1,0,3,3.8,0.0,74.4,-74.4,0.0,-3
Bristol Hurricanes,"Elvisi Dusha, Jules Dang-Akodo, Denzel Ubiaro, Vilmantas Dilys, Chris Taylor","Bristol Hurricanes|12,23,31,55,9",1,1.1,63.0,1,0,1,0.0,0,1,0.0,1,2,50.0,0,0,0,0,0,0,0,0,3,1.8,55.4,108.5,-53.1,0.95,-2
Bristol Hurricanes,"Daniel Edozie, Elvisi Dusha, Jules Dang-Akodo, Denzel Ubiaro, Vilmantas Dilys","Bristol Hurricanes|1,12,23,31,55",1,1.1,67.0,0,0,0,0,0,0,0,0,0,0,0,0,0,0,0,0,0,0,0,0.1,0.0,0.0,0.0,0.0,0
Nottingham Hoods,"Tyrone Williams, Abiodun Adedo, Byrce Johnson, Latrell Maitland, Donell Nixon Ii","Nottingham Hoods|1,12,21,23,24",1,1.1,68.0,7,3,3,100.0,1,1,100.0,0,0,0,0,0,0,0,0,0,0,0,0,2.9,243.1,0.0,243.1,6.18,7
Bristol Flyers II,"Lanre Ayinla, Roman Price, Jack Craggs, Anthony Bhebhe, Giuseppe Landolfi","Bristol Flyers II|10,11,12,4,7",1,1.1,64.0,0,0,2,0.0,0,1,0.0,0,0,0,0,0,0,0,0,0,0,0,0,1.9,0.0,0.0,0.0,0.0,0
Newcastle Knights,"Bradley Dean, Jaron Thames, Jason Soodeen, Messiah Jones, Max Matthews","Newcastle Knights|1,11,12,5,8",1,1.1,65.0,3,1,1,100.0,0,0,0,1,1,100.0,0,0,0,0,0,0,1,0,4,2.3,128.1,221.6,-93.6,2.77,-1
Bristol Flyers II,"Yusuf Hafid, Lanre Ayinla, Jack Craggs, Nassim Ladjimi, Thomas Browne","Bristol Flyers II|0,10,12,24,7",1,1.1,64.0,0,0,3,0.0,0,1,0.0,0,0,0,0,0,0,0,0,0,0,0,2,2.9,0.0,236.7,-236.7,0.0,-2
Hemel Storm,"Kai Walker, Matt Norman, Di-Jani Parkinson, Brayden Inger, Sam Newman","Hemel Storm|11,2,23,3,4",2,1.0,60.0,3,1,3,33.3,1,2,50.0,0,0,0,0,0,0,0,0,0,0,0,4,2.9,104.2,138.9,-34.7,3.0,-1
Bristol Hurricanes,"Daniel Edozie, Elvisi Dusha, James Claar, Heru Bligen, Corey Samuels","Bristol Hurricanes|1,12,24,33,4",1,1.0,61.0,0,0,2,0.0,0,0,0,0,0,0,0,0,0,0,0,0,1,0,4,2.9,0.0,138.9,-138.9,0.0,-4
Hemel Storm,"Kai Walker, Taylor Johnson, Matt Norman, Veron Eze, Sam Newman","Hemel Storm|11,12,2,21,4",1,1.0,58.0,5,1,4,25.0,1,4,25.0,2,3,66.7,0,0,0,0,0,0,0,0,2,5.1,97.9,57.2,40.7,5.17,3
Hemel Storm,"Kai Walker, Di-Jani Parkinson, Brayden Inger, Sam Newman, Jack Burnell","Hemel Storm|11,23,3,4,7",1,1.0,59.0,2,1,2,50.0,0,1,0.0,0,0,0,0,0,0,0,0,0,0,0,0,1.9,104.2,0.0,104.2,2.03,2
Loughborough Riders,"Johde Campbell, Levi Ehiorobo, Michael Joiner, Jalen Cook, Seth Wylie","Loughborough Riders|0,10,11,31,43",1,1.0,61.0,3,1,3,33.3,1,3,33.3,0,0,0,0,0,0,0,0,0,0,0,2,2.9,104.2,208.3,-104.2,2.95,1
Reading Rockets,"Malik Bryant, Eliaz (Zain) Poorman, Lewis Champion, Victor Olarerin, Simon Chamberlain","Reading Rockets|10,6,7,8,9",1,0.9,53.0,2,1,2,50.0,0,0,0,0,0,0,0,0,0,0,0,0,0,0,3,1.9,104.2,217.0,-112.8,2.26,-1
Bristol Hurricanes,"Daniel Edozie, Denzel Ubiaro, Heru Bligen, Corey Samuels, Vilmantas Dilys","Bristol Hurricanes|1,31,33,4,55",1,0.9,57.0,1,0,1,0.0,0,1,0.0,1,2,50.0,0,0,0,0,0,0,0,0,3,1.8,55.4,217.0,-161.6,1.05,-2
Nottingham Hoods,"Mergin Sokoli, Tyrone Williams, Byrce Johnson, Sam Akano, Micah Savery-Richards","Nottingham Hoods|0,1,25,7,8",1,0.9,52.0,2,0,1,0.0,0,0,0,2,2,100.0,0,0,0,0,0,0,0,0,0,1.8,110.8,0.0,110.8,2.31,2
Loughborough Riders,"Michael Joiner, Milo Wallace, Jalen Cook, Tomide Akinsuku, Dan Hadley","Loughborough Riders|11,22,31,36,5",1,0.9,52.0,0,0,0,0,0,0,0,0,1,0.0,0,0,0,0,0,0,0,0,5,0.4,0.0,260.4,-260.4,0.0,-5
Milton Keynes Breakers,"Ben Baker-Mccann, Jonas Dietrich, Xavier Wilson, Jordan Spencer, Chase Thompson","Milton Keynes Breakers|11,12,21,23,8",2,0.9,55.0,11,4,4,100.0,3,3,100.0,0,0,0,0,0,0,0,0,0,0,0,1,3.8,286.5,236.7,49.7,12.0,10
Essex Rebels,"Michael Amako, Daniel Johnson-Thompson, Miles Brown, Tom Child, Ben Winter","Essex Rebels|1,13,2,22,5",1,0.9,56.0,1,0,2,0.0,0,1,0.0,1,2,50.0,0,0,0,0,0,0,0,0,4,2.8,36.2,208.3,-172.2,1.07,-3
Derby Trailblazers,"Casey Burr, Jai Pathmarajah, Sean Mo Walker, Robert Marsden, Charlie Brown","Derby Trailblazers|0,22,3,30,4",1,0.9,56.0,2,1,2,50.0,0,1,0.0,0,0,0,0,0,0,0,0,0,1,0,0,2.9,69.4,0.0,69.4,2.14,2
Bristol Hurricanes,"David Forsyth, Elvisi Dusha, Jules Dang-Akodo, Denzel Ubiaro, Vilmantas Dilys","Bristol Hurricanes|11,12,23,31,55",1,0.9,54.0,2,1,3,33.3,0,1,0.0,0,0,0,0,0,0,0,0,0,1,0,0,3.8,52.1,0.0,52.1,2.22,2
Essex Rebels,"Kyron Martin, Remy Udeh, Tom Child, Harry Gent, Ben Winter","Essex Rebels|10,14,22,36,5",1,0.9,54.0,0,0,0,0,0,0,0,0,0,0,0,0,0,0,0,0,2,0,2,1.9,0.0,52.1,-52.1,0.0,-2
Essex Rebels,"Kyron Martin, Anthony Idiata-Mendez, Tom Child, Ben Winter, Tyreese Hudson","Essex Rebels|10,20,22,5,9",1,0.9,54.0,2,1,1,100.0,0,0,0,0,0,0,0,0,0,0,0,0,0,0,3,1.0,208.3,104.2,104.2,2.22,-1
Reading Rockets,"Malik Bryant, Cooper Creek, Jax Bouknight, Yusef Salih, Victor Olarerin","Reading Rockets|10,14,4,5,8",1,0.9,53.0,3,1,1,100.0,0,0,0,1,1,100.0,0,0,0,0,0,0,2,0,1,3.3,90.8,27.7,63.1,3.4,2
Bristol Flyers II,"Lanre Ayinla, Roman Price, Jack Craggs, Anthony Bhebhe, Ebuka Ekwegh","Bristol Flyers II|10,11,12,4,8",1,0.9,57.0,2,1,2,50.0,0,0,0,0,0,0,0,0,0,0,0,0,0,0,0,1.9,104.2,0.0,104.2,2.11,2
Bristol Flyers II,"Yusuf Hafid, Lanre Ayinla, Roman Price, Nassim Ladjimi, Wickens Simba","Bristol Flyers II|0,10,11,24,6",1,0.9,55.0,1,0,1,0.0,0,0,0,1,2,50.0,0,0,0,0,0,0,1,0,2,2.8,36.2,43.8,-7.6,1.09,-1
Derby Trailblazers,"Connor Washington, S. Walker, Harland Beverly, Evan Oliver, Raheem May-Thompson","Derby Trailblazers|13,3,5,6,7",1,0.8,49.0,2,0,0,0,0,0,0,2,4,50.0,0,0,0,0,0,0,1,0,1,2.6,75.5,26.8,48.6,2.45,1
Milton Keynes Breakers,"Jonas Dietrich, Mike New Jr., Jordan Spencer, Blayne Freckleton, Chase Thompson","Milton Keynes Breakers|12,15,23,7,8",2,0.8,50.0,0,0,2,0.0,0,2,0.0,0,0,0,0,0,0,0,0,0,0,0,0,1.9,0.0,0.0,0.0,0.0,0
Milton Keynes Breakers,"Dashawn Jackson, Jonas Dietrich, Mike New Jr., Xavier Wilson, Chase Thompson","Milton Keynes Breakers|1,12,15,21,8",1,0.8,45.0,0,0,1,0.0,0,0,0,0,0,0,0,0,0,0,0,0,1,0,2,1.9,0.0,104.2,-104.2,0.0,-2
Milton Keynes Breakers,"Dashawn Jackson, Ben Baker-Mccann, Mike New Jr., Xavier Wilson, Jordan Spencer","Milton Keynes Breakers|1,11,15,21,23",1,0.8,49.0,2,0,2,0.0,0,2,0.0,2,2,100.0,0,0,0,0,0,0,1,0,3,3.7,53.7,64.0,-10.3,2.45,-1
Bristol Flyers II,"Yusuf Hafid, Lanre Ayinla, Reggie Eigbe, Nassim Ladjimi, Giuseppe Landolfi","Bristol Flyers II|0,10,13,24,7",1,0.8,47.0,0,0,1,0.0,0,0,0,0,0,0,0,0,0,0,0,0,0,0,4,1.0,0.0,144.7,-144.7,0.0,-4
Milton Keynes Breakers,"Dashawn Jackson, Ben Baker-Mccann, Jonas Dietrich, Jordan Spencer, Chase Thompson","Milton Keynes Breakers|1,11,12,23,8",1,0.8,50.0,2,1,2,50.0,0,0,0,0,0,0,0,0,0,0,0,0,1,0,0,2.9,69.4,0.0,69.4,2.4,2
Derby Trailblazers,"Casey Burr, Connor Washington, Jai Pathmarajah, Sean Mo Walker, Raheem May-Thompson","Derby Trailblazers|0,13,22,3,7",1,0.8,45.0,0,0,0,0,0,0,0,0,0,0,0,0,0,0,0,0,1,0,2,1.0,0.0,104.2,-104.2,0.0,-2
Newcastle Knights,"Sam Trunley, Jaron Thames, Noah Saa, Messiah Jones, Theo Riley","Newcastle Knights|10,11,14,5,9",1,0.8,45.0,2,1,1,100.0,0,0,0,0,0,0,0,0,0,0,0,0,1,0,0,1.9,104.2,0.0,104.2,2.67,2
Derby Trailblazers,"Connor Washington, Jai Pathmarajah, Sean Mo Walker, Raheem May-Thompson, Malcolm Smith","Derby Trailblazers|13,22,3,7,9",1,0.8,47.0,4,1,1,100.0,1,1,100.0,1,1,100.0,0,0,0,0,0,0,0,0,1,1.4,289.4,72.3,217.0,5.11,3
Newcastle Knights,"Bradley Dean, Jaron Thames, Hafeez Abdul, Messiah Jones, Max Matthews","Newcastle Knights|1,11,3,5,8",1,0.8,45.0,1,0,0,0,0,0,0,1,2,50.0,0,0,0,0,0,0,0,0,0,0.8,118.4,0.0,118.4,1.33,1
London Cavaliers,"Juan Manning, Mekhi Collins, Daniel Delsol-Lowry, Daniel Braster, Aj Roberts","London Cavaliers|10,13,21,23,4",1,0.8,49.0,2,1,4,25.0,0,1,0.0,0,0,0,0,0,0,0,0,0,1,0,0,4.8,41.7,0.0,41.7,2.45,2
Hemel Storm,"Mergim Sokoli, Kai Walker, Matt Norman, Veron Eze, Sam Newman","Hemel Storm|0,11,2,21,4",1,0.8,45.0,0,0,0,0,0,0,0,0,0,0,0,0,0,0,0,0,2,0,3,1.9,0.0,128.1,-128.1,0.0,-3
London Cavaliers,"Juan Manning, Mekhi Collins, Daniel Delsol-Lowry, Aj Roberts, Aaron Pyne","London Cavaliers|10,13,21,4,7",1,0.8,50.0,0,0,0,0,0,0,0,0,0,0,0,0,0,0,0,0,2,0,2,1.9,0.0,72.3,-72.3,0.0,-2
Essex Rebels,"Remy Udeh, Isaac Temilola, Miles Brown, Tom Child, Ben Winter","Essex Rebels|14,15,2,22,5",1,0.8,51.0,0,0,1,0.0,0,1,0.0,0,0,0,0,0,0,0,0,0,0,0,3,1.0,0.0,108.5,-108.5,0.0,-3
Newcastle Knights,"Bradley Dean, Sam Trunley, Jaron Thames, Rowell Graham-Bell, Theo Riley","Newcastle Knights|1,10,11,14,9",1,0.8,48.0,1,0,2,0.0,0,2,0.0,1,1,100.0,0,0,0,0,0,0,0,0,0,2.3,42.7,0.0,42.7,1.25,1
Essex Rebels,"Kyron Martin, Remy Udeh, Tom Child, Ben Winter, Tyreese Hudson","Essex Rebels|10,14,22,5,9",1,0.8,47.0,0,0,1,0.0,0,0,0,0,1,0.0,0,0,0,0,0,0,0,0,2,1.4,0.0,72.3,-72.3,0.0,-2
Bristol Hurricanes,"Daniel Edozie, Jules Dang-Akodo, Denzel Ubiaro, Corey Samuels, Vilmantas Dilys","Bristol Hurricanes|1,23,31,4,55",1,0.8,45.0,1,0,0,0,0,0,0,1,4,25.0,0,0,0,0,0,0,1,0,0,2.6,37.7,0.0,37.7,1.33,1
Milton Keynes Breakers,"Kai Williams, Jonas Dietrich, Luke Gregory, Kalvin Oates, Blayne Freckleton","Milton Keynes Breakers|0,12,13,5,7",1,0.8,47.0,0,0,1,0.0,0,0,0,0,0,0,0,0,0,0,0,0,2,0,7,2.9,0.0,243.1,-243.1,0.0,-7
Hemel Storm,"Darien Nelson-Henry, Taylor Johnson, Matt Norman, Brayden Inger, Sam Newman","Hemel Storm|10,12,2,3,4",1,0.7,42.0,0,0,0,0,0,0,0,0,0,0,0,0,0,0,0,0,1,0,0,1.0,0.0,0.0,0.0,0.0,0
Reading Rockets,"Malik Bryant, Cooper Creek, Jax Bouknight, Eliaz (Zain) Poorman, Lewis Champion","Reading Rockets|10,14,4,6,7",1,0.7,41.0,0,0,1,0.0,0,1,0.0,0,0,0,0,0,0,0,0,0,1,0,0,1.9,0.0,0.0,0.0,0.0,0
London Cavaliers,"Juan Manning, Joe Richards, Daniel Braster, Aj Roberts, Omari Pond-Mckenzie","London Cavaliers|10,11,23,4,5",1,0.7,44.0,0,0,1,0.0,0,1,0.0,0,0,0,0,0,0,0,0,0,1,0,2,1.9,0.0,208.3,-208.3,0.0,-2
Milton Keynes Breakers,"Ben Baker-Mccann, Mike New Jr., Xavier Wilson, Blayne Freckleton, Chase Thompson","Milton Keynes Breakers|11,15,21,7,8",1,0.7,39.0,2,1,1,100.0,0,0,0,0,0,0,0,0,0,0,0,0,0,0,3,1.0,208.3,312.5,-104.2,3.08,-1
Nottingham Hoods,"Donell Nixon Ii, B. Johnson, Latrell Maitland, Elliot Bailey, Tyrone Williams","Nottingham Hoods|12,25,55,6,9",1,0.6,33.0,0,0,1,0.0,0,1,0.0,0,0,0,0,0,0,0,0,0,0,0,2,1.0,0.0,104.2,-104.2,0.0,-2
Yorkshire Dragons,"David Ulph, Logan Rooney, Jordan Whelan, Corey Johnson, Nick Lewis","Yorkshire Dragons|10,14,23,9,93",1,0.6,38.0,2,0,2,0.0,0,1,0.0,2,2,100.0,0,0,0,0,0,0,0,0,0,2.8,72.3,0.0,72.3,3.16,2
Yorkshire Dragons,"David Ulph, Jordan Whelan, Logan Rooney, J. Melke, Andreas Lycoudis","Yorkshire Dragons|10,23,3,5,7",1,0.6,38.0,0,0,0,0,0,0,0,0,0,0,0,0,0,0,0,0,0,0,3,0.1,0.0,128.1,-128.1,0.0,-3
Milton Keynes Breakers,"Ben Baker-Mccann, Jonas Dietrich, Mike New Jr., Xavier Wilson, Chase Thompson","Milton Keynes Breakers|11,12,15,21,8",1,0.6,36.0,0,0,0,0,0,0,0,0,0,0,0,0,0,0,0,0,0,0,1,0.1,0.0,118.4,-118.4,0.0,-1
Newcastle Knights,"Bradley Dean, Sam Trunley, Jaron Thames, Messiah Jones, Robert Reed","Newcastle Knights|1,10,11,5,6",1,0.6,33.0,0,0,1,0.0,0,0,0,0,0,0,0,0,0,0,0,0,0,0,1,1.0,0.0,72.3,-72.3,0.0,-1
Hemel Storm,"Darien Nelson-Henry, Kai Walker, Veron Eze, Jovan Rai, Jack Burnell","Hemel Storm|10,11,21,5,7",1,0.6,36.0,0,0,0,0,0,0,0,0,0,0,0,0,0,0,0,0,0,0,1,0.1,0.0,118.4,-118.4,0.0,-1
Essex Rebels,"Kyron Martin, Miles Brown, Tom Child, Harry Gent, Ben Winter","Essex Rebels|10,2,22,36,5",1,0.6,35.0,3,1,1,100.0,0,0,0,1,2,50.0,0,0,0,0,0,0,1,0,0,2.8,108.5,0.0,108.5,5.14,3
London Cavaliers,"Joe Richards, Daniel Delsol-Lowry, Mekhi Collins, Aj Roberts, Aaron Pyne","London Cavaliers|11,12,13,4,7",1,0.6,34.0,0,0,0,0,0,0,0,0,0,0,0,0,0,0,0,0,0,0,0,0.1,0.0,0.0,0.0,0.0,0
Hemel Storm,"Darien Nelson-Henry, Taylor Johnson, Matt Norman, Di-Jani Parkinson, Brayden Inger","Hemel Storm|10,12,2,23,3",1,0.5,28.0,0,0,1,0.0,0,0,0,0,0,0,0,0,0,0,0,0,0,0,4,1.0,0.0,208.3,-208.3,0.0,-4
Yorkshire Dragons,"David Ulph, Logan Rooney, J. Melke, Andreas Lycoudis, Corey Johnson","Yorkshire Dragons|10,14,5,7,9",1,0.5,32.0,2,0,1,0.0,0,1,0.0,2,2,100.0,0,0,0,0,0,0,0,0,2,1.8,110.8,53.7,57.1,3.75,0
Worthing Thunder,"Danny Evans, Matthew Bryan-Amaning, Justin Hopkins, Adrian Scarborough, Bode Adeluola","Worthing Thunder|0,11,15,4,5",1,0.5,27.0,0,0,0,0,0,0,0,0,0,0,0,0,0,0,0,0,1,0,0,1.0,0.0,0.0,0.0,0.0,0
Essex Rebels,"Kyron Martin, Remy Udeh, Miles Brown, Tom Child, Harry Gent","Essex Rebels|10,14,2,22,36",1,0.5,32.0,0,0,0,0,0,0,0,0,0,0,0,0,0,0,0,0,1,0,0,1.0,0.0,0.0,0.0,0.0,0
Milton Keynes Breakers,"Dashawn Jackson, Luke Gregory, Mike New Jr., Jordan Spencer, Blayne Freckleton","Milton Keynes Breakers|1,13,15,23,7",2,0.5,27.0,2,1,1,100.0,0,0,0,0,0,0,0,0,0,0,0,0,0,0,0,1.0,208.3,0.0,208.3,4.44,2
Milton Keynes Breakers,"Jonas Dietrich, Xavier Wilson, Jordan Spencer, Blayne Freckleton, Chase Thompson","Milton Keynes Breakers|12,21,23,7,8",1,0.5,29.0,2,1,1,100.0,0,0,0,0,0,0,0,0,0,0,0,0,0,0,0,1.0,208.3,0.0,208.3,4.14,2
Hemel Storm,"Mergim Sokoli, Veron Eze, Brayden Inger, Sam Newman, Jovan Rai","Hemel Storm|0,21,3,4,5",1,0.5,28.0,0,0,0,0,0,0,0,0,0,0,0,0,0,0,0,0,0,0,2,0.1,0.0,208.3,-208.3,0.0,-2
Birmingham Rockets,"Orlan Jackman, Zack Powell, Lucas Mcgregor, Faaris Mughaal, Martyn Gayle","Birmingham Rockets|13,14,6,7,8",1,0.5,28.0,2,1,1,100.0,0,0,0,0,0,0,0,0,0,0,0,0,0,0,0,1.0,208.3,0.0,208.3,4.29,2
Milton Keynes Breakers,"Dashawn Jackson, Mike New Jr., Jordan Spencer, Blayne Freckleton, Chase Thompson","Milton Keynes Breakers|1,15,23,7,8",1,0.5,31.0,0,0,1,0.0,0,0,0,0,0,0,0,0,0,0,0,0,0,0,0,1.0,0.0,0.0,0.0,0.0,0
Essex Rebels,"Michael Amako, Isaac Temilola, Miles Brown, Tom Child, Ben Winter","Essex Rebels|1,15,2,22,5",1,0.5,29.0,2,0,0,0,0,0,0,2,2,100.0,0,0,0,0,0,0,0,0,0,0.8,236.7,0.0,236.7,4.14,2
Newcastle Knights,"Bradley Dean, Sam Trunley, Jaron Thames, Rowell Graham-Bell, Mekhi Hendry","Newcastle Knights|1,10,11,14,2",1,0.5,29.0,0,0,0,0,0,0,0,0,0,0,0,0,0,0,0,0,0,0,7,0.1,0.0,219.6,-219.6,0.0,-7
Reading Rockets,"Malik Bryant, Cooper Creek, Yusef Salih, Victor Olarerin, Simon Chamberlain","Reading Rockets|10,14,5,8,9",2,0.5,31.0,2,1,1,100.0,0,0,0,0,0,0,0,0,0,0,0,0,0,0,0,1.0,208.3,0.0,208.3,3.87,2
Hemel Storm,"Darien Nelson-Henry, Matt Norman, Di-Jani Parkinson, Brayden Inger, Sam Newman","Hemel Storm|10,2,23,3,4",1,0.4,22.0,0,0,3,0.0,0,2,0.0,0,0,0,0,0,0,0,0,0,0,0,0,2.9,0.0,0.0,0.0,0.0,0
Nottingham Hoods,"B. Johnson, Aaron Sandu-Nelson, Latrell Maitland, Sam Akano, Micah Savery-Richards","Nottingham Hoods|25,5,55,7,8",1,0.4,23.0,0,0,0,0,0,0,0,0,0,0,0,0,0,0,0,0,0,0,0,0.1,0.0,0.0,0.0,0.0,0
Bristol Hurricanes,"Daniel Edozie, James Claar, Denzel Ubiaro, Corey Samuels, Vilmantas Dilys","Bristol Hurricanes|1,24,31,4,55",1,0.4,24.0,0,0,0,0,0,0,0,0,0,0,0,0,0,0,0,0,0,0,3,0.1,0.0,312.5,-312.5,0.0,-3
Reading Rockets,"Malik Bryant, Ty Nsangu, Cooper Creek, Eliaz (Zain) Poorman, Lewis Champion","Reading Rockets|10,12,14,6,7",1,0.4,23.0,4,0,0,0,0,0,0,4,5,80.0,0,0,0,0,0,0,1,0,2,3.1,130.2,42.7,87.5,10.43,2
Yorkshire Dragons,"David Ulph, Logan Rooney, Jordan Whelan, J. Melke, Corey Johnson","Yorkshire Dragons|10,14,23,5,9",1,0.4,26.0,0,0,0,0,0,0,0,0,0,0,0,0,0,0,0,0,1,0,0,1.0,0.0,0.0,0.0,0.0,0
Essex Rebels,"Kyron Martin, Remy Udeh, Miles Brown, Anthony Idiata-Mendez, Harry Gent","Essex Rebels|10,14,2,20,36",1,0.4,24.0,0,0,0,0,0,0,0,0,0,0,0,0,0,0,0,0,1,0,4,1.0,0.0,208.3,-208.3,0.0,-4
Loughborough Riders,"Johde Campbell, Michael Joiner, Tomide Akinsuku, Seth Wylie, Callum Keys","Loughborough Riders|0,11,36,43,8",1,0.4,26.0,0,0,0,0,0,0,0,0,0,0,0,0,0,0,0,0,0,0,0,0.1,0.0,0.0,0.0,0.0,0
Nottingham Hoods,"Tyrone Williams, Byrce Johnson, Thierry Walker, Elliot Bailey, Sam Akano","Nottingham Hoods|0,25,4,6,7",1,0.4,24.0,0,0,0,0,0,0,0,0,0,0,0,0,0,0,0,0,0,0,3,0.1,0.0,312.5,-312.5,0.0,-3
Loughborough Riders,"Johde Campbell, Ben Woog, Michael Joiner, Cameron Nyarko, Dan Hadley","Loughborough Riders|0,10,11,3,5",1,0.4,26.0,0,0,0,0,0,0,0,0,0,0,0,0,0,0,0,0,0,0,2,0.1,0.0,208.3,-208.3,0.0,-2
Reading Rockets,"Cooper Creek, Jax Bouknight, Yusef Salih, Eliaz (Zain) Poorman, Victor Olarerin","Reading Rockets|14,4,5,6,8",1,0.4,26.0,2,1,1,100.0,0,0,0,0,0,0,0,0,0,0,0,0,0,0,0,1.0,208.3,0.0,208.3,4.62,2
Yorkshire Dragons,"R. Ani, David Ulph, Eddie Brownell, Jack Melke, Corey Johnson","Yorkshire Dragons|1,10,2,5,9",1,0.4,22.0,0,0,0,0,0,0,0,0,0,0,0,0,0,0,0,0,0,0,2,0.1,0.0,208.3,-208.3,0.0,-2
Nottingham Hoods,"Tyrone Williams, Andrew Thomson, Micah Savery-Richards, Byrce Johnson, Sam Akano","Nottingham Hoods|1,11,14,21,7",1,0.4,22.0,0,0,0,0,0,0,0,0,0,0,0,0,0,0,0,0,0,0,0,0.1,0.0,0.0,0.0,0.0,0
Newcastle Knights,"Bradley Dean, Sam Trunley, Jaron Thames, Messiah Jones, Robert Reed, Scott Angus","Newcastle Knights|1,10,11,5,6,7",1,0.4,23.0,2,0,0,0,0,0,0,2,2,100.0,0,0,0,0,0,0,0,0,0,0.8,236.7,0.0,236.7,5.22,2
Bristol Hurricanes,"Jules Dang-Akodo, Denzel Ubiaro, Corey Samuels, Vilmantas Dilys, Chris Taylor","Bristol Hurricanes|23,31,4,55,9",1,0.4,24.0,0,0,1,0.0,0,0,0,0,2,0.0,0,0,0,0,0,0,0,0,0,1.8,0.0,0.0,0.0,0.0,0
Hemel Storm,"Mergim Sokoli, Veron Eze, Brayden Inger, Sam Newman, Jack Burnell","Hemel Storm|0,21,3,4,7",1,0.4,23.0,0,0,0,0,0,0,0,0,0,0,0,0,0,0,0,0,0,0,0,0.1,0.0,0.0,0.0,0.0,0
Bristol Flyers II,"Yusuf Hafid, Roman Price, Jack Craggs, Nassim Ladjimi, Giuseppe Landolfi","Bristol Flyers II|0,11,12,24,7",1,0.4,25.0,3,1,1,100.0,1,1,100.0,0,0,0,0,0,0,0,0,0,1,0,0,1.9,156.2,0.0,156.2,7.2,3
Newcastle Knights,"Bradley Dean, Jaron Thames, Jason Soodeen, Messiah Jones, Theo Riley","Newcastle Knights|1,11,12,5,9",1,0.4,26.0,0,0,0,0,0,0,0,0,0,0,0,0,0,0,0,0,0,0,6,0.1,0.0,161.1,-161.1,0.0,-6
London Cavaliers,"Juan Manning, Joe Richards, Daniel Delsol-Lowry, Daniel Braster, Darren Ainembabazi","London Cavaliers|10,11,12,23,3",1,0.4,22.0,0,0,1,0.0,0,1,0.0,0,0,0,0,0,0,0,0,0,1,0,0,1.9,0.0,0.0,0.0,0.0,0
Derby Trailblazers,"Casey Burr, Jai Pathmarajah, Will Tallon, Sean Mo Walker, Raheem May-Thompson","Derby Trailblazers|0,22,23,3,7",1,0.4,22.0,0,0,0,0,0,0,0,0,0,0,0,0,0,0,0,0,0,0,0,0.1,0.0,0.0,0.0,0.0,0
Reading Rockets,"Malik Bryant, Matthew Allman, Lewis Champion, Victor Olarerin, Simon Chamberlain","Reading Rockets|10,5,7,8,9",1,0.3,19.0,0,0,0,0,0,0,0,0,0,0,0,0,0,0,0,0,0,0,2,0.1,0.0,208.3,-208.3,0.0,-2
Hemel Storm,"Darien Nelson-Henry, Taylor Johnson, Matt Norman, Veron Eze, Di-Jani Parkinson","Hemel Storm|10,12,2,21,23",1,0.3,18.0,0,0,0,0,0,0,0,0,0,0,0,0,0,0,0,0,0,0,2,0.1,0.0,208.3,-208.3,0.0,-2
Essex Rebels,"Mou Wol-Cummings, Michael Amako, Kyron Martin, Tom Child, Tyreese Hudson","Essex Rebels|0,1,10,22,9",1,0.3,17.0,0,0,0,0,0,0,0,0,0,0,0,0,0,0,0,0,0,0,0,0.1,0.0,0.0,0.0,0.0,0
Milton Keynes Breakers,"Dashawn Jackson, Jonas Dietrich, Luke Gregory, Jordan Spencer, Chase Thompson","Milton Keynes Breakers|1,12,13,23,8",1,0.3,20.0,0,0,0,0,0,0,0,0,0,0,0,0,0,0,0,0,0,0,1,0.1,0.0,118.4,-118.4,0.0,-1
Reading Rockets,"Malik Bryant, Ty Nsangu, Malachi Hassan-Taylor, Eliaz (Zain) Poorman, Lewis Champion","Reading Rockets|10,12,5,6,7",1,0.3,18.0,0,0,0,0,0,0,0,0,0,0,0,0,0,0,0,0,0,0,0,0.1,0.0,0.0,0.0,0.0,0
Loughborough Riders,"Johde Campbell, Ben Woog, Panos Karras, Milo Gordon, Jalen Cook","Loughborough Riders|0,10,15,22,31",1,0.3,21.0,1,0,0,0,0,0,0,1,2,50.0,0,0,0,0,0,0,0,0,0,0.8,118.4,0.0,118.4,2.86,1
Essex Rebels,"Michael Amako, Remy Udeh, Anthony Idiata-Mendez, Tom Child, Tyreese Hudson","Essex Rebels|1,14,20,22,9",1,0.3,17.0,0,0,0,0,0,0,0,0,0,0,0,0,0,0,0,0,0,0,0,0.1,0.0,0.0,0.0,0.0,0
Hemel Storm,"Darien Nelson-Henry, Veron Eze, Di-Jani Parkinson, Brayden Inger, Sam Newman","Hemel Storm|10,21,23,3,4",1,0.3,18.0,0,0,0,0,0,0,0,0,0,0,0,0,0,0,0,0,0,0,0,0.1,0.0,0.0,0.0,0.0,0
London Cavaliers,"Juan Manning, Joe Richards, Marquel Beasley, Daniel Braster, Omari Pond-Mckenzie","London Cavaliers|10,11,15,23,5",1,0.3,21.0,0,0,0,0,0,0,0,0,0,0,0,0,0,0,0,0,0,0,0,0.1,0.0,0.0,0.0,0.0,0
Newcastle Knights,"Bradley Dean, Sam Trunley, Jaron Thames, Will Neighbour, Max Matthews","Newcastle Knights|1,10,11,15,8",2,0.3,20.0,3,0,2,0.0,0,0,0,3,4,75.0,0,0,0,0,0,0,0,0,0,3.6,83.1,0.0,83.1,9.0,3
Birmingham Rockets,"Zack Powell, Luke Okosieme, Eric Donaldson, Lucas Mcgregor, Martyn Gayle","Birmingham Rockets|14,21,3,6,8",1,0.3,16.0,0,0,0,0,0,0,0,0,0,0,0,0,0,0,0,0,0,0,0,0.1,0.0,0.0,0.0,0.0,0
Hemel Storm,"Kai Walker, Shaquille Lewis, Brayden Inger, Sam Newman, Jack Burnell","Hemel Storm|11,24,3,4,7",1,0.3,19.0,0,0,0,0,0,0,0,0,0,0,0,0,0,0,0,0,0,0,3,0.1,0.0,312.5,-312.5,0.0,-3
Milton Keynes Breakers,"Ben Baker-Mccann, Luke Gregory, Mike New Jr., Jordan Spencer, Blayne Freckleton","Milton Keynes Breakers|11,13,15,23,7",1,0.3,19.0,3,1,1,100.0,1,1,100.0,0,0,0,0,0,0,0,0,0,0,0,0,1.0,312.5,0.0,312.5,9.47,3
Loughborough Riders,"Victor Ndukou, Tomide Akinsuku, Liam Campbell, Seth Wylie, Callum Keys","Loughborough Riders|21,36,4,43,8",1,0.3,21.0,0,0,0,0,0,0,0,0,0,0,0,0,0,0,0,0,0,0,3,0.1,0.0,312.5,-312.5,0.0,-3
Loughborough Riders,"Johde Campbell, Victor Ndukou, Jalen Cook, Tomide Akinsuku, Callum Keys","Loughborough Riders|0,21,31,36,8",1,0.3,19.0,0,0,0,0,0,0,0,0,0,0,0,0,0,0,0,0,0,0,2,0.1,0.0,208.3,-208.3,0.0,-2
Birmingham Rockets,"Orlan Jackman, Zack Powell, Eric Donaldson, Lucas Mcgregor, Faaris Mughaal","Birmingham Rockets|13,14,3,6,7",1,0.3,20.0,3,1,1,100.0,1,1,100.0,0,0,0,0,0,0,0,0,0,0,0,0,1.0,312.5,0.0,312.5,9.0,3
Reading Rockets,"Ty Nsangu, Jax Bouknight, Yusef Salih, Victor Olarerin, Simon Chamberlain","Reading Rockets|12,4,5,8,9",1,0.3,16.0,0,0,0,0,0,0,0,0,0,0,0,0,0,0,0,0,0,0,0,0.1,0.0,0.0,0.0,0.0,0
Essex Rebels,"Michael Amako, Isaac Temilola, Tom Child, Ben Winter, Johnny Mckew","Essex Rebels|1,15,22,5,7",1,0.3,17.0,0,0,0,0,0,0,0,0,0,0,0,0,0,0,0,0,0,0,0,0.1,0.0,0.0,0.0,0.0,0
Essex Rebels,"Kyron Martin, Miles Brown, Tom Child, Ben Winter, Tyreese Hudson","Essex Rebels|10,2,22,5,9",1,0.3,19.0,3,1,1,100.0,1,1,100.0,0,0,0,0,0,0,0,0,0,0,0,0,1.0,312.5,0.0,312.5,9.47,3
Essex Rebels,"Michael Amako, Kyron Martin, Anthony Idiata-Mendez, Harry Gent, Ben Winter","Essex Rebels|1,10,20,36,5",1,0.3,17.0,0,0,0,0,0,0,0,0,0,0,0,0,0,0,0,0,0,0,0,0.1,0.0,0.0,0.0,0.0,0
Hemel Storm,"Mergim Sokoli, Kai Walker, Veron Eze, Jovan Rai, Jack Burnell","Hemel Storm|0,11,21,5,7",1,0.3,16.0,0,0,0,0,0,0,0,0,0,0,0,0,0,0,0,0,1,0,0,1.0,0.0,0.0,0.0,0.0,0
Essex Rebels,"Mou Wol-Cummings, Michael Amako, Remy Udeh, Anthony Idiata-Mendez, Tyreese Hudson","Essex Rebels|0,1,14,20,9",1,0.3,17.0,0,0,0,0,0,0,0,0,0,0,0,0,0,0,0,0,0,0,0,0.1,0.0,0.0,0.0,0.0,0
Loughborough Riders,"Johde Campbell, Ben Woog, Michael Joiner, Jalen Cook, Liam Campbell","Loughborough Riders|0,10,11,31,4",1,0.3,19.0,0,0,0,0,0,0,0,0,0,0,0,0,0,0,0,0,1,0,4,1.0,0.0,125.5,-125.5,0.0,-4
Milton Keynes Breakers,"Kai Williams, Jonas Dietrich, Luke Gregory, Jordan Spencer, Kalvin Oates","Milton Keynes Breakers|0,12,13,23,5",1,0.3,21.0,0,0,0,0,0,0,0,0,0,0,0,0,0,0,0,0,0,0,0,0.1,0.0,0.0,0.0,0.0,0
Reading Rockets,"Malik Bryant, La'quarne Sayles, Jax Bouknight, Yusef Salih, Simon Chamberlain","Reading Rockets|10,13,4,5,9",1,0.3,20.0,0,0,0,0,0,0,0,0,0,0,0,0,0,0,0,0,0,0,0,0.1,0.0,0.0,0.0,0.0,0
Bristol Flyers II,"Yusuf Hafid, Lanre Ayinla, Jack Craggs, Nikolas Sagkovits, Ebuka Ekwegh","Bristol Flyers II|0,10,12,21,8",1,0.3,18.0,0,0,0,0,0,0,0,0,0,0,0,0,0,0,0,0,0,0,0,0.1,0.0,0.0,0.0,0.0,0
Birmingham Rockets,"Orlan Jackman, Zack Powell, Eric Donaldson, Faaris Mughal, Martyn Gayle","Birmingham Rockets|13,14,3,7,8",1,0.2,10.0,0,0,2,0.0,0,2,0.0,0,0,0,0,0,0,0,0,0,0,0,1,1.9,0.0,118.4,-118.4,0.0,-1
Essex Rebels,"Michael Amako, Kyron Martin, Miles Brown, Anthony Idiata-Mendez, Harry Gent","Essex Rebels|1,10,2,20,36",1,0.2,10.0,0,0,0,0,0,0,0,0,0,0,0,0,0,0,0,0,0,0,2,0.1,0.0,208.3,-208.3,0.0,-2
Worthing Thunder,"Danny Evans, Justin Hopkins, Troy Mcindoe, Adrian Scarborough, Bode Adeluola","Worthing Thunder|0,15,23,4,5",1,0.2,10.0,2,1,1,100.0,0,0,0,0,0,0,0,0,0,0,0,0,0,0,0,1.0,208.3,0.0,208.3,12.0,2
Loughborough Riders,"Michael Joiner, Panos Karras, Milo Gordon, Liam Campbell, Dan Hadley","Loughborough Riders|11,15,22,4,5",1,0.2,11.0,0,0,0,0,0,0,0,0,0,0,0,0,0,0,0,0,0,0,0,0.1,0.0,0.0,0.0,0.0,0
Birmingham Rockets,"Ronald Blain, Eric Donaldson, Lucas Mcgregor, Faaris Mughaal, Martyn Gayle","Birmingham Rockets|0,3,6,7,8",2,0.2,15.0,0,0,1,0.0,0,1,0.0,0,0,0,0,0,0,0,0,0,0,0,5,1.0,0.0,138.5,-138.5,0.0,-5
Bristol Flyers II,"Yusuf Hafid, Nikolas Sagkovits, Nassim Ladjimi, Wickens Simba, Giuseppe Landolfi","Bristol Flyers II|0,21,24,6,7",1,0.2,14.0,0,0,0,0,0,0,0,0,0,0,0,0,0,0,0,0,0,0,3,0.1,0.0,217.0,-217.0,0.0,-3
Milton Keynes Breakers,"Ben Baker-Mccann, Jonas Dietrich, Mike New Jr., Jordan Spencer, Chase Thompson","Milton Keynes Breakers|11,12,15,23,8",1,0.2,15.0,1,0,0,0,0,0,0,1,1,100.0,0,0,0,0,0,0,0,0,0,0.4,236.7,0.0,236.7,4.0,1
Essex Rebels,"Mou Wol-Cummings, Michael Amako, Kyron Martin, Miles Brown, Tyreese Hudson","Essex Rebels|0,1,10,2,9",1,0.2,12.0,0,0,0,0,0,0,0,0,0,0,0,0,0,0,0,0,1,0,2,1.0,0.0,110.8,-110.8,0.0,-2
Hemel Storm,"Darien Nelson-Henry, Taylor Johnson, Matt Norman, Veron Eze, Sam Newman","Hemel Storm|10,12,2,21,4",1,0.2,10.0,0,0,1,0.0,0,0,0,0,0,0,0,0,0,0,0,0,1,0,1,1.9,0.0,118.4,-118.4,0.0,-1
Newcastle Knights,"Bradley Dean, Jaron Thames, Hafeez Abdul, Messiah Jones, Scott Angus","Newcastle Knights|1,11,3,5,7",1,0.2,12.0,0,0,0,0,0,0,0,0,0,0,0,0,0,0,0,0,0,0,0,0.1,0.0,0.0,0.0,0.0,0
Bristol Hurricanes,"Elvisi Dusha, Denzel Ubiaro, Vilmantas Dilys","Bristol Hurricanes|12,31,55",1,0.2,10.0,1,0,0,0,0,0,0,1,2,50.0,0,0,0,0,0,0,0,0,0,0.8,118.4,0.0,118.4,6.0,1
Loughborough Riders,"Johde Campbell, Jalen Cook, Milo Gordon, Ben Woog, Callum Keys","Loughborough Riders|0,12,22,7,8",1,0.2,15.0,0,0,1,0.0,0,1,0.0,0,0,0,0,0,0,0,0,0,0,0,4,1.0,0.0,221.6,-221.6,0.0,-4
Essex Rebels,"Kyron Martin, Daniel Johnson-Thompson, Miles Brown, Tom Child, Ben Winter","Essex Rebels|10,13,2,22,5",1,0.2,11.0,0,0,0,0,0,0,0,0,0,0,0,0,0,0,0,0,0,0,0,0.1,0.0,0.0,0.0,0.0,0
Birmingham Rockets,"Ronald Blain, Orlan Jackman, Zack Powell, Lucas Mcgregor, Martyn Gayle","Birmingham Rockets|0,13,14,6,8",1,0.2,13.0,0,0,0,0,0,0,0,0,0,0,0,0,0,0,0,0,0,0,3,0.1,0.0,312.5,-312.5,0.0,-3
Nottingham Hoods,"Abiodun Adedo, Donell Nixon Ii, Byrce Johnson, Sam Akano, Micah Savery-Richards","Nottingham Hoods|12,24,25,7,8",1,0.2,14.0,0,0,0,0,0,0,0,0,0,0,0,0,0,0,0,0,0,0,0,0.1,0.0,0.0,0.0,0.0,0
Hemel Storm,"Darien Nelson-Henry, Kai Walker, Matt Norman, Di-Jani Parkinson, Jack Burnell","Hemel Storm|10,11,2,23,7",1,0.2,11.0,0,0,0,0,0,0,0,0,0,0,0,0,0,0,0,0,0,0,0,0.1,0.0,0.0,0.0,0.0,0
Hemel Storm,"Mergim Sokoli, Kai Walker, Brayden Inger, Sam Newman, Jack Burnell","Hemel Storm|0,11,3,4,7",1,0.2,12.0,0,0,0,0,0,0,0,0,0,0,0,0,0,0,0,0,0,0,1,0.1,0.0,236.7,-236.7,0.0,-1
Birmingham Rockets,"Orlan Jackman, Zack Powell, Eric Donaldson, Lucas Mcgregor, Martyn Gayle","Birmingham Rockets|13,14,3,6,8",1,0.2,12.0,0,0,0,0,0,0,0,0,0,0,0,0,0,0,0,0,0,0,0,0.1,0.0,0.0,0.0,0.0,0
London Cavaliers,"Mekhi Collins, Marquel Beasley, Daniel Braster, Aj Roberts, Omari Pond-Mckenzie","London Cavaliers|13,15,23,4,5",1,0.1,4.0,0,0,0,0,0,0,0,0,0,0,0,0,0,0,0,0,1,0,0,1.0,0.0,0.0,0.0,0.0,0
Hemel Storm,"Kai Walker, Matt Norman, Veron Eze, Di-Jani Parkinson, Brayden Inger","Hemel Storm|11,2,21,23,3",1,0.1,9.0,0,0,0,0,0,0,0,0,0,0,0,0,0,0,0,0,0,0,0,0.1,0.0,0.0,0.0,0.0,0
Reading Rockets,"Malik Bryant, Cooper Creek, Matthew Allman, Lewis Champion, Victor Olarerin","Reading Rockets|10,14,5,7,8",1,0.1,9.0,0,0,0,0,0,0,0,0,0,0,0,0,0,0,0,0,0,0,0,0.1,0.0,0.0,0.0,0.0,0
Birmingham Rockets,"Zack Powell, Eric Donaldson, Lucas Mcgregor, Faaris Mughal, Martyn Gayle","Birmingham Rockets|14,3,6,7,8",1,0.1,6.0,1,0,0,0,0,0,0,1,2,50.0,0,0,0,0,0,0,0,0,1,0.8,118.4,118.4,0.0,10.0,0
Nottingham Hoods,"Donell Nixon Ii, Latrell Maitland, Elliot Bailey, Sam Akano, Micah Savery-Richards","Nottingham Hoods|12,55,6,7,8",1,0.1,4.0,0,0,0,0,0,0,0,0,2,0.0,0,0,0,0,0,0,0,0,1,0.8,0.0,118.4,-118.4,0.0,-1
Milton Keynes Breakers,"Dashawn Jackson, Jonas Dietrich, Mike New Jr., Xavier Wilson, Jordan Spencer","Milton Keynes Breakers|10,12,15,21,23",2,0.1,9.0,0,0,0,0,0,0,0,0,0,0,0,0,0,0,0,0,0,0,0,0.1,0.0,0.0,0.0,0.0,0
Nottingham Hoods,"Mergin Sokoli, Tyrone Williams, Byrce Johnson, Latrell Maitland, Sam Akano","Nottingham Hoods|0,1,25,55,7",1,0.1,4.0,0,0,0,0,0,0,0,0,0,0,0,0,0,0,0,0,0,0,2,0.1,0.0,236.7,-236.7,0.0,-2
Nottingham Hoods,"Mergin Sokoli, Tyrone Williams, Latrell Maitland, Elliot Bailey, Sam Akano","Nottingham Hoods|0,1,55,6,7",1,0.1,9.0,0,0,2,0.0,0,2,0.0,0,0,0,0,0,0,0,0,0,0,0,0,1.9,0.0,0.0,0.0,0.0,0
Bristol Flyers II,"Jack Craggs, Reggie Eigbe, Nassim Ladjimi, Anthony Bhebhe, Giuseppe Landolfi","Bristol Flyers II|12,13,24,4,7",1,0.1,9.0,0,0,0,0,0,0,0,0,0,0,0,0,0,0,0,0,0,0,0,0.1,0.0,0.0,0.0,0.0,0
Essex Rebels,"Kyron Martin, Miles Brown, Tom Child, Harry Gent, Tyreese Hudson","Essex Rebels|10,2,22,36,9",1,0.1,3.0,0,0,0,0,0,0,0,0,0,0,0,0,0,0,0,0,0,0,2,0.1,0.0,236.7,-236.7,0.0,-2
Nottingham Hoods,"Tyrone Williams, Jani Griffith, Byrce Johnson, Sam Akano, Micah Savery-Richards","Nottingham Hoods|0,15,25,7,8",1,0.1,5.0,0,0,0,0,0,0,0,0,0,0,0,0,0,0,0,0,0,0,2,0.1,0.0,236.7,-236.7,0.0,-2
Yorkshire Dragons,"Ronnie Ani, Paul Tew, Jordan Whelan, Jack Melke, Corey Johnson","Yorkshire Dragons|1,14,23,5,9",1,0.1,3.0,0,0,1,0.0,0,1,0.0,0,0,0,0,0,0,0,0,0,0,0,1,1.0,0.0,118.4,-118.4,0.0,-1
Milton Keynes Breakers,"Dashawn Jackson, Jonas Dietrich, Xavier Wilson, Blayne Freckleton, Chase Thompson","Milton Keynes Breakers|1,12,21,7,8",1,0.1,3.0,0,0,0,0,0,0,0,0,0,0,0,0,0,0,0,0,0,0,2,0.1,0.0,236.7,-236.7,0.0,-2
Reading Rockets,"Malik Bryant, Ty Nsangu, Cooper Creek, Yusef Salih, Victor Olarerin","Reading Rockets|10,12,14,5,8",1,0.1,3.0,1,0,1,0.0,0,1,0.0,1,2,50.0,0,0,0,0,0,0,0,0,3,1.8,55.4,177.6,-122.1,20.0,-2
Essex Rebels,"Michael Amako, Remy Udeh, Miles Brown, Harry Gent, Ben Winter","Essex Rebels|1,14,2,36,5",1,0.1,6.0,0,0,0,0,0,0,0,0,0,0,0,0,0,0,0,0,0,0,0,0.1,0.0,0.0,0.0,0.0,0
Yorkshire Dragons,"Ronnie Ani, Jordan Jefferson, Jack Mielke, Corey Johnson, Nick Lewis","Yorkshire Dragons|1,4,5,9,93",1,0.1,4.0,0,0,0,0,0,0,0,0,0,0,0,0,0,0,0,0,0,0,1,0.1,0.0,118.4,-118.4,0.0,-1
Birmingham Rockets,"Ronald Blain, Orlan Jackman, Eric Donaldson, Lucas Mcgregor, Martyn Gayle","Birmingham Rockets|0,13,3,6,8",1,0.1,3.0,0,0,0,0,0,0,0,0,0,0,0,0,0,0,0,0,0,0,3,0.1,0.0,128.1,-128.1,0.0,-3
Milton Keynes Breakers,"Chase Thompson, Mike New Jr, Xavier Wilson, Jordan Spencer, Blayne Freckleton","Milton Keynes Breakers|10,15,21,23,7",1,0.0,1.0,0,0,0,0,0,0,0,0,0,0,0,0,0,0,0,0,0,0,0,0.1,0.0,0.0,0.0,0.0,0
Reading Rockets,"Malik Bryant, Ty Nsangu, Cooper Creek, Eliaz (Zain) Poorman, Victor Olarerin","Reading Rockets|10,12,14,6,8",1,0.0,2.0,2,0,0,0,0,0,0,2,2,100.0,0,0,0,0,0,0,0,0,0,0.8,236.7,0.0,236.7,60.0,2
Essex Rebels,"Michael Amako, Kyron Martin, Daniel Johnson-Thompson, Miles Brown, Tom Child","Essex Rebels|1,10,13,2,22",1,0.0,2.0,0,0,0,0,0,0,0,0,0,0,0,0,0,0,0,0,0,0,2,0.1,0.0,72.3,-72.3,0.0,-2
London Cavaliers,"Daniel Delsol-Lowry, Mekhi Collins, Marquel Beasley, Daniel Braster, Aj Roberts","London Cavaliers|12,13,15,23,4",1,0.0,2.0,0,0,0,0,0,0,0,0,0,0,0,0,0,0,0,0,0,0,1,0.1,0.0,236.7,-236.7,0.0,-1
Bristol Hurricanes,"David Forsyth, Jules Dang-Akodo, Denzel Ubiaro, Corey Samuels, Vilmantas Dilys","Bristol Hurricanes|11,23,31,4,55",1,0.0,2.0,2,1,1,100.0,0,0,0,0,0,0,0,0,0,0,0,0,0,0,0,1.0,208.3,0.0,208.3,60.0,2
