Team,Player_Name,Numbers_Worn,Name_Variations,Games,MPG,MIN,PTS,PPG,FGM,FGA,FG%,3PM,3PA,3P%,FTM,FTA,FT%,OREB,DREB,REB,AST,STL,BLK,TOV,PF,POSS,USG%,PTS/100,AST/100,REB/100,PTS_AST,TPC,TPC/G,TPC/100,CLUTCH_PTS,CLUTCH_PPG,CLUTCH_FGA,CLUTCH_FTA,CLUTCH_TS%,CLUTCH_USG,CLUTCH_GAMES,BPM,OBPM,DBPM,POSITION,ROLE,RIM_ATT,RIM_MADE,RIM%,OTD_2PT_ATT,OTD_2PT_MADE,OTD_2PT%,OTD_3PT_ATT,OTD_3PT_MADE,OTD_3PT%,UNAST_RIM_MADE,UNAST_3PT_MADE,PASS_TO,DRIBBLE_TO,DEFENSE_TO,MISC_TO,2ND_CHANCE_PTS,FAST_BREAK_PTS,PTS_OFF_TOV
London Lions,Aaryndeep Rai,21,Aaryndeep Rai; Aaryn Rai,46,22.2,1021.5,358.0,7.8,143.0,260.0,55,22.0,67.0,32.8,50.0,71.0,70.4,88.0,194.0,282.0,76.0,32.0,13.0,51.0,97.0,244.1,13.1,10.6,2.3,8.4,179,537.0,11.7,16.0,7,2.3,2,5,83.3,4.2,3,5.02,-1.72,6.74,4.3,3.4,128.0,89.0,69.5,19.0,9.0,47.4,4.0,1.0,25,0.0,0.0,18.0,19.0,2.0,12.0,80.0,44.0,85.0
London Lions,Deane Williams,31,Deane Williams,45,22.0,990.9,389.0,8.6,137.0,313.0,43.8,41.0,136.0,30.1,74.0,110.0,67.3,65.0,139.0,204.0,80.0,33.0,29.0,57.0,128.0,339.3,18.8,11.6,2.4,6.1,183,572.0,12.7,17.0,7,1.0,12,2,27.2,12.9,7,3.26,-3.46,6.72,4.1,3.6,107.0,68.0,63.6,23.0,10.0,43.5,6.0,2.0,33.3,0.0,0.0,24.0,22.0,0.0,11.0,43.0,55.0,72.0
Cheshire Phoenix,Laquincy Rideau,3,Laquincy Rideau,44,26.1,1147.3,481.0,10.9,172.0,406.0,42.4,49.0,154.0,31.8,88.0,133.0,66.2,60.0,142.0,202.0,251.0,81.0,9.0,131.0,162.0,514.1,21.5,13.2,6.9,5.5,595,1076.0,24.5,29.4,32,2.1,18,15,65.0,26.6,15,0.56,-3.93,4.49,1.8,2.0,155.0,88.0,56.8,9.0,2.0,22.2,1.0,1.0,100,0.0,0.0,67.0,28.0,0.0,36.0,65.0,87.0,75.0
Cheshire Phoenix,Michael Diggins,2,Michael Diggins,44,23.4,1028.2,453.0,10.3,179.0,397.0,45.1,45.0,153.0,29.4,50.0,70.0,71.4,68.0,136.0,204.0,47.0,27.0,33.0,50.0,98.0,393.4,18.4,12.4,1.3,5.6,110,563.0,12.8,15.4,14,2.0,10,0,70.0,12.0,7,-1.32,-4.1,2.79,4.0,4.1,148.0,94.0,63.5,7.0,3.0,42.9,0.0,0.0,0,0.0,0.0,18.0,18.0,0.0,14.0,85.0,82.0,71.0
Cheshire Phoenix,Jaxon Brenchley,23,Jaxon Brenchley,44,26.2,1151.7,450.0,10.2,163.0,348.0,46.8,58.0,169.0,34.3,66.0,93.0,71,66.0,124.0,190.0,113.0,45.0,8.0,31.0,71.0,339.8,14.2,12.3,3.1,5.2,268,718.0,16.3,19.6,8,1.1,9,2,40.5,9.9,7,2.44,-1.34,3.78,2.7,3.3,118.0,78.0,66.1,2.0,1.0,50,6.0,3.0,50,0.0,0.0,12.0,15.0,0.0,4.0,78.0,83.0,75.0
Cheshire Phoenix,Matthew Zona,24,Matthew Zona,44,13.2,580.3,269.0,6.1,99.0,219.0,45.2,47.0,132.0,35.6,24.0,41.0,58.5,42.0,88.0,130.0,22.0,20.0,21.0,23.0,96.0,209.3,17.3,7.4,0.6,3.6,51,320.0,7.3,8.8,0,0.0,2,0,0.0,2.0,1,0.13,-3.38,3.51,4.4,3.9,58.0,36.0,62.1,2.0,0.0,0,0.0,0.0,0,0.0,0.0,5.0,4.0,2.0,12.0,42.0,12.0,33.0
Cheshire Phoenix,Skyler White,99,Skyler White,43,24.1,1038.0,542.0,12.6,185.0,428.0,43.2,114.0,290.0,39.3,58.0,81.0,71.6,47.0,165.0,212.0,68.0,25.0,44.0,38.0,112.0,436.5,20.2,14.8,1.9,5.8,157,699.0,16.3,19.1,13,1.0,13,9,38.3,18.0,13,3.25,-0.6,3.85,4.2,3.2,64.0,41.0,64.1,13.0,7.0,53.8,4.0,3.0,75,0.0,0.0,19.0,16.0,0.0,3.0,75.0,51.0,65.0
Cheshire Phoenix,Frankie Policelli,5,Frankie Policelli,43,26.1,1121.3,532.0,12.4,171.0,415.0,41.2,111.0,298.0,37.2,79.0,103.0,76.7,51.0,242.0,293.0,49.0,58.0,22.0,62.0,96.0,452.5,19.4,14.6,1.3,8.0,98,630.0,14.7,17.2,18,2.6,9,4,83.6,11.8,7,2.19,-1.89,4.07,4.1,3.7,73.0,41.0,56.2,6.0,3.0,50,9.0,4.0,44.4,0.0,0.0,23.0,21.0,0.0,18.0,55.0,121.0,99.0
Cheshire Phoenix,Damiri Lindo,9,Damiri Lindo,43,16.6,712.6,300.0,7.0,102.0,240.0,42.5,23.0,92.0,25,73.0,81.0,90.1,27.0,71.0,98.0,43.0,33.0,6.0,41.0,88.0,278.1,18.7,8.2,1.2,2.7,111,411.0,9.6,11.2,5,1.7,3,2,64.4,4.9,3,-2.19,-5.61,3.43,2.8,3.9,84.0,54.0,64.3,3.0,2.0,66.7,0.0,0.0,0,0.0,0.0,11.0,22.0,0.0,8.0,22.0,68.0,63.0
Manchester Basketball,Max Jones,2,Max Jones,42,28.0,1176.2,740.0,17.6,255.0,613.0,41.6,100.0,276.0,36.2,130.0,161.0,80.7,27.0,103.0,130.0,135.0,27.0,9.0,91.0,98.0,717.9,30.4,21.9,4.0,3.8,288,1028.0,24.5,30.4,28,2.0,22,10,53.0,27.4,14,-0.22,-1.55,1.34,2.3,2.3,159.0,86.0,54.1,30.0,15.0,50,18.0,7.0,38.9,0.0,0.0,46.0,24.0,0.0,21.0,54.0,69.0,80.0
Manchester Basketball,Patrick Smith Jr,0,Patrick Smith Jr,42,26.2,1100.8,605.0,14.4,205.0,445.0,46.1,99.0,240.0,41.2,96.0,110.0,87.3,38.0,123.0,161.0,152.0,45.0,6.0,75.0,66.0,509.2,23.1,17.9,4.5,4.8,325,930.0,22.1,27.5,44,3.1,15,25,84.6,28.0,14,4.34,1.02,3.32,2.1,1.7,79.0,46.0,58.2,29.0,18.0,62.1,16.0,6.0,37.5,0.0,0.0,32.0,28.0,0.0,15.0,69.0,70.0,86.0
Manchester Basketball,Oluwaseyi Adetukasi,22,Oluwaseyi Adetukasi,42,26.7,1122.0,441.0,10.5,163.0,315.0,51.7,55.0,135.0,40.7,60.0,78.0,76.9,31.0,143.0,174.0,40.0,29.0,6.0,49.0,72.0,352.6,15.7,13.0,1.2,5.1,92,533.0,12.7,15.8,16,2.0,11,0,72.7,12.0,8,-0.53,-3.28,2.75,3.2,3.6,112.0,70.0,62.5,5.0,2.0,40,1.0,1.0,100,0.0,0.0,18.0,15.0,0.0,16.0,46.0,69.0,82.0
Manchester Basketball,Matthew Nicholson,34/4,Matthew Nicholson,42,19.5,821.0,235.0,5.6,92.0,149.0,61.7,0.0,0.0,0,51.0,108.0,47.2,98.0,171.0,269.0,22.0,23.0,52.0,28.0,100.0,121.5,7.4,7.0,0.7,8.0,49,284.0,6.8,8.4,3,1.0,3,1,43.6,3.4,3,0.39,-3.69,4.07,5.0,4.4,121.0,77.0,63.6,1.0,1.0,100,0.0,0.0,0,0.0,0.0,10.0,4.0,3.0,11.0,58.0,3.0,28.0
Manchester Basketball,Kyle Carey,1,Kyle Carey,42,12.5,526.3,173.0,4.1,68.0,153.0,44.4,32.0,96.0,33.3,5.0,14.0,35.7,6.0,40.0,46.0,16.0,15.0,6.0,15.0,55.0,161.4,15.3,5.1,0.5,1.4,29,202.0,4.8,6.0,0,0.0,1,0,0.0,1.0,1,-2.74,-5.33,2.59,2.8,4.4,33.0,24.0,72.7,2.0,1.0,50,1.0,0.0,0,0.0,0.0,10.0,4.0,0.0,1.0,32.0,53.0,39.0
Cheshire Phoenix,Patrick Robinson,13,Patrick Robinson,41,25.8,1058.7,809.0,19.7,271.0,486.0,55.8,34.0,85.0,40,233.0,323.0,72.1,57.0,106.0,163.0,175.0,37.0,6.0,87.0,74.0,631.8,28.7,22.1,4.8,4.5,454,1263.0,30.8,34.5,29,2.1,21,9,58.1,27.0,14,6.9,3.0,3.89,2.2,1.0,241.0,151.0,62.7,11.0,9.0,81.8,1.0,0.0,0,0.0,0.0,29.0,45.0,0.0,13.0,58.0,167.0,88.0
Manchester Basketball,Jordan Johnson,11,Jordan Johnson,41,22.5,921.1,579.0,14.1,198.0,453.0,43.7,64.0,180.0,35.6,119.0,152.0,78.3,19.0,88.0,107.0,213.0,34.0,4.0,83.0,64.0,560.5,30.3,17.1,6.3,3.2,465,1044.0,25.5,30.9,38,2.5,22,14,67.5,32.2,15,3.5,1.48,2.02,1.3,1.0,120.0,69.0,57.5,28.0,12.0,42.9,17.0,7.0,41.2,0.0,0.0,47.0,28.0,0.0,8.0,44.0,65.0,60.0
London Lions,Tarik Phillip,22,Tarik Phillip,41,20.7,848.6,377.0,9.2,126.0,306.0,41.2,37.0,129.0,28.7,88.0,114.0,77.2,29.0,121.0,150.0,153.0,53.0,7.0,70.0,76.0,381.3,24.6,11.2,4.5,4.5,315,692.0,16.9,20.6,10,1.4,5,9,55.8,10.0,7,6.18,-1.54,7.72,2.1,2.3,97.0,62.0,63.9,28.0,10.0,35.7,17.0,6.0,35.3,0.0,0.0,39.0,23.0,0.0,8.0,44.0,60.0,78.0
London Lions,Ethan Price,10,Ethan Price,41,15.8,647.6,290.0,7.1,108.0,193.0,56,18.0,56.0,32.1,56.0,76.0,73.7,31.0,111.0,142.0,36.0,18.0,11.0,34.0,107.0,220.3,18.7,8.6,1.1,4.2,84,374.0,9.1,11.1,2,2.0,1,2,53.2,1.9,1,3.42,-3.48,6.9,4.1,3.1,101.0,73.0,72.3,8.0,4.0,50,0.0,0.0,0,0.0,0.0,9.0,12.0,0.0,13.0,29.0,28.0,42.0
London Lions,Amin Adamu,5,Amin Adamu,41,13.8,565.3,238.0,5.8,93.0,200.0,46.5,32.0,84.0,38.1,20.0,25.0,80,17.0,66.0,83.0,59.0,13.0,0.0,45.0,70.0,229.4,22.3,7.1,1.8,2.5,138,376.0,9.2,11.2,2,2.0,2,0,50.0,2.0,1,0.93,-4.18,5.11,2.7,3.1,37.0,25.0,67.6,32.0,18.0,56.2,4.0,2.0,50,0.0,0.0,28.0,14.0,0.0,3.0,28.0,20.0,38.0
Surrey 89ers,Kino Lily Jr,12,Kino Lily Jr,40,34.7,1388.7,750.0,18.8,271.0,587.0,46.2,146.0,326.0,44.8,62.0,79.0,78.5,19.0,83.0,102.0,173.0,42.0,1.0,76.0,47.0,651.6,24.2,23.8,5.5,3.2,350,1100.0,27.5,34.9,21,2.3,16,4,59.1,18.8,9,1.9,1.2,0.7,1.7,2.1,57.0,27.0,47.4,71.0,37.0,52.1,43.0,23.0,53.5,0.0,0.0,35.0,33.0,0.0,8.0,46.0,109.0,130.0
Newcastle Eagles,Cole Long,15,Cole Long,40,28.9,1157.0,469.0,11.7,167.0,363.0,46,69.0,193.0,35.8,66.0,87.0,75.9,61.0,160.0,221.0,73.0,27.0,41.0,42.0,117.0,367.0,15.9,14.5,2.3,6.8,158,627.0,15.7,19.4,27,2.7,13,7,84.0,16.1,10,0.58,-2.86,3.44,4.5,3.3,93.0,64.0,68.8,27.0,9.0,33.3,8.0,1.0,12.5,0.0,0.0,14.0,19.0,0.0,9.0,71.0,74.0,90.0
Newcastle Eagles,Mitch Clarke,41,Mitch Clarke,40,24.4,975.7,340.0,8.5,112.0,292.0,38.4,39.0,142.0,27.5,77.0,99.0,77.8,31.0,97.0,128.0,122.0,55.0,6.0,62.0,121.0,351.9,18.1,10.5,3.8,4.0,267,607.0,15.2,18.8,8,0.8,9,12,28.0,15.3,10,-2.0,-5.76,3.75,2.3,3.0,91.0,54.0,59.3,19.0,5.0,26.3,15.0,4.0,26.7,0.0,0.0,37.0,21.0,0.0,4.0,23.0,59.0,53.0
Surrey 89ers,Nedas Cholevinskas,17,Nedas Cholevinskas,40,20.0,801.6,306.0,7.7,98.0,252.0,38.9,50.0,139.0,36,60.0,80.0,75,22.0,96.0,118.0,37.0,16.0,3.0,32.0,76.0,285.3,18.3,9.7,1.2,3.7,67,373.0,9.3,11.9,1,0.2,2,2,17.4,2.9,4,-4.12,-4.95,0.83,3.2,4.1,57.0,30.0,52.6,7.0,2.0,28.6,2.0,1.0,50,0.0,0.0,12.0,13.0,0.0,7.0,24.0,40.0,31.0
Manchester Basketball,Zak Irvin,7,Zak Irvin,40,20.4,815.0,255.0,6.4,116.0,215.0,54,8.0,31.0,25.8,15.0,27.0,55.6,47.0,142.0,189.0,37.0,30.0,4.0,39.0,64.0,210.1,12.9,7.5,1.1,5.6,89,344.0,8.6,10.2,4,1.0,4,0,50.0,5.0,4,-1.52,-4.9,3.38,3.7,4.2,128.0,86.0,67.2,4.0,0.0,0,0.0,0.0,0,0.0,0.0,13.0,16.0,0.0,10.0,36.0,63.0,40.0
Surrey 89ers,Tayo Ogedengbe,15,Tayo Ogedengbe,40,18.7,747.5,202.0,5.0,66.0,172.0,38.4,29.0,99.0,29.3,41.0,66.0,62.1,25.0,47.0,72.0,42.0,19.0,4.0,19.0,48.0,187.2,12.9,6.4,1.3,2.3,77,279.0,7.0,8.9,5,0.8,10,0,25.0,12.0,6,-3.7,-4.84,1.14,2.6,4.5,45.0,31.0,68.9,3.0,0.0,0,0.0,0.0,0,0.0,0.0,11.0,4.0,0.0,4.0,11.0,35.0,19.0
Cheshire Phoenix,Greg Wild,1,Greg Wild,40,2.6,105.9,17.0,0.4,5.0,16.0,31.2,2.0,12.0,16.7,5.0,6.0,83.3,1.0,7.0,8.0,5.0,2.0,1.0,4.0,11.0,20.8,9.4,0.5,0.1,0.2,14,31.0,0.8,0.8,2,2.0,2,0,50.0,2.0,1,-5.37,-8.02,2.65,2.7,4.8,2.0,2.0,100,0.0,0.0,0,0.0,0.0,0,0.0,0.0,1.0,3.0,0.0,0.0,3.0,4.0,2.0
Bristol Flyers,William Yoakum,3,William Yoakum,39,25.4,990.9,512.0,13.1,195.0,360.0,54.2,54.0,132.0,40.9,68.0,90.0,75.6,48.0,117.0,165.0,43.0,50.0,16.0,48.0,73.0,383.6,20.3,17.1,1.4,5.5,91,603.0,15.5,20.2,12,2.4,6,5,73.2,8.2,5,3.44,-1.35,4.79,3.3,2.5,146.0,101.0,69.2,15.0,5.0,33.3,2.0,1.0,50,0.0,0.0,14.0,26.0,0.0,8.0,76.0,132.0,99.0
Leicester Riders,Travis Evee,3,Travis Evee,39,27.0,1053.5,468.0,12.0,153.0,366.0,41.8,71.0,195.0,36.4,91.0,115.0,79.1,11.0,84.0,95.0,162.0,48.0,2.0,81.0,61.0,467.1,23.2,15.4,5.3,3.1,344,812.0,20.8,26.7,27,2.2,22,12,49.5,30.3,12,0.22,-1.58,1.81,1.3,1.9,100.0,54.0,54,18.0,8.0,44.4,15.0,9.0,60,0.0,0.0,36.0,28.0,1.0,16.0,49.0,42.0,66.0
Bristol Flyers,Zachary Anderson,4,Zachary Anderson,39,29.4,1148.0,448.0,11.5,162.0,365.0,44.4,76.0,215.0,35.3,48.0,64.0,75,22.0,174.0,196.0,78.0,26.0,21.0,57.0,46.0,411.0,18.8,15.0,2.6,6.6,181,629.0,16.1,21.0,5,1.0,6,2,36.3,8.9,5,0.41,-3.34,3.75,3.5,3.2,71.0,54.0,76.1,22.0,9.0,40.9,4.0,1.0,25,0.0,0.0,26.0,21.0,0.0,10.0,56.0,59.0,66.0
Cheshire Phoenix,Tobias Cameron,11,Tobias Cameron,39,21.3,832.5,370.0,9.5,136.0,282.0,48.2,47.0,136.0,34.6,51.0,72.0,70.8,69.0,95.0,164.0,82.0,34.0,7.0,57.0,87.0,289.6,16.7,10.1,2.2,4.5,188,558.0,14.3,15.3,11,1.6,8,3,59.0,9.3,7,1.26,-2.24,3.5,3.1,3.0,93.0,63.0,67.7,4.0,2.0,50,1.0,0.0,0,0.0,0.0,21.0,23.0,0.0,13.0,52.0,62.0,66.0
Surrey 89ers,Michael Graham,21,Michael Graham,39,21.1,822.4,339.0,8.7,154.0,264.0,58.3,0.0,1.0,0,31.0,67.0,46.3,118.0,191.0,309.0,36.0,19.0,36.0,31.0,68.0,198.2,12.4,10.8,1.1,9.8,69,408.0,10.5,13.0,4,1.0,5,2,34.0,5.9,4,0.29,-1.5,1.78,5.0,3.8,177.0,114.0,64.4,17.0,9.0,52.9,0.0,0.0,0,0.0,0.0,14.0,11.0,0.0,6.0,87.0,32.0,43.0
Bristol Flyers,Darnell Brodie,51,Darnell Brodie,39,17.1,667.1,300.0,7.7,114.0,230.0,49.6,1.0,6.0,16.7,71.0,112.0,63.4,75.0,138.0,213.0,43.0,15.0,20.0,63.0,85.0,256.6,20.2,10.0,1.4,7.1,94,394.0,10.1,13.2,2,2.0,1,0,100.0,1.0,1,-3.01,-6.42,3.4,5.0,3.2,140.0,82.0,58.6,12.0,3.0,25,0.0,0.0,0,0.0,0.0,35.0,18.0,0.0,10.0,48.0,6.0,16.0
Bristol Flyers,Marcus Delpeche,21,Marcus Delpeche,39,12.1,473.0,212.0,5.4,86.0,169.0,50.9,1.0,1.0,100,39.0,67.0,58.2,64.0,65.0,129.0,19.0,16.0,6.0,33.0,61.0,160.8,17.8,7.1,0.6,4.3,43,255.0,6.5,8.5,2,0.7,4,0,25.0,4.0,3,-3.34,-5.68,2.34,4.5,3.6,117.0,66.0,56.4,5.0,3.0,60,0.0,0.0,0,0.0,0.0,10.0,10.0,1.0,12.0,39.0,30.0,46.0
London Lions,Ciaran Sandy,3,Ciaran Sandy,39,9.6,376.3,126.0,3.2,46.0,96.0,47.9,12.0,37.0,32.4,22.0,32.0,68.8,12.0,39.0,51.0,15.0,19.0,9.0,10.0,43.0,103.8,15.1,3.7,0.4,1.5,39,165.0,4.2,4.9,0,0.0,4,0,0.0,4.0,2,3.82,-3.67,7.5,3.3,4.1,35.0,21.0,60,10.0,5.0,50,1.0,1.0,100,0.0,0.0,2.0,5.0,1.0,2.0,25.0,15.0,35.0
Manchester Basketball,Judson Martindale,33,Judson Martindale,39,2.0,79.0,12.0,0.3,4.0,20.0,20,2.0,8.0,25,2.0,2.0,100,4.0,4.0,8.0,3.0,2.0,2.0,3.0,14.0,19.1,12.0,0.4,0.1,0.2,6,18.0,0.5,0.5,0,0,0,0,0,0.0,0,-9.41,-10.89,1.48,3.2,4.9,7.0,2.0,28.6,0.0,0.0,0,0.0,0.0,0,0.0,0.0,0.0,2.0,0.0,1.0,2.0,0.0,0.0
Bristol Flyers,Pasquale Landolfi,40,Pasquale Landolfi,39,2.1,81.7,11.0,0.3,4.0,20.0,20,2.0,15.0,13.3,1.0,2.0,50,2.0,3.0,5.0,3.0,0.0,0.0,6.0,10.0,23.9,15.3,0.4,0.1,0.2,5,16.0,0.4,0.5,0,0,0,0,0,0.0,0,-14.89,-14.17,-0.72,2.8,4.9,3.0,1.0,33.3,1.0,0.0,0,0.0,0.0,0,0.0,0.0,1.0,5.0,0.0,0.0,2.0,0.0,2.0
Surrey 89ers,Ronald Polite Iii,7,Ronald Polite Iii,38,25.2,956.9,518.0,13.6,183.0,352.0,52,38.0,105.0,36.2,114.0,147.0,77.6,35.0,93.0,128.0,206.0,33.0,9.0,89.0,95.0,451.9,24.3,16.5,6.5,4.1,418,936.0,24.6,29.7,24,2.7,11,17,64.9,21.5,9,2.79,0.31,2.48,1.9,1.0,121.0,88.0,72.7,32.0,14.0,43.8,5.0,2.0,40,0.0,0.0,39.0,29.0,1.0,20.0,45.0,85.0,84.0
Bristol Flyers,Cameron Holden,7,Cameron Holden,38,28.0,1065.2,358.0,9.4,128.0,305.0,42,21.0,76.0,27.6,81.0,155.0,52.3,92.0,118.0,210.0,189.0,63.0,13.0,81.0,113.0,347.7,17.1,12.0,6.3,7.0,412,770.0,20.3,25.7,3,3.0,1,0,150.0,2.0,1,1.1,-4.13,5.23,2.5,2.5,128.0,68.0,53.1,16.0,11.0,68.8,1.0,1.0,100,0.0,0.0,51.0,20.0,0.0,10.0,49.0,79.0,70.0
Newcastle Eagles,Emmanuel Kanwei,21,Emmanuel Kanwei,38,14.3,543.4,209.0,5.5,78.0,157.0,49.7,5.0,14.0,35.7,48.0,85.0,56.5,39.0,59.0,98.0,24.0,8.0,11.0,31.0,67.0,178.9,16.5,6.5,0.7,3.0,56,265.0,7.0,8.2,0,0,0,0,0,0.0,0,-4.84,-6.64,1.8,4.3,3.9,85.0,48.0,56.5,16.0,6.0,37.5,0.0,0.0,0,0.0,0.0,3.0,18.0,0.0,10.0,22.0,17.0,16.0
B. Braun Sheffield Sharks,Dirk Williams,1,Dirk Williams,37,31.8,1177.5,539.0,14.6,200.0,421.0,47.5,86.0,218.0,39.4,53.0,72.0,73.6,16.0,129.0,145.0,102.0,36.0,29.0,57.0,66.0,473.9,21.1,19.0,3.6,5.1,205,744.0,20.1,26.2,17,1.9,8,6,79.9,10.6,9,2.34,-1.42,3.77,2.9,2.7,96.0,63.0,65.6,35.0,17.0,48.6,17.0,5.0,29.4,0.0,0.0,26.0,25.0,0.0,6.0,51.0,101.0,81.0
B. Braun Sheffield Sharks,Nick Kern Jr,24,Nick Kern Jr,37,22.9,846.0,483.0,13.1,191.0,359.0,53.2,9.0,37.0,24.3,92.0,156.0,59,54.0,128.0,182.0,87.0,33.0,16.0,66.0,87.0,422.1,26.1,17.0,3.1,6.4,203,686.0,18.5,24.2,27,2.7,14,13,68.5,19.7,10,1.32,-2.8,4.13,3.5,2.3,186.0,123.0,66.1,44.0,22.0,50,2.0,0.0,0,0.0,0.0,25.0,25.0,0.0,16.0,53.0,81.0,70.0
Leicester Riders,Flynn Boardman-Raffet,77,Flynn Boardman-Raffet,37,22.7,839.6,423.0,11.4,139.0,286.0,48.6,33.0,107.0,30.8,112.0,153.0,73.2,31.0,97.0,128.0,46.0,22.0,3.0,45.0,42.0,352.6,22.0,13.9,1.5,4.2,107,530.0,14.3,17.4,3,0.8,6,5,18.3,9.2,4,-0.1,-1.88,1.78,3.0,2.8,111.0,79.0,71.2,12.0,5.0,41.7,7.0,2.0,28.6,0.0,0.0,11.0,25.0,0.0,9.0,39.0,68.0,51.0
B. Braun Sheffield Sharks,Rodney Chatman Iii,3,Rodney Chatman Iii,37,22.3,825.0,414.0,11.2,127.0,325.0,39.1,45.0,134.0,33.6,115.0,142.0,81,14.0,87.0,101.0,161.0,44.0,5.0,84.0,80.0,439.2,27.9,14.6,5.7,3.6,315,729.0,19.7,25.7,15,2.1,9,10,56.0,14.4,7,0.52,-2.67,3.19,1.5,1.6,96.0,51.0,53.1,23.0,15.0,65.2,5.0,3.0,60,0.0,0.0,52.0,20.0,0.0,12.0,29.0,46.0,75.0
London Lions,Shavar Reynolds Jr,33,Shavar Reynolds Jr,37,21.9,811.6,375.0,10.1,141.0,305.0,46.2,30.0,79.0,38,63.0,72.0,87.5,28.0,40.0,68.0,163.0,24.0,1.0,56.0,95.0,350.1,23.7,11.1,4.8,2.0,322,697.0,18.8,20.7,14,1.8,9,8,55.9,14.5,8,3.79,-0.83,4.61,1.4,1.8,72.0,40.0,55.6,74.0,37.0,50,5.0,2.0,40,0.0,0.0,34.0,15.0,0.0,7.0,33.0,30.0,38.0
Bristol Flyers,Jonathan Brown,9,Jonathan Brown,37,19.1,707.4,291.0,7.9,101.0,273.0,37,34.0,118.0,28.8,55.0,72.0,76.4,22.0,68.0,90.0,58.0,15.0,6.0,64.0,36.0,332.8,24.7,9.7,1.9,3.0,129,420.0,11.4,14.0,11,1.4,6,10,52.9,11.4,8,-5.09,-6.67,1.58,2.8,3.6,66.0,37.0,56.1,16.0,8.0,50,8.0,3.0,37.5,0.0,0.0,32.0,28.0,0.0,4.0,15.0,66.0,42.0
B. Braun Sheffield Sharks,Jordan Ratinho,9,Jordan Ratinho,37,25.2,930.7,167.0,4.5,61.0,137.0,44.5,29.0,78.0,37.2,16.0,30.0,53.3,31.0,66.0,97.0,41.0,31.0,7.0,21.0,67.0,134.6,7.6,5.9,1.4,3.4,92,259.0,7.0,9.1,6,2.0,3,2,77.3,3.9,3,-1.61,-5.24,3.63,2.7,4.6,44.0,26.0,59.1,1.0,1.0,100,1.0,0.0,0,0.0,0.0,8.0,7.0,0.0,6.0,16.0,33.0,35.0
Surrey 89ers,Haydn Ling,55,Haydn Ling,37,9.9,364.6,154.0,4.2,58.0,94.0,61.7,0.0,4.0,0,38.0,58.0,65.5,44.0,86.0,130.0,15.0,2.0,19.0,35.0,70.0,106.1,15.0,4.9,0.5,4.1,31,185.0,5.0,5.9,0,0,0,0,0,0.0,0,-4.1,-6.35,2.25,5.0,3.4,62.0,43.0,69.4,6.0,4.0,66.7,0.0,0.0,0,0.0,0.0,11.0,8.0,2.0,14.0,36.0,2.0,12.0
B. Braun Sheffield Sharks,Rodney Glasgow Jr,11,Rodney Glasgow Jr,37,15.7,581.4,143.0,3.9,57.0,141.0,40.4,19.0,62.0,30.6,10.0,10.0,100,6.0,28.0,34.0,45.0,8.0,2.0,19.0,29.0,152.1,13.7,5.0,1.6,1.2,100,243.0,6.6,8.6,5,1.7,3,2,64.4,3.9,3,-4.09,-5.7,1.61,2.2,4.2,11.0,5.0,45.5,29.0,17.0,58.6,4.0,1.0,25,0.0,0.0,11.0,5.0,0.0,3.0,12.0,16.0,12.0
B. Braun Sheffield Sharks,Mike Ochereobia,15,Mike Ochereobia,37,13.7,507.9,132.0,3.6,53.0,90.0,58.9,0.0,0.0,0,26.0,43.0,60.5,67.0,62.0,129.0,16.0,12.0,4.0,30.0,78.0,69.0,7.1,4.7,0.6,4.5,34,166.0,4.5,5.9,5,1.2,3,2,64.4,3.9,4,-4.07,-6.33,2.26,4.4,4.3,66.0,44.0,66.7,7.0,3.0,42.9,0.0,0.0,0,0.0,0.0,3.0,10.0,4.0,13.0,48.0,4.0,16.0
Newcastle Eagles,Ray'sean Taylor,3,Ray'sean Taylor,36,29.5,1060.9,642.0,17.8,208.0,452.0,46,74.0,219.0,33.8,152.0,189.0,80.4,28.0,134.0,162.0,169.0,55.0,3.0,75.0,94.0,558.9,26.4,19.9,5.2,5.0,372,1014.0,28.2,31.4,31,3.1,20,12,61.3,28.3,10,4.41,0.32,4.09,2.2,1.0,121.0,88.0,72.7,36.0,15.0,41.7,56.0,19.0,33.9,0.0,0.0,44.0,16.0,0.0,15.0,41.0,110.0,99.0
Leicester Riders,Victor Ndoukou,25,Victor Ndoukou,36,15.6,562.2,140.0,3.9,46.0,117.0,39.3,23.0,69.0,33.3,25.0,32.0,78.1,12.0,50.0,62.0,20.0,7.0,4.0,25.0,51.0,138.3,12.9,4.6,0.7,2.0,43,183.0,5.1,6.0,9,3.0,2,4,119.7,4.8,3,-4.93,-6.31,1.38,3.2,4.5,19.0,15.0,78.9,4.0,2.0,50,4.0,2.0,50,0.0,0.0,14.0,9.0,0.0,2.0,9.0,21.0,22.0
Newcastle Eagles,Sauveur Kande,9,Sauveur Kande,36,7.7,277.7,74.0,2.1,25.0,54.0,46.3,20.0,40.0,50,4.0,6.0,66.7,3.0,21.0,24.0,5.0,5.0,4.0,3.0,30.0,54.4,9.8,2.3,0.2,0.7,10,84.0,2.3,2.6,0,0,0,0,0,0.0,0,-2.03,-4.74,2.71,3.2,4.2,6.0,2.0,33.3,2.0,1.0,50,1.0,1.0,100,0.0,0.0,3.0,0.0,0.0,0.0,0.0,21.0,16.0
Cheshire Phoenix,Lukasz Paradysz,6,Lukasz Paradysz,36,0.1,3.9,4.0,0.1,2.0,3.0,66.7,0.0,1.0,0,0.0,1.0,0,1.0,0.0,1.0,0.0,1.0,0.0,0.0,1.0,2.3,28.6,0.1,0.0,0.0,0,4.0,0.1,0.1,0,0.0,1,0,0.0,1.0,1,15.18,4.23,10.95,2.9,3.9,2.0,2.0,100,0.0,0.0,0,0.0,0.0,0,0.0,0.0,0.0,0.0,0.0,0.0,2.0,0.0,0.0
Newcastle Eagles,Maceo Jack,14,Maceo Jack,35,30.8,1079.5,541.0,15.5,189.0,397.0,47.6,39.0,118.0,33.1,124.0,150.0,82.7,25.0,130.0,155.0,69.0,27.0,10.0,55.0,82.0,473.3,22.0,16.8,2.1,4.8,167,708.0,20.2,21.9,29,2.2,21,10,57.1,27.4,13,-1.1,-3.6,2.5,3.3,2.8,109.0,76.0,69.7,66.0,29.0,43.9,7.0,3.0,42.9,0.0,0.0,12.0,34.0,0.0,9.0,43.0,103.0,81.0
Surrey 89ers,Isiah Small,0,Isiah Small,35,29.5,1032.1,516.0,14.7,190.0,405.0,46.9,29.0,85.0,34.1,107.0,148.0,72.3,96.0,202.0,298.0,116.0,38.0,26.0,73.0,100.0,429.2,21.4,16.4,3.7,9.5,252,768.0,21.9,24.4,14,2.0,11,5,53.0,14.2,7,1.31,-1.84,3.16,4.3,2.8,189.0,120.0,63.5,33.0,13.0,39.4,1.0,0.0,0,0.0,0.0,32.0,27.0,0.0,14.0,99.0,75.0,75.0
Caledonia Gladiators,Matthew Ragsdale,24,Matthew Ragsdale,35,27.1,948.8,509.0,14.5,192.0,456.0,42.1,91.0,274.0,33.2,34.0,40.0,85,9.0,60.0,69.0,55.0,19.0,4.0,44.0,41.0,488.3,26.8,18.6,2.0,2.5,114,623.0,17.8,22.8,29,3.6,17,8,70.7,20.5,8,-2.99,-2.26,-0.73,2.4,2.9,49.0,36.0,73.5,63.0,35.0,55.6,21.0,6.0,28.6,0.0,0.0,24.0,11.0,0.0,9.0,39.0,99.0,82.0
Caledonia Gladiators,Ethan Wright,40,Ethan Wright,35,24.4,853.2,432.0,12.3,162.0,369.0,43.9,54.0,156.0,34.6,54.0,69.0,78.3,60.0,138.0,198.0,99.0,44.0,13.0,69.0,68.0,392.0,23.9,15.8,3.6,7.3,216,648.0,18.5,23.7,13,1.9,13,3,45.4,16.3,7,0.99,-1.68,2.67,3.5,2.2,130.0,78.0,60,11.0,4.0,36.4,20.0,6.0,30,0.0,0.0,36.0,24.0,0.0,9.0,60.0,103.0,66.0
Caledonia Gladiators,Charles Jett Speelman,22,Charles Jett Speelman; Charles Jet Speelman,35,24.0,838.3,359.0,10.3,135.0,306.0,44.1,51.0,126.0,40.5,38.0,47.0,80.9,46.0,113.0,159.0,49.0,13.0,2.0,60.0,77.0,327.1,20.3,13.2,1.8,5.8,105,464.0,13.3,17.0,5,1.2,6,2,36.3,6.9,4,-5.06,-4.98,-0.07,3.7,3.2,75.0,46.0,61.3,24.0,10.0,41.7,3.0,2.0,66.7,0.0,0.0,22.0,21.0,0.0,17.0,59.0,20.0,26.0
Bristol Flyers,Owen Mccormack,13,Owen Mccormack,35,23.2,810.9,300.0,8.6,102.0,233.0,43.8,55.0,143.0,38.5,41.0,56.0,73.2,39.0,146.0,185.0,69.0,16.0,11.0,56.0,82.0,263.7,17.1,10.0,2.3,6.2,160,460.0,13.1,15.4,10,2.0,6,0,83.3,7.0,5,-0.49,-4.43,3.95,4.0,3.0,57.0,37.0,64.9,4.0,2.0,50,0.0,0.0,0,0.0,0.0,28.0,22.0,1.0,5.0,40.0,15.0,29.0
Leicester Riders,Aaron Menzies,12,Aaron Menzies,35,16.5,578.2,213.0,6.1,83.0,143.0,58,0.0,1.0,0,47.0,78.0,60.3,70.0,131.0,201.0,28.0,7.0,19.0,58.0,89.0,158.7,14.4,7.0,0.9,6.6,66,279.0,8.0,9.2,12,2.4,9,3,58.1,10.3,5,-4.05,-6.28,2.23,5.0,3.5,101.0,65.0,64.4,3.0,2.0,66.7,0.0,0.0,0,0.0,0.0,9.0,31.0,3.0,15.0,50.0,10.0,22.0
Caledonia Gladiators,Fraser Malcolm,7,Fraser Malcolm,35,21.6,756.3,204.0,5.8,71.0,190.0,37.4,39.0,130.0,30,23.0,29.0,79.3,22.0,84.0,106.0,43.0,12.0,12.0,17.0,38.0,189.8,13.1,7.5,1.6,3.9,96,300.0,8.6,11.0,1,0.3,3,2,12.9,3.9,3,-3.9,-4.77,0.87,3.5,4.2,32.0,21.0,65.6,4.0,1.0,25,3.0,0.0,0,0.0,0.0,12.0,3.0,0.0,2.0,18.0,36.0,34.0
Caledonia Gladiators,Daniel Carr,14,Daniel Carr,35,6.2,216.2,76.0,2.2,33.0,72.0,45.8,7.0,21.0,33.3,3.0,6.0,50,17.0,36.0,53.0,18.0,0.0,4.0,11.0,17.0,65.9,15.9,2.8,0.7,1.9,42,118.0,3.4,4.3,2,2.0,1,0,100.0,1.0,1,-4.12,-4.58,0.47,4.4,3.6,20.0,13.0,65,4.0,2.0,50,0.0,0.0,0,0.0,0.0,7.0,4.0,0.0,0.0,6.0,2.0,6.0
B. Braun Sheffield Sharks,Prentiss Nixon,2,Prentiss Nixon,34,22.9,776.9,401.0,11.8,136.0,340.0,40,47.0,152.0,30.9,82.0,94.0,87.2,13.0,91.0,104.0,122.0,24.0,1.0,58.0,70.0,409.3,27.6,14.1,4.3,3.7,270,671.0,19.7,23.7,24,2.7,13,10,69.0,19.4,9,-0.5,-2.95,2.46,2.1,2.2,61.0,39.0,63.9,40.0,22.0,55,9.0,4.0,44.4,0.0,0.0,36.0,18.0,0.0,4.0,20.0,62.0,45.0
Manchester Basketball,Duke Shelton,30,Duke Shelton,34,8.0,272.8,117.0,3.4,41.0,63.0,65.1,0.0,0.0,0,35.0,49.0,71.4,34.0,73.0,107.0,8.0,4.0,14.0,17.0,48.0,64.9,11.9,3.5,0.2,3.2,21,138.0,4.1,4.1,0,0,0,0,0,0.0,0,0.15,-3.63,3.78,5.0,3.4,52.0,35.0,67.3,0.0,0.0,0,0.0,0.0,0,0.0,0.0,4.0,6.0,0.0,7.0,20.0,9.0,9.0
Bristol Flyers,Joseph Anderson,22,Joseph Anderson,33,30.0,989.7,409.0,12.4,152.0,376.0,40.4,62.0,196.0,31.6,43.0,57.0,75.4,13.0,66.0,79.0,181.0,57.0,1.0,46.0,50.0,416.7,22.1,13.7,6.1,2.6,403,812.0,24.6,27.1,23,2.6,15,15,53.2,22.6,9,1.85,-1.82,3.66,1.0,2.0,70.0,48.0,68.6,30.0,12.0,40,14.0,7.0,50,0.0,0.0,30.0,13.0,0.0,3.0,32.0,58.0,69.0
Surrey 89ers,Andrew Lawrence,4,Andrew Lawrence,33,10.3,339.5,77.0,2.3,28.0,73.0,38.4,10.0,39.0,25.6,11.0,16.0,68.8,5.0,26.0,31.0,73.0,18.0,1.0,18.0,40.0,89.3,13.5,2.4,2.3,1.0,165,242.0,7.3,7.7,0,0.0,2,0,0.0,2.0,1,-1.85,-4.68,2.83,1.3,2.9,16.0,8.0,50,8.0,5.0,62.5,2.0,1.0,50,0.0,0.0,11.0,4.0,1.0,2.0,3.0,20.0,7.0
London Lions,Joel Scott,1,Joel Scott,32,22.8,729.4,403.0,12.6,144.0,268.0,53.7,24.0,61.0,39.3,91.0,123.0,74,79.0,105.0,184.0,41.0,17.0,11.0,31.0,69.0,263.2,19.8,12.0,1.2,5.5,93,496.0,15.5,14.7,9,1.8,6,5,54.9,10.2,5,6.57,1.16,5.41,4.3,2.7,144.0,97.0,67.4,19.0,12.0,63.2,1.0,0.0,0,0.0,0.0,10.0,16.0,1.0,4.0,66.0,55.0,55.0
Newcastle Eagles,Deion Hammond,8,Deion Hammond,32,27.2,871.9,350.0,10.9,126.0,313.0,40.3,75.0,197.0,38.1,23.0,27.0,85.2,10.0,79.0,89.0,41.0,36.0,9.0,29.0,87.0,330.1,19.0,10.8,1.3,2.8,88,438.0,13.7,13.6,12,2.0,8,1,71.1,9.4,6,-1.7,-4.49,2.79,2.8,3.8,35.0,22.0,62.9,32.0,12.0,37.5,8.0,3.0,37.5,0.0,0.0,10.0,15.0,0.0,4.0,26.0,68.0,54.0
Caledonia Gladiators,Totonitoluwa Fagbenle,11,Totonitoluwa Fagbenle,32,13.4,429.1,110.0,3.4,45.0,99.0,45.5,5.0,18.0,27.8,15.0,28.0,53.6,23.0,50.0,73.0,20.0,22.0,18.0,29.0,52.0,112.6,13.7,4.0,0.7,2.7,45,155.0,4.8,5.7,2,2.0,1,2,53.2,1.9,1,-5.24,-8.21,2.97,4.1,4.4,54.0,33.0,61.1,10.0,3.0,30,0.0,0.0,0,0.0,0.0,12.0,11.0,0.0,6.0,14.0,23.0,23.0
Caledonia Gladiators,Kyle Jimenez,6,Kyle Jimenez,32,16.9,542.0,95.0,3.0,30.0,87.0,34.5,6.0,33.0,18.2,29.0,36.0,80.6,16.0,40.0,56.0,104.0,11.0,0.0,47.0,66.0,128.5,12.3,3.5,3.8,2.1,241,336.0,10.5,12.3,9,9.0,1,8,99.6,4.5,1,-7.98,-8.2,0.22,1.9,2.9,27.0,14.0,51.9,6.0,3.0,50,0.0,0.0,0,0.0,0.0,30.0,15.0,0.0,2.0,2.0,6.0,11.0
B. Braun Sheffield Sharks,Reyad West,6,Reyad West,32,0.6,20.2,7.0,0.2,2.0,6.0,33.3,1.0,3.0,33.3,2.0,2.0,100,0.0,0.0,0.0,1.0,0.0,0.0,4.0,2.0,10.4,27.0,0.2,0.0,0.0,3,10.0,0.3,0.4,0,0,0,0,0,0.0,0,-15.14,-13.0,-2.14,2.7,4.1,1.0,0.0,0,0.0,0.0,0,0.0,0.0,0,0.0,0.0,1.0,2.0,0.0,1.0,0.0,0.0,0.0
Leicester Riders,Olutomiwa Sulaiman,10,Tomiwa Sulaiman; Olutomiwa Sulaiman,31,17.7,548.5,170.0,5.5,66.0,160.0,41.2,15.0,58.0,25.9,23.0,28.0,82.1,31.0,87.0,118.0,33.0,17.0,13.0,33.0,44.0,167.3,16.0,5.6,1.1,3.9,64,234.0,7.5,7.7,3,3.0,1,3,64.7,2.3,1,-2.6,-5.27,2.67,4.2,4.2,55.0,36.0,65.5,7.0,4.0,57.1,1.0,1.0,100,0.0,0.0,14.0,13.0,0.0,6.0,30.0,18.0,24.0
Newcastle Eagles,Gus Okafor,99,Gus Okafor,30,26.2,785.9,366.0,12.2,110.0,279.0,39.4,53.0,142.0,37.3,93.0,139.0,66.9,35.0,107.0,142.0,49.0,21.0,11.0,29.0,66.0,320.8,20.5,11.3,1.5,4.4,106,472.0,15.7,14.6,13,1.6,10,8,48.1,14.5,8,-0.65,-3.01,2.36,3.8,3.4,77.0,41.0,53.2,23.0,6.0,26.1,10.0,3.0,30,0.0,0.0,11.0,10.0,0.0,8.0,42.0,30.0,32.0
Caledonia Gladiators,Ria'n Holland,10,Ria'n Holland; Rian Holland,30,25.4,762.4,305.0,10.2,109.0,251.0,43.4,43.0,104.0,41.3,44.0,61.0,72.1,23.0,73.0,96.0,110.0,68.0,2.0,39.0,66.0,282.1,19.3,11.2,4.0,3.5,241,546.0,18.2,20.0,5,1.0,7,2,31.7,7.9,5,1.74,-2.49,4.24,1.4,2.3,45.0,31.0,68.9,38.0,18.0,47.4,11.0,5.0,45.5,0.0,0.0,21.0,16.0,0.0,2.0,24.0,50.0,42.0
London Lions,Morayo Soluade,6,Morayo Soluade,30,13.6,409.1,107.0,3.6,36.0,89.0,40.4,27.0,70.0,38.6,8.0,9.0,88.9,14.0,36.0,50.0,57.0,13.0,0.0,33.0,34.0,107.5,14.4,3.2,1.7,1.5,127,234.0,7.8,7.0,3,1.5,2,0,75.0,2.0,2,2.41,-3.09,5.49,2.1,3.2,9.0,5.0,55.6,5.0,1.0,20,4.0,1.0,25,0.0,0.0,25.0,5.0,0.0,3.0,0.0,8.0,16.0
London Lions,Matthew Goodwin,22/55,Matthew Goodwin,30,5.3,159.3,40.0,1.3,13.0,41.0,31.7,7.0,26.0,26.9,7.0,7.0,100,4.0,16.0,20.0,8.0,4.0,1.0,11.0,19.0,49.0,16.9,1.2,0.2,0.6,331,371.0,12.4,11.0,2,2.0,1,0,100.0,1.0,1,-3.35,-8.02,4.67,3.0,4.8,2.0,0.0,0,4.0,2.0,50,1.0,0.0,0,0.0,0.0,6.0,4.0,0.0,1.0,3.0,5.0,5.0
Surrey 89ers,Joshua Smith-White,1/33/44,Joshua Smith-White,30,0.3,10.5,6.0,0.2,2.0,6.0,33.3,1.0,5.0,20,1.0,2.0,50,0.0,2.0,2.0,0.0,0.0,0.0,0.0,1.0,6.6,32.4,0.2,0.0,0.1,78,84.0,2.8,2.7,0,0,0,0,0,0.0,0,-9.38,-6.85,-2.53,3.2,4.2,0.0,0.0,0,0.0,0.0,0,0.0,0.0,0,0.0,0.0,0.0,0.0,0.0,0.0,0.0,2.0,0.0
London Lions,Kameron Mcgusty,23,Kameron Mcgusty,29,22.0,637.4,307.0,10.6,116.0,263.0,44.1,23.0,70.0,32.9,52.0,75.0,69.3,10.0,64.0,74.0,96.0,33.0,6.0,38.0,53.0,311.0,26.8,9.1,2.9,2.2,214,521.0,18.0,15.5,13,2.2,6,7,71.6,10.1,6,4.52,-2.05,6.57,1.9,2.7,62.0,39.0,62.9,72.0,33.0,45.8,9.0,2.0,22.2,0.0,0.0,21.0,13.0,0.0,4.0,34.0,26.0,36.0
Leicester Riders,Seth Wylie,43,Seth Wylie,28,0.7,20.2,6.0,0.2,2.0,4.0,50,2.0,2.0,100,0.0,0.0,0,0.0,0.0,0.0,0.0,0.0,0.0,1.0,2.0,4.8,12.4,0.2,0.0,0.0,0,6.0,0.2,0.2,0,0,0,0,0,0.0,0,-4.71,-4.67,-0.04,2.8,4.0,0.0,0.0,0,0.0,0.0,0,0.0,0.0,0,0.0,0.0,1.0,0.0,0.0,0.0,0.0,0.0,3.0
London Lions,Chaundee Brown Jr,15,Chaundee Brown Jr,27,24.6,663.5,336.0,12.4,125.0,230.0,54.3,40.0,100.0,40,46.0,58.0,79.3,23.0,97.0,120.0,31.0,15.0,5.0,20.0,47.0,242.4,20.0,10.0,0.9,3.6,71,407.0,15.1,12.1,6,1.5,4,0,75.0,5.0,4,6.54,0.6,5.94,3.5,2.8,90.0,64.0,71.1,12.0,10.0,83.3,0.0,0.0,0,0.0,0.0,3.0,10.0,0.0,7.0,46.0,72.0,59.0
B. Braun Sheffield Sharks,William Lee,4,William Lee,27,20.4,551.1,232.0,8.6,88.0,163.0,54,33.0,74.0,44.6,23.0,32.0,71.9,31.0,141.0,172.0,23.0,22.0,33.0,21.0,53.0,160.4,15.2,8.2,0.8,6.1,47,279.0,10.3,9.8,0,0.0,3,0,0.0,3.0,3,4.83,-0.79,5.63,5.0,3.2,47.0,37.0,78.7,8.0,4.0,50,2.0,0.0,0,0.0,0.0,10.0,6.0,0.0,5.0,27.0,43.0,35.0
Surrey 89ers,Tyrin Lawrence,10/33,Tyrin Lawrence,25,29.9,746.9,403.0,16.1,151.0,305.0,49.5,21.0,92.0,22.8,80.0,109.0,73.4,12.0,100.0,112.0,88.0,35.0,10.0,74.0,50.0,398.4,27.5,12.8,2.8,3.6,213,616.0,24.6,19.6,24,3.0,13,10,69.0,20.4,8,-0.69,-3.34,2.66,2.5,2.5,94.0,67.0,71.3,30.0,14.0,46.7,8.0,5.0,62.5,0.0,0.0,30.0,31.0,0.0,13.0,23.0,102.0,63.0
Leicester Riders,Spencer Johnson,20,Spencer Johnson,25,29.5,737.8,295.0,11.8,97.0,213.0,45.5,30.0,78.0,38.5,71.0,90.0,78.9,45.0,107.0,152.0,60.0,27.0,5.0,47.0,32.0,244.4,17.3,9.7,2.0,5.0,122,417.0,16.7,13.7,28,4.0,13,13,74.8,19.7,7,0.82,-1.89,2.71,3.3,3.0,67.0,40.0,59.7,14.0,5.0,35.7,4.0,2.0,50,0.0,0.0,20.0,22.0,0.0,5.0,36.0,47.0,37.0
Leicester Riders,Nathaniel Martin,41,Nathaniel Martin,25,24.9,622.2,209.0,8.4,89.0,163.0,54.6,0.0,0.0,0,31.0,55.0,56.4,68.0,114.0,182.0,42.0,13.0,12.0,26.0,51.0,139.4,11.7,6.9,1.4,6.0,99,308.0,12.3,10.1,7,1.4,5,4,51.8,7.8,5,-0.4,-2.76,2.36,4.9,3.6,101.0,59.0,58.4,14.0,10.0,71.4,0.0,0.0,0,0.0,0.0,14.0,6.0,0.0,6.0,38.0,20.0,24.0
Manchester Basketball,Kaiyem Cleary,9,Kaiyem Cleary,24,24.0,576.0,287.0,12.0,99.0,228.0,43.4,29.0,97.0,29.9,60.0,64.0,93.8,28.0,80.0,108.0,32.0,13.0,17.0,25.0,54.0,243.0,21.0,8.5,0.9,3.2,73,360.0,15.0,10.7,13,1.9,9,4,60.4,12.8,7,0.27,-2.64,2.91,3.9,3.4,55.0,33.0,60,11.0,6.0,54.5,0.0,0.0,0,0.0,0.0,6.0,14.0,0.0,5.0,30.0,35.0,41.0
Newcastle Eagles,Terrell Burden Jr,1,Terrell Burden; Terrell Burden Jr,24,21.7,521.8,231.0,9.6,78.0,158.0,49.4,12.0,43.0,27.9,63.0,96.0,65.6,8.0,59.0,67.0,90.0,30.0,4.0,40.0,60.0,223.0,21.4,7.2,2.8,2.1,207,438.0,18.2,13.6,4,0.8,2,6,43.1,5.6,5,0.48,-3.86,4.35,1.9,1.6,70.0,50.0,71.4,9.0,4.0,44.4,12.0,5.0,41.7,0.0,0.0,18.0,16.0,0.0,6.0,17.0,35.0,30.0
Caledonia Gladiators,Lloyd Alvin Bryan Jr,56,Lloyd Alvin Bryan Jr; Lloyd Bryan Jr,23,20.1,461.8,206.0,9.0,76.0,152.0,50,3.0,9.0,33.3,51.0,69.0,73.9,58.0,61.0,119.0,36.0,4.0,11.0,37.0,62.0,154.9,17.5,7.5,1.3,4.4,84,290.0,12.6,10.6,1,1.0,0,2,56.8,0.9,1,-4.48,-5.12,0.64,4.9,2.9,78.0,42.0,53.8,9.0,4.0,44.4,0.0,0.0,0,0.0,0.0,8.0,18.0,2.0,9.0,37.0,8.0,26.0
Newcastle Eagles,Darius Defoe,13,Darius Defoe,23,7.6,173.8,45.0,2.0,18.0,43.0,41.9,1.0,5.0,20,8.0,10.0,80,3.0,12.0,15.0,9.0,4.0,2.0,12.0,30.0,54.1,15.6,1.4,0.3,0.5,23,68.0,3.0,2.1,0,0.0,1,0,0.0,1.0,1,-8.84,-10.92,2.07,3.0,4.5,8.0,6.0,75,12.0,4.0,33.3,0.0,0.0,0,0.0,0.0,4.0,1.0,0.0,7.0,2.0,2.0,4.0
Manchester Basketball,Gabriel Osabuohien,3,Gabriel Osabuohien,23,12.5,287.2,43.0,1.9,18.0,44.0,40.9,0.0,3.0,0,7.0,25.0,28,39.0,51.0,90.0,55.0,21.0,11.0,44.0,74.0,57.6,10.0,1.3,1.6,2.7,220,263.0,11.4,7.8,4,4.0,1,2,106.4,1.9,1,-2.8,-9.81,7.01,3.7,3.4,29.0,13.0,44.8,0.0,0.0,0,0.0,0.0,0,0.0,0.0,21.0,12.0,0.0,11.0,10.0,2.0,8.0
Manchester Basketball,Oluwademilade Babalola,10/3,Oluwademilade Babalola,23,0.5,12.6,6.0,0.3,1.0,3.0,33.3,1.0,3.0,33.3,3.0,3.0,100,0.0,1.0,1.0,0.0,0.0,0.0,0.0,4.0,4.1,16.5,0.2,0.0,0.0,220,226.0,9.8,6.7,0,0.0,1,0,0.0,1.0,1,-4.23,-6.73,2.5,3.1,3.9,0.0,0.0,0,0.0,0.0,0,0.0,0.0,0,0.0,0.0,0.0,0.0,0.0,0.0,0.0,0.0,0.0
Cheshire Phoenix,Rafi Pierre-Louis,15,Rafi Pierre-Louis,23,0.0,0.6,0.0,0.0,0.0,1.0,0,0.0,0.0,0,0.0,0.0,0,0.0,0.0,0.0,0.0,0.0,0.0,0.0,0.0,1.0,76.9,0.0,0.0,0.0,0,0.0,0.0,0.0,0,0,0,0,0,0.0,0,-74.81,-49.47,-25.34,3.0,4.0,0.0,0.0,0,0.0,0.0,0,0.0,0.0,0,0.0,0.0,0.0,0.0,0.0,0.0,0.0,0.0,0.0
Caledonia Gladiators,Malcolm Delpeche,15,Malcolm Delpeche,22,14.9,328.9,135.0,6.1,59.0,117.0,50.4,0.0,2.0,0,17.0,44.0,38.6,45.0,50.0,95.0,21.0,10.0,4.0,21.0,43.0,107.9,17.1,4.9,0.8,3.5,88,223.0,10.1,8.2,7,2.3,4,2,71.7,5.9,3,-5.48,-5.77,0.28,4.6,3.7,67.0,45.0,67.2,6.0,0.0,0,0.0,0.0,0,0.0,0.0,10.0,9.0,0.0,2.0,30.0,15.0,24.0
Leicester Riders,Michael Akintomide Akinsiku,0/5/8,Michael Akintomide Akinsiku,21,9.5,198.8,43.0,2.0,20.0,40.0,50,0.0,0.0,0,3.0,17.0,17.6,17.0,41.0,58.0,5.0,6.0,7.0,8.0,29.0,36.9,9.7,1.4,0.2,1.9,87,130.0,6.2,4.3,0,0,0,0,0,0.0,0,-4.48,-7.14,2.67,5.0,5.0,26.0,15.0,57.7,1.0,0.0,0,0.0,0.0,0,0.0,0.0,3.0,3.0,0.0,2.0,10.0,0.0,4.0
B. Braun Sheffield Sharks,Jalen Deloach,23,Jalen Deloach,20,18.6,371.4,156.0,7.8,60.0,99.0,60.6,3.0,13.0,23.1,33.0,67.0,49.3,29.0,77.0,106.0,28.0,8.0,15.0,29.0,53.0,123.3,17.4,5.5,1.0,3.7,59,215.0,10.8,7.6,1,0.5,1,2,26.6,2.9,2,-0.38,-4.99,4.61,5.0,3.1,63.0,49.0,77.8,2.0,2.0,100,0.0,0.0,0,0.0,0.0,7.0,12.0,1.0,9.0,18.0,10.0,21.0
Caledonia Gladiators,Dwaine Jones Jr,5,Dwaine Jones Jr,20,23.9,478.2,138.0,6.9,58.0,157.0,36.9,8.0,46.0,17.4,14.0,26.0,53.8,12.0,37.0,49.0,91.0,15.0,3.0,47.0,41.0,195.3,21.3,5.1,3.3,1.8,197,335.0,16.8,12.3,6,2.0,6,1,46.6,8.4,3,-7.78,-7.59,-0.19,1.8,3.0,50.0,29.0,58,18.0,9.0,50,7.0,0.0,0,0.0,0.0,33.0,7.0,0.0,7.0,11.0,30.0,27.0
Bristol Flyers,Evan Walshe,77,Evan Walshe,20,14.8,296.6,70.0,3.5,25.0,61.0,41,4.0,16.0,25,16.0,23.0,69.6,7.0,31.0,38.0,33.0,13.0,1.0,24.0,43.0,84.6,15.0,2.3,1.1,1.3,65,135.0,6.8,4.5,5,1.7,2,3,75.3,4.3,3,-5.23,-9.55,4.32,2.5,3.7,31.0,16.0,51.6,1.0,0.0,0,0.0,0.0,0,0.0,0.0,15.0,7.0,0.0,2.0,9.0,16.0,12.0
Surrey 89ers,Timothy Nwankwo,19,Timothy Nwankwo,20,10.6,212.0,47.0,2.4,21.0,44.0,47.7,3.0,10.0,30,2.0,4.0,50,18.0,19.0,37.0,14.0,4.0,12.0,13.0,23.0,39.1,9.5,1.5,0.4,1.2,35,82.0,4.1,2.6,0,0,0,0,0,0.0,0,-3.13,-5.9,2.77,4.2,4.4,21.0,16.0,76.2,0.0,0.0,0,0.0,0.0,0,0.0,0.0,3.0,1.0,0.0,9.0,10.0,7.0,4.0
Surrey 89ers,Timothy Nwanko,19,Timothy Nwanko,20,7.2,144.7,31.0,1.6,14.0,31.0,45.2,0.0,3.0,0,3.0,8.0,37.5,11.0,22.0,33.0,3.0,8.0,5.0,15.0,25.0,37.0,13.2,1.0,0.1,1.0,35,66.0,3.3,2.1,0,0,0,0,0,0.0,0,-8.24,-11.0,2.77,4.1,5.0,18.0,11.0,61.1,2.0,1.0,50,0.0,0.0,0,0.0,0.0,6.0,5.0,0.0,4.0,8.0,8.0,6.0
Leicester Riders,Oscar Curran,0,Oscar Curran,20,0.6,11.2,0.0,0.0,0.0,1.0,0,0.0,1.0,0,0.0,0.0,0,0.0,1.0,1.0,1.0,0.0,0.0,1.0,1.0,1.9,8.9,0.0,0.0,0.0,3,3.0,0.1,0.1,0,0,0,0,0,0.0,0,-12.56,-12.62,0.06,2.9,4.1,0.0,0.0,0,0.0,0.0,0,0.0,0.0,0,0.0,0.0,1.0,0.0,0.0,0.0,0.0,0.0,0.0
Leicester Riders,Raequan Battle,21/7,Raequan Battle,19,30.4,577.9,397.0,20.9,133.0,289.0,46,67.0,159.0,42.1,64.0,73.0,87.7,9.0,69.0,78.0,24.0,20.0,6.0,36.0,53.0,334.2,30.2,13.1,0.8,2.6,54,451.0,23.7,14.8,22,3.7,10,5,90.2,12.2,6,3.04,0.78,2.26,3.1,2.1,61.0,39.0,63.9,17.0,8.0,47.1,9.0,5.0,55.6,0.0,0.0,12.0,15.0,0.0,9.0,32.0,45.0,65.0
B. Braun Sheffield Sharks,Mervin James,5,Mervin James,19,16.8,319.4,202.0,10.6,74.0,163.0,45.4,9.0,27.0,33.3,45.0,55.0,81.8,20.0,73.0,93.0,15.0,6.0,5.0,31.0,26.0,190.3,31.2,7.1,0.5,3.3,60,262.0,13.8,9.2,10,2.5,6,4,64.4,8.8,4,-2.68,-4.49,1.81,4.7,3.2,76.0,46.0,60.5,15.0,4.0,26.7,1.0,1.0,100,0.0,0.0,13.0,11.0,0.0,7.0,24.0,34.0,23.0
London Lions,Ovie Soko,0,Ovie Soko,19,11.1,210.8,68.0,3.6,22.0,44.0,50,0.0,1.0,0,24.0,42.0,57.1,25.0,38.0,63.0,7.0,11.0,3.0,16.0,40.0,51.3,13.4,2.0,0.2,1.9,16,84.0,4.4,2.5,0,0,0,0,0,0.0,0,-0.55,-6.79,6.24,4.4,4.4,30.0,18.0,60,5.0,1.0,20,0.0,0.0,0,0.0,0.0,3.0,7.0,0.0,6.0,10.0,6.0,6.0
Surrey 89ers,Maximilian Coupe,33/44,Maximilian Coupe,19,1.2,23.8,6.0,0.3,1.0,3.0,33.3,0.0,1.0,0,4.0,5.0,80,0.0,1.0,1.0,3.0,1.0,0.0,3.0,7.0,7.9,17.1,0.2,0.1,0.0,35,41.0,2.2,1.3,0,0,0,0,0,0.0,0,-10.39,-13.14,2.75,2.6,3.8,2.0,1.0,50,0.0,0.0,0,0.0,0.0,0,0.0,0.0,2.0,1.0,0.0,0.0,0.0,2.0,2.0
Bristol Flyers,Milos Dugalic,25,Milos Dugalic,18,15.3,275.6,71.0,3.9,25.0,85.0,29.4,7.0,29.0,24.1,14.0,24.0,58.3,15.0,46.0,61.0,18.0,12.0,3.0,21.0,35.0,97.5,18.6,2.4,0.6,2.0,40,111.0,6.2,3.7,0,0.0,1,0,0.0,1.0,1,-7.31,-10.61,3.3,3.7,4.9,45.0,16.0,35.6,1.0,0.0,0,0.0,0.0,0,0.0,0.0,12.0,5.0,0.0,4.0,8.0,3.0,7.0
Leicester Riders,Donald Carey Jr,13,Donald Carey Jr,17,32.5,551.7,271.0,15.9,83.0,197.0,42.1,32.0,90.0,35.6,73.0,81.0,90.1,13.0,60.0,73.0,118.0,30.0,0.0,69.0,31.0,277.1,26.3,8.9,3.9,2.4,241,512.0,30.1,16.8,18,3.6,11,6,66.0,16.6,5,1.35,-0.57,1.92,1.1,1.0,53.0,31.0,58.5,11.0,5.0,45.5,9.0,6.0,66.7,0.0,0.0,38.0,26.0,0.0,5.0,23.0,46.0,36.0
Bristol Flyers,Cameron Christon,1,Cameron Christon,16,21.5,344.0,158.0,9.9,57.0,120.0,47.5,20.0,57.0,35.1,24.0,30.0,80,13.0,25.0,38.0,15.0,8.0,4.0,20.0,46.0,134.6,20.5,5.3,0.5,1.3,30,188.0,11.8,6.3,9,3.0,4,4,78.1,5.8,3,-2.37,-5.21,2.84,3.1,3.1,35.0,21.0,60,2.0,2.0,100,0.0,0.0,0,0.0,0.0,8.0,6.0,0.0,6.0,16.0,32.0,21.0
Newcastle Eagles,Josh Ward-Hibbert,2,Josh Ward-Hibbert,16,14.6,233.6,67.0,4.2,22.0,63.0,34.9,5.0,29.0,17.2,18.0,20.0,90,7.0,25.0,32.0,18.0,15.0,5.0,12.0,14.0,73.7,15.8,2.1,0.6,1.0,27,94.0,5.9,2.9,5,5.0,2,0,125.0,2.0,1,-1.53,-5.9,4.37,2.9,4.2,17.0,10.0,58.8,3.0,3.0,100,2.0,1.0,50,0.0,0.0,5.0,4.0,0.0,3.0,11.0,11.0,12.0
Manchester Basketball,Kayne Henry,13,Kayne Henry,16,10.4,166.9,45.0,2.8,20.0,49.0,40.8,3.0,22.0,13.6,2.0,8.0,25,7.0,17.0,24.0,10.0,6.0,2.0,7.0,13.0,50.4,15.1,1.3,0.3,0.7,24,69.0,4.3,2.0,0,0.0,2,0,0.0,2.0,2,-4.14,-6.72,2.58,2.9,4.7,18.0,11.0,61.1,1.0,1.0,100,0.0,0.0,0,0.0,0.0,4.0,2.0,0.0,1.0,6.0,2.0,11.0
B. Braun Sheffield Sharks,Fahro Alihodzic,25,Fahro Alihodzic,15,22.7,340.2,188.0,12.5,75.0,125.0,60,0.0,0.0,0,38.0,57.0,66.7,35.0,50.0,85.0,32.0,20.0,3.0,21.0,53.0,130.6,20.1,6.6,1.1,3.0,69,257.0,17.1,9.1,1,0.5,2,2,17.4,3.9,2,3.53,-1.79,5.32,3.5,2.1,96.0,59.0,61.5,12.0,9.0,75,0.0,0.0,0,0.0,0.0,7.0,11.0,0.0,3.0,30.0,26.0,24.0
London Lions,Jonathan Williams,13,Jonathan Williams,14,21.1,295.2,132.0,9.4,57.0,97.0,58.8,0.0,2.0,0,18.0,31.0,58.1,23.0,39.0,62.0,19.0,12.0,8.0,29.0,36.0,112.0,20.8,3.9,0.6,1.8,45,177.0,12.6,5.3,5,5.0,2,2,86.8,2.9,1,2.03,-4.67,6.7,3.9,3.3,66.0,47.0,71.2,8.0,3.0,37.5,0.0,0.0,0,0.0,0.0,8.0,10.0,1.0,10.0,18.0,17.0,22.0
Leicester Riders,Michael Joiner,9,Michael Joiner,14,14.9,208.3,54.0,3.9,18.0,51.0,35.3,8.0,25.0,32,10.0,13.0,76.9,4.0,27.0,31.0,10.0,1.0,0.0,6.0,16.0,56.4,14.2,1.8,0.3,1.0,62,116.0,8.3,3.8,0,0,0,0,0,0.0,0,-5.2,-6.15,0.96,3.3,4.5,13.0,7.0,53.8,1.0,1.0,100,2.0,0.0,0,0.0,0.0,2.0,4.0,0.0,0.0,6.0,0.0,5.0
London Lions,Chasson Jermar Randle,2,Chasson Jermar Randle,13,19.2,249.6,117.0,9.0,40.0,82.0,48.8,21.0,52.0,40.4,16.0,17.0,94.1,4.0,24.0,28.0,23.0,5.0,1.0,14.0,27.0,95.5,21.0,3.5,0.7,0.8,52,169.0,13.0,5.0,2,2.0,2,0,50.0,2.0,1,4.76,-0.86,5.62,2.6,2.6,17.0,12.0,70.6,3.0,1.0,33.3,3.0,1.0,33.3,0.0,0.0,9.0,3.0,0.0,2.0,2.0,12.0,16.0
London Lions,Karolis Lukosiunas,16,Karolis Lukosiunas,13,16.3,211.3,78.0,6.0,27.0,58.0,46.6,24.0,50.0,48,0.0,0.0,0,4.0,16.0,20.0,14.0,11.0,0.0,11.0,31.0,62.4,16.2,2.3,0.4,0.6,27,105.0,8.1,3.1,0,0,0,0,0,0.0,0,4.77,-2.14,6.91,2.3,3.3,0.0,0.0,0,4.0,2.0,50,5.0,2.0,40,0.0,0.0,7.0,2.0,0.0,2.0,11.0,6.0,14.0
Surrey 89ers,Owen Koonce,1,Owen Koonce,13,13.7,178.5,57.0,4.4,21.0,51.0,41.2,6.0,23.0,26.1,9.0,13.0,69.2,9.0,19.0,28.0,19.0,12.0,4.0,12.0,21.0,57.3,16.5,1.8,0.6,0.9,43,100.0,7.7,3.2,3,1.5,1,3,64.7,2.3,2,-0.99,-5.06,4.06,2.7,3.8,15.0,11.0,73.3,3.0,0.0,0,0.0,0.0,0,0.0,0.0,7.0,4.0,0.0,1.0,11.0,8.0,10.0
Leicester Riders,Kedrian Johnson,1,Kedrian Johnson,12,35.3,423.7,230.0,19.2,73.0,144.0,50.7,17.0,43.0,39.5,67.0,73.0,91.8,5.0,32.0,37.0,40.0,15.0,2.0,33.0,27.0,196.0,24.2,7.6,1.3,1.2,113,343.0,28.6,11.3,12,3.0,8,5,58.8,12.2,4,1.12,-1.21,2.33,2.1,1.8,51.0,35.0,68.6,10.0,4.0,40,6.0,1.0,16.7,0.0,0.0,13.0,14.0,0.0,6.0,20.0,67.0,26.0
Caledonia Gladiators,Kevin Allen,0,Kevin Allen,12,24.6,295.5,205.0,17.1,79.0,136.0,58.1,0.0,4.0,0,47.0,54.0,87,25.0,57.0,82.0,20.0,4.0,4.0,30.0,21.0,158.2,27.9,7.5,0.7,3.0,39,244.0,20.3,8.9,3,3.0,3,2,38.7,4.9,1,0.84,-0.68,1.52,4.6,1.4,60.0,48.0,80,15.0,9.0,60,0.0,0.0,0,0.0,0.0,14.0,10.0,0.0,6.0,36.0,7.0,28.0
Leicester Riders,Marc Loving,2,Marc Loving,12,29.9,358.4,137.0,11.4,49.0,113.0,43.4,15.0,44.0,34.1,24.0,26.0,92.3,10.0,43.0,53.0,24.0,11.0,7.0,11.0,19.0,120.4,17.6,4.5,0.8,1.7,54,191.0,15.9,6.3,9,2.2,4,2,92.2,4.9,4,0.4,-2.49,2.89,3.3,3.5,34.0,20.0,58.8,10.0,6.0,60,1.0,1.0,100,0.0,0.0,7.0,4.0,0.0,0.0,8.0,18.0,15.0
Manchester Basketball,Gabriel Osbuhein,3,Gabriel Osbuhein,12,21.0,252.0,92.0,7.7,37.0,77.0,48.1,0.0,4.0,0,18.0,32.0,56.2,29.0,33.0,62.0,47.0,16.0,7.0,19.0,42.0,77.8,15.4,2.7,1.4,1.8,220,312.0,26.0,9.2,0,0.0,1,0,0.0,1.0,1,2.59,-3.34,5.93,3.0,2.7,54.0,28.0,51.9,2.0,1.0,50,1.0,0.0,0,0.0,0.0,10.0,5.0,0.0,4.0,12.0,6.0,16.0
Leicester Riders,Xavier Bledson,5,Xavier Bledson,11,27.2,299.7,110.0,10.0,33.0,106.0,31.1,11.0,43.0,25.6,33.0,41.0,80.5,7.0,27.0,34.0,33.0,11.0,0.0,23.0,17.0,134.4,23.5,3.6,1.1,1.1,72,182.0,16.5,6.0,10,2.5,2,7,98.4,5.1,4,-5.29,-6.13,0.84,2.1,3.8,25.0,10.0,40,8.0,2.0,25,8.0,2.0,25,0.0,0.0,14.0,9.0,0.0,0.0,6.0,21.0,17.0
Caledonia Gladiators,Nino Satha,3/4,Nino Satha,11,1.4,15.6,6.0,0.5,2.0,4.0,50,1.0,3.0,33.3,1.0,2.0,50,0.0,0.0,0.0,0.0,0.0,0.0,3.0,2.0,7.6,25.3,0.2,0.0,0.0,0,6.0,0.5,0.2,0,0,0,0,0,0.0,0,-16.3,-12.91,-3.39,2.9,4.0,1.0,1.0,100,0.0,0.0,0,0.0,0.0,0,0.0,0.0,2.0,0.0,0.0,1.0,2.0,0.0,0.0
B. Braun Sheffield Sharks,Troy D'amico,5,Troy D'amico,10,17.8,177.5,50.0,5.0,16.0,39.0,41,7.0,27.0,25.9,11.0,13.0,84.6,8.0,24.0,32.0,12.0,6.0,0.0,6.0,16.0,41.0,12.1,1.8,0.4,1.1,60,110.0,11.0,3.9,0,0,0,0,0,0.0,0,-0.98,-4.58,3.61,3.1,3.9,9.0,7.0,77.8,0.0,0.0,0,2.0,0.0,0,0.0,0.0,4.0,2.0,0.0,0.0,10.0,6.0,16.0
London Lions,Nigel Hawkins,8,Nigel Hawkins,10,14.0,139.8,35.0,3.5,10.0,31.0,32.3,4.0,12.0,33.3,11.0,17.0,64.7,6.0,14.0,20.0,10.0,4.0,3.0,5.0,21.0,36.0,14.1,1.0,0.3,0.6,22,57.0,5.7,1.7,0,0,0,0,0,0.0,0,-0.22,-6.42,6.2,3.3,4.5,8.0,3.0,37.5,5.0,3.0,60,0.0,0.0,0,0.0,0.0,2.0,2.0,0.0,1.0,2.0,6.0,4.0
London Lions,Jordan Kevin Williams,4,Jordan Kevin Williams; Jordan Williams,10,5.5,55.4,10.0,1.0,4.0,8.0,50,0.0,0.0,0,2.0,8.0,25,2.0,5.0,7.0,5.0,1.0,0.0,4.0,17.0,13.0,12.8,0.3,0.1,0.2,10,20.0,2.0,0.6,0,0,0,0,0,0.0,0,-7.36,-13.03,5.67,3.0,4.4,6.0,3.0,50,0.0,0.0,0,0.0,0.0,0,0.0,0.0,0.0,2.0,0.0,2.0,0.0,0.0,2.0
Manchester Basketball,Donovan Mitchell,8,Donovan Mitchell,9,24.7,221.9,114.0,12.7,45.0,98.0,45.9,13.0,39.0,33.3,11.0,16.0,68.8,9.0,41.0,50.0,18.0,11.0,4.0,17.0,22.0,108.5,24.4,3.4,0.5,1.5,43,157.0,17.4,4.6,2,1.0,3,0,33.3,4.0,2,0.53,-3.46,3.98,3.4,3.3,37.0,21.0,56.8,2.0,2.0,100,1.0,0.0,0,0.0,0.0,8.0,4.0,0.0,5.0,14.0,19.0,20.0
Newcastle Eagles,Malcolm Smith,45,Malcolm Smith,9,10.6,95.3,31.0,3.4,9.0,36.0,25,0.0,1.0,0,13.0,18.0,72.2,8.0,6.0,14.0,5.0,1.0,1.0,7.0,13.0,41.2,21.7,1.0,0.2,0.4,10,41.0,4.6,1.3,0,0,0,0,0,0.0,0,-13.13,-11.95,-1.19,3.5,4.8,9.0,3.0,33.3,4.0,1.0,25,0.0,0.0,0,0.0,0.0,1.0,3.0,0.0,3.0,2.0,5.0,2.0
Surrey 89ers,Kareem Queeley,11,Kareem Queeley,8,22.3,178.2,69.0,8.6,24.0,63.0,38.1,7.0,33.0,21.2,14.0,24.0,58.3,8.0,22.0,30.0,26.0,5.0,0.0,13.0,8.0,75.4,21.8,2.2,0.8,1.0,62,131.0,16.4,4.2,0,0.0,1,0,0.0,1.0,1,-3.11,-4.05,0.94,2.6,3.5,18.0,12.0,66.7,3.0,0.0,0,2.0,1.0,50,0.0,0.0,8.0,5.0,0.0,0.0,6.0,19.0,9.0
Surrey 89ers,Rj Eytle-Rock,44,Rj Eytle-Rock,8,15.6,125.0,28.0,3.5,8.0,28.0,28.6,1.0,10.0,10,11.0,13.0,84.6,5.0,10.0,15.0,6.0,2.0,1.0,11.0,18.0,38.1,15.7,0.9,0.2,0.5,14,42.0,5.2,1.3,0,0,0,0,0,0.0,0,-11.15,-11.2,0.06,3.2,4.9,9.0,5.0,55.6,3.0,1.0,33.3,0.0,0.0,0,0.0,0.0,2.0,7.0,0.0,2.0,2.0,4.0,2.0
Newcastle Eagles,Marco Anthony,25,Marco Anthony,7,33.6,235.0,85.0,12.1,34.0,69.0,49.3,1.0,5.0,20,16.0,27.0,59.3,16.0,37.0,53.0,8.0,10.0,6.0,8.0,10.0,70.0,14.9,2.6,0.2,1.6,16,101.0,14.4,3.1,2,1.0,3,2,25.8,3.9,2,-1.03,-4.08,3.05,4.3,4.2,15.0,11.0,73.3,20.0,11.0,55,0.0,0.0,0,0.0,0.0,3.0,4.0,0.0,1.0,16.0,7.0,14.0
Leicester Riders,Emmanuel Akot,9,Emmanuel Akot,7,29.3,204.9,58.0,8.3,23.0,61.0,37.7,7.0,20.0,35,5.0,6.0,83.3,9.0,21.0,30.0,17.0,4.0,0.0,9.0,13.0,61.1,15.6,1.9,0.6,1.0,62,120.0,17.1,3.9,0,0.0,2,0,0.0,2.0,2,-4.16,-5.29,1.13,2.8,4.2,14.0,10.0,71.4,3.0,1.0,33.3,0.0,0.0,0,0.0,0.0,8.0,1.0,0.0,0.0,8.0,6.0,4.0
London Lions,Ryan Mikesell,11,Ryan Mikesell,7,20.8,145.6,53.0,7.6,18.0,47.0,38.3,8.0,25.0,32,9.0,10.0,90,4.0,12.0,16.0,12.0,2.0,0.0,7.0,20.0,52.2,19.7,1.6,0.4,0.5,30,83.0,11.9,2.5,0,0,0,0,0,0.0,0,-1.05,-5.36,4.3,2.7,3.9,10.0,6.0,60,5.0,2.0,40,1.0,0.0,0,0.0,0.0,3.0,2.0,0.0,2.0,9.0,3.0,2.0
Caledonia Gladiators,Daylen Williams,15,Daylen Williams,7,20.1,140.9,32.0,4.6,11.0,27.0,40.7,0.0,4.0,0,10.0,17.0,58.8,4.0,28.0,32.0,17.0,4.0,1.0,14.0,16.0,42.7,15.8,1.2,0.6,1.2,88,120.0,17.1,4.4,0,0,0,0,0,0.0,0,-7.42,-9.78,2.36,3.5,3.7,7.0,5.0,71.4,5.0,5.0,100,0.0,0.0,0,0.0,0.0,4.0,8.0,0.0,2.0,0.0,10.0,6.0
Surrey 89ers,Di-Jani Parkinson,33/9,Di-Jani Parkinson,5,5.4,27.2,2.0,0.4,0.0,6.0,0,0.0,2.0,0,2.0,2.0,100,0.0,1.0,1.0,2.0,1.0,0.0,0.0,5.0,6.6,12.5,0.1,0.1,0.0,21,23.0,4.6,0.7,0,0,0,0,0,0.0,0,-13.42,-13.75,0.33,2.6,4.4,2.0,0.0,0,0.0,0.0,0,0.0,0.0,0,0.0,0.0,0.0,0.0,0.0,0.0,0.0,2.0,0.0
Newcastle Eagles,Brett Reed,24,Brett Reed,4,20.6,82.5,29.0,7.2,11.0,18.0,61.1,0.0,0.0,0,7.0,15.0,46.7,5.0,15.0,20.0,8.0,5.0,2.0,9.0,9.0,27.5,16.7,0.9,0.2,0.6,16,45.0,11.2,1.4,0,0,0,0,0,0.0,0,-1.02,-6.36,5.34,3.7,3.3,12.0,9.0,75,0.0,0.0,0,0.0,0.0,0,0.0,0.0,6.0,2.0,0.0,1.0,4.0,8.0,2.0
Leicester Riders,Duke Shelton,2,Duke Shelton,4,14.6,58.3,25.0,6.2,9.0,20.0,45,0.0,1.0,0,7.0,11.0,63.6,5.0,11.0,16.0,1.0,0.0,2.0,7.0,9.0,25.8,23.1,0.8,0.0,0.5,54,79.0,19.8,2.6,0,0,0,0,0,0.0,0,-10.11,-10.3,0.18,4.8,4.3,14.0,8.0,57.1,2.0,1.0,50,0.0,0.0,0,0.0,0.0,2.0,2.0,0.0,3.0,2.0,2.0,6.0
Leicester Riders,Michael Mitchell Jr,1,Michael Mitchell Jr,4,15.5,62.0,14.0,3.5,5.0,18.0,27.8,3.0,11.0,27.3,1.0,3.0,33.3,0.0,3.0,3.0,8.0,3.0,1.0,6.0,6.0,24.3,20.5,0.5,0.3,0.1,113,127.0,31.8,4.2,0,0,0,0,0,0.0,0,-7.04,-8.68,1.64,2.2,4.0,2.0,1.0,50,0.0,0.0,0,0.0,0.0,0,0.0,0.0,4.0,1.0,0.0,1.0,3.0,3.0,5.0
Manchester Basketball,Cody John,5,Cody John,3,18.2,54.7,17.0,5.7,8.0,21.0,38.1,0.0,7.0,0,1.0,1.0,100,0.0,5.0,5.0,3.0,2.0,0.0,4.0,7.0,24.4,22.2,0.5,0.1,0.1,6,23.0,7.7,0.7,0,0,0,0,0,0.0,0,-10.37,-11.69,1.32,2.6,4.6,1.0,0.0,0,0.0,0.0,0,0.0,0.0,0,0.0,0.0,1.0,2.0,0.0,1.0,0.0,3.0,4.0
London Lions,Mohammad Al-Amin Abdul Adamu,5,Mohammad Al-Amin Abdul Adamu,3,13.9,41.8,17.0,5.7,6.0,7.0,85.7,3.0,4.0,75,2.0,2.0,100,0.0,4.0,4.0,5.0,0.0,0.0,5.0,4.0,12.4,16.2,0.5,0.1,0.1,138,155.0,51.7,4.6,0,0,0,0,0,0.0,0,4.99,-1.03,6.01,2.7,2.6,2.0,2.0,100,0.0,0.0,0,0.0,0.0,0,0.0,0.0,4.0,1.0,0.0,0.0,3.0,2.0,0.0
Caledonia Gladiators,Andrew Michael Gordon,33/38,Andrew Michael Gordon,3,12.9,38.8,12.0,4.0,6.0,11.0,54.5,0.0,2.0,0,0.0,3.0,0,2.0,7.0,9.0,2.0,1.0,3.0,6.0,11.0,15.7,21.0,0.4,0.1,0.3,4,16.0,5.3,0.6,0,0,0,0,0,0.0,0,-12.49,-15.78,3.29,4.6,4.1,3.0,2.0,66.7,0.0,0.0,0,0.0,0.0,0,0.0,0.0,1.0,2.0,0.0,3.0,4.0,0.0,0.0
Leicester Riders,Kendrian Johnson,1,Kendrian Johnson,1,31.5,31.5,8.0,8.0,2.0,8.0,25,0.0,4.0,0,4.0,6.0,66.7,0.0,1.0,1.0,2.0,1.0,1.0,4.0,5.0,14.1,23.4,0.3,0.1,0.0,113,121.0,121.0,4.0,0,0,0,0,0,0.0,0,-13.03,-13.87,0.85,2.9,4.4,4.0,2.0,50,0.0,0.0,0,0.0,0.0,0,0.0,0.0,2.0,1.0,0.0,1.0,0.0,2.0,2.0
Manchester Basketball,Othniel Shelton,30,Othniel Shelton,1,19.6,19.6,8.0,8.0,3.0,3.0,100,0.0,0.0,0,2.0,2.0,100,0.0,3.0,3.0,1.0,1.0,1.0,0.0,2.0,3.7,9.5,0.2,0.0,0.1,21,29.0,29.0,0.9,0,0,0,0,0,0.0,0,9.06,0.43,8.62,3.2,3.4,1.0,1.0,100,0.0,0.0,0,0.0,0.0,0,0.0,0.0,0.0,0.0,0.0,0.0,0.0,0.0,2.0
London Lions,Johnathan Williams,13,Johnathan Williams,1,15.0,15.0,2.0,2.0,1.0,5.0,20,0.0,0.0,0,0.0,0.0,0,1.0,3.0,4.0,1.0,0.0,1.0,2.0,2.0,5.8,21.0,0.1,0.0,0.1,45,47.0,47.0,1.4,0,0,0,0,0,0.0,0,-12.48,-15.58,3.1,3.8,4.3,1.0,1.0,100,1.0,0.0,0,0.0,0.0,0,0.0,0.0,0.0,1.0,0.0,1.0,2.0,0.0,0.0
Leicester Riders,Tomide Akinsiku,5,Tomide Akinsiku,1,1.4,1.4,0.0,0.0,0.0,0.0,0,0.0,0.0,0,0.0,0.0,0,0.0,0.0,0.0,0.0,0.0,0.0,0.0,0.0,0.0,0.0,0.0,0.0,0.0,72,72.0,72.0,2.4,0,0,0,0,0,0.0,0,-6.93,-7.02,0.09,3.0,4.1,0.0,0.0,0,0.0,0.0,0,0.0,0.0,0,0.0,0.0,0.0,0.0,0.0,0.0,0.0,0.0,0.0
Newcastle Eagles,Sam Mamuini,4,Sam Mamuini,1,5.0,5.0,0.0,0.0,0.0,0.0,0,0.0,0.0,0,0.0,0.0,0,0.0,0.0,0.0,0.0,0.0,0.0,0.0,0.0,0.0,0.0,0.0,0.0,0.0,0,0.0,0.0,0.0,0,0,0,0,0,0.0,0,-7.31,-7.8,0.5,2.9,4.2,0.0,0.0,0,0.0,0.0,0,0.0,0.0,0,0.0,0.0,0.0,0.0,0.0,0.0,0.0,0.0,0.0
