team_name,player_name,shirt_number,games,fga,fgm,fg_pct,fga_2pt,fgm_2pt,fg2_pct,fga_3pt,fgm_3pt,fg3_pct,efg_pct,avg_dist_m,fastbreak_fga,fastbreak_fgm,second_chance_fga,second_chance_fgm,blocked,rim_fga,rim_fgm,rim_pct,paint_fga,paint_fgm,paint_pct,midrange_fga,midrange_fgm,midrange_pct,corner_3_fga,corner_3_fgm,corner_3_pct,above_break_3_fga,above_break_3_fgm,above_break_3_pct
B. Braun Sheffield Sharks,Dirk Williams,1,35,405,192,47.4,194,107,55.2,211,85,40.3,57.9,5.09,37,36,36,18,9,102,65,63.7,45,17,37.8,47,25,53.2,23,11,47.8,188,74,39.4
B. Braun Sheffield Sharks,Fahro Alihodzic,25,13,103,61,59.2,103,61,59.2,0,0,,59.2,1.05,6,6,20,10,5,88,56,63.6,7,3,42.9,8,2,25.0,0,0,,0,0,
B. Braun Sheffield Sharks,Jalen Deloach,23,20,99,60,60.6,86,57,66.3,13,3,23.1,62.1,1.89,3,3,15,9,2,73,54,74.0,9,3,33.3,4,0,0.0,1,0,0.0,12,3,25.0
B. Braun Sheffield Sharks,Jordan Ratinho,9,35,134,60,44.8,58,32,55.2,76,28,36.8,55.2,4.71,13,13,19,6,5,51,30,58.8,6,2,33.3,1,0,0.0,18,9,50.0,58,19,32.8
B. Braun Sheffield Sharks,Mervin James,5,13,163,74,45.4,136,65,47.8,27,9,33.3,48.2,2.64,8,8,27,12,15,90,50,55.6,24,5,20.8,22,10,45.5,2,0,0.0,25,9,36.0
B. Braun Sheffield Sharks,Mike Ochereobia,15,30,84,50,59.5,84,50,59.5,0,0,,59.5,0.85,2,2,34,23,6,71,46,64.8,12,4,33.3,1,0,0.0,0,0,,0,0,
B. Braun Sheffield Sharks,Nick Kern Jr,24,34,325,169,52.0,292,161,55.1,33,8,24.2,53.2,2.1,19,19,44,25,20,196,121,61.7,67,28,41.8,29,12,41.4,12,4,33.3,21,4,19.0
B. Braun Sheffield Sharks,Prentiss Nixon,2,30,324,129,39.8,178,83,46.6,146,46,31.5,46.9,5.13,15,15,19,7,13,72,41,56.9,39,15,38.5,67,27,40.3,12,4,33.3,134,42,31.3
B. Braun Sheffield Sharks,Reyad West,6,3,6,2,33.3,3,1,33.3,3,1,33.3,41.7,5.69,0,0,0,0,0,1,0,0.0,0,0,,2,1,50.0,1,0,0.0,2,1,50.0
B. Braun Sheffield Sharks,Rodney Chatman III,3,33,304,119,39.1,178,75,42.1,126,44,34.9,46.4,4.47,13,12,30,11,19,100,52,52.0,36,8,22.2,42,15,35.7,11,2,18.2,115,42,36.5
B. Braun Sheffield Sharks,Rodney Glasgow Jr,11,34,131,54,41.2,77,37,48.1,54,17,31.5,47.7,5.08,6,6,11,6,2,16,8,50.0,27,10,37.0,34,19,55.9,7,2,28.6,47,15,31.9
B. Braun Sheffield Sharks,Troy D'Amico,5,8,32,14,43.8,11,8,72.7,21,6,28.6,53.1,5.27,3,3,7,3,2,9,7,77.8,1,1,100.0,1,0,0.0,7,4,57.1,14,2,14.3
B. Braun Sheffield Sharks,William Lee,4,25,163,88,54.0,89,55,61.8,74,33,44.6,64.1,4.5,18,18,19,12,3,56,44,78.6,16,7,43.8,17,4,23.5,7,3,42.9,67,30,44.8
Bristol Flyers,Cameron Christon,1,14,98,44,44.9,48,26,54.2,50,18,36.0,54.1,4.85,6,6,16,7,7,29,17,58.6,13,8,61.5,6,1,16.7,6,2,33.3,44,16,36.4
Bristol Flyers,Cameron Holden,7,34,273,114,41.8,208,96,46.2,65,18,27.7,45.1,2.84,24,24,47,22,8,143,74,51.7,54,20,37.0,11,2,18.2,10,2,20.0,55,16,29.1
Bristol Flyers,Darnell Brodie,51,36,215,108,50.2,210,107,51.0,5,1,20.0,50.5,1.35,3,3,41,22,13,154,88,57.1,51,18,35.3,5,1,20.0,0,0,,5,1,20.0
Bristol Flyers,Evan Walshe,77,15,56,22,39.3,40,18,45.0,16,4,25.0,42.9,3.07,4,4,9,4,6,32,16,50.0,7,2,28.6,1,0,0.0,0,0,,16,4,25.0
Bristol Flyers,Jonathan Brown,9,34,260,94,36.2,148,63,42.6,112,31,27.7,42.1,4.57,19,19,23,6,17,78,41,52.6,36,11,30.6,34,11,32.4,17,5,29.4,95,26,27.4
Bristol Flyers,Joseph Anderson,22,32,368,148,40.2,177,89,50.3,191,59,30.9,48.2,5.13,21,21,34,12,16,82,55,67.1,49,17,34.7,46,17,37.0,13,7,53.8,178,52,29.2
Bristol Flyers,Marcus Delpeche,21,35,152,76,50.0,151,75,49.7,1,1,100.0,50.3,1.1,7,7,34,16,11,122,66,54.1,22,7,31.8,7,2,28.6,0,0,,1,1,100.0
Bristol Flyers,Milos Dugalic,25,17,78,22,28.2,52,16,30.8,26,6,23.1,32.1,3.16,0,0,9,3,7,48,16,33.3,2,0,0.0,2,0,0.0,6,1,16.7,20,5,25.0
Bristol Flyers,Owen McCormack,13,33,218,95,43.6,83,43,51.8,135,52,38.5,55.5,5.24,3,3,37,18,2,64,38,59.4,10,3,30.0,9,2,22.2,7,4,57.1,128,48,37.5
Bristol Flyers,Pasquale Landolfi,40,9,19,4,21.1,4,2,50.0,15,2,13.3,26.3,6.42,0,0,2,1,1,2,1,50.0,2,1,50.0,0,0,,1,0,0.0,14,2,14.3
Bristol Flyers,William Yoakum,3,36,328,176,53.7,208,128,61.5,120,48,40.0,61.0,3.61,40,40,55,32,22,153,107,69.9,36,15,41.7,19,6,31.6,7,0,0.0,113,48,42.5
Bristol Flyers,Zachary Anderson,4,36,331,143,43.2,139,78,56.1,192,65,33.9,53.0,5.2,15,15,45,17,10,78,58,74.4,41,14,34.1,20,6,30.0,15,5,33.3,177,60,33.9
Caledonia Gladiators,Andrew Michael Gordon,33,1,2,1,50.0,2,1,50.0,0,0,,50.0,2.2,0,0,0,0,0,0,0,,2,1,50.0,0,0,,0,0,,0,0,
Caledonia Gladiators,Andrew Michael Gordon,38,2,9,5,55.6,7,5,71.4,2,0,0.0,55.6,3.27,0,0,2,2,0,3,2,66.7,3,2,66.7,1,1,100.0,0,0,,2,0,0.0
Caledonia Gladiators,Charles Jet Speelman,22,32,296,132,44.6,173,82,47.4,123,50,40.7,53.0,4.5,5,5,48,27,17,84,50,59.5,37,14,37.8,52,18,34.6,13,6,46.2,110,44,40.0
Caledonia Gladiators,Daniel Carr,14,19,69,32,46.4,49,25,51.0,20,7,35.0,51.4,3.95,1,1,8,3,4,21,12,57.1,11,4,36.4,17,9,52.9,1,0,0.0,19,7,36.8
Caledonia Gladiators,Daylen Williams,15,7,27,11,40.7,23,11,47.8,4,0,0.0,40.7,3.53,3,3,1,0,1,9,6,66.7,4,2,50.0,10,3,30.0,0,0,,4,0,0.0
Caledonia Gladiators,Dwaine Jones Jr,5,20,157,58,36.9,111,50,45.0,46,8,17.4,39.5,3.45,14,14,20,5,6,61,35,57.4,38,10,26.3,12,5,41.7,6,3,50.0,40,5,12.5
Caledonia Gladiators,Ethan Wright,40,31,369,162,43.9,213,108,50.7,156,54,34.6,51.2,4.02,35,35,58,28,21,160,91,56.9,35,12,34.3,18,5,27.8,8,4,50.0,148,50,33.8
Caledonia Gladiators,Fraser Malcolm,7,34,183,66,36.1,58,31,53.4,125,35,28.0,45.6,5.59,13,13,24,6,5,40,26,65.0,13,4,30.8,5,1,20.0,35,12,34.3,90,23,25.6
Caledonia Gladiators,Kevin Allen,0,11,136,79,58.1,132,79,59.8,4,0,0.0,58.1,2.26,1,1,23,18,5,75,54,72.0,22,11,50.0,35,14,40.0,0,0,,4,0,0.0
Caledonia Gladiators,Kyle Jimenez,6,25,76,23,30.3,46,18,39.1,30,5,16.7,33.6,4.09,0,0,7,1,7,29,14,48.3,10,3,30.0,7,1,14.3,3,0,0.0,27,5,18.5
Caledonia Gladiators,Lloyd Alvin Bryan Jr,56,20,142,69,48.6,135,67,49.6,7,2,28.6,49.3,1.85,3,3,38,17,6,87,49,56.3,31,10,32.3,17,8,47.1,0,0,,7,2,28.6
Caledonia Gladiators,Lloyd Bryan Jr,56,1,7,4,57.1,6,4,66.7,1,0,0.0,57.1,2.49,0,0,1,1,0,4,3,75.0,0,0,,2,1,50.0,0,0,,1,0,0.0
Caledonia Gladiators,Malcolm Delpeche,15,20,110,58,52.7,108,58,53.7,2,0,0.0,52.7,1.25,6,6,25,15,6,84,50,59.5,23,8,34.8,1,0,0.0,0,0,,2,0,0.0
Caledonia Gladiators,Matthew Ragsdale,24,34,436,186,42.7,173,98,56.6,263,88,33.5,52.8,5.76,35,35,46,16,5,56,43,76.8,42,19,45.2,75,36,48.0,32,10,31.2,231,78,33.8
Caledonia Gladiators,Nino Satha,4,3,4,2,50.0,1,1,100.0,3,1,33.3,62.5,5.5,0,0,1,1,0,1,1,100.0,0,0,,0,0,,2,0,0.0,1,1,100.0
Caledonia Gladiators,Rian Holland,10,27,251,109,43.4,147,66,44.9,104,43,41.3,52.0,4.74,19,19,24,10,7,57,36,63.2,42,14,33.3,48,16,33.3,6,4,66.7,98,39,39.8
Caledonia Gladiators,Totonitoluwa Fagbenle,11,26,96,45,46.9,79,40,50.6,17,5,29.4,49.5,2.33,10,10,19,7,5,60,35,58.3,9,3,33.3,10,2,20.0,4,1,25.0,13,4,30.8
Cheshire Phoenix,Damiri Lindo,9,34,182,75,41.2,116,59,50.9,66,16,24.2,45.6,3.58,18,18,21,7,8,83,49,59.0,27,8,29.6,6,2,33.3,14,4,28.6,52,12,23.1
Cheshire Phoenix,Frankie Policelli,5,34,329,139,42.2,86,46,53.5,243,93,38.3,56.4,6.09,27,27,36,18,5,59,38,64.4,18,5,27.8,9,3,33.3,32,9,28.1,211,84,39.8
Cheshire Phoenix,Greg Wild,1,7,12,3,25.0,1,1,100.0,11,2,18.2,33.3,7.37,0,0,1,1,0,0,0,,1,1,100.0,0,0,,2,0,0.0,9,2,22.2
Cheshire Phoenix,Jaxon Brenchley,23,35,274,129,47.1,139,79,56.8,135,50,37.0,56.2,4.45,22,22,49,24,18,102,63,61.8,31,14,45.2,6,2,33.3,7,1,14.3,128,49,38.3
Cheshire Phoenix,Laquincy Rideau,3,35,320,128,40.0,199,90,45.2,121,38,31.4,45.9,3.81,21,21,48,22,23,142,72,50.7,47,14,29.8,10,4,40.0,6,3,50.0,115,35,30.4
Cheshire Phoenix,Lukasz Paradysz,6,1,1,1,100.0,1,1,100.0,0,0,,100.0,0.81,0,0,0,0,0,1,1,100.0,0,0,,0,0,,0,0,,0,0,
Cheshire Phoenix,Matthew Zona,24,35,177,80,45.2,67,40,59.7,110,40,36.4,56.5,5.25,2,2,25,14,8,50,29,58.0,13,8,61.5,4,3,75.0,8,2,25.0,102,38,37.3
Cheshire Phoenix,Michael Diggins,2,35,322,141,43.8,198,106,53.5,124,35,28.2,49.2,3.63,24,24,53,29,16,140,82,58.6,48,22,45.8,10,2,20.0,37,10,27.0,87,25,28.7
Cheshire Phoenix,Patrick Robinson,13,31,381,218,57.2,312,189,60.6,69,29,42.0,61.0,2.47,33,33,46,20,20,229,147,64.2,77,38,49.4,6,4,66.7,6,3,50.0,63,26,41.3
Cheshire Phoenix,Skyler White,99,35,355,157,44.2,113,60,53.1,242,97,40.1,57.9,5.97,14,14,46,23,14,66,44,66.7,25,8,32.0,22,8,36.4,12,3,25.0,230,94,40.9
Cheshire Phoenix,Tobias Cameron,11,30,219,109,49.8,114,70,61.4,105,39,37.1,58.7,4.43,14,14,36,19,10,84,56,66.7,15,8,53.3,15,6,40.0,20,9,45.0,85,30,35.3
Leicester Riders,Aaron Menzies,12,28,109,63,57.8,108,63,58.3,1,0,0.0,57.8,1.1,2,2,32,19,6,89,56,62.9,13,5,38.5,6,2,33.3,0,0,,1,0,0.0
Leicester Riders,Donald Carey Jr,13,16,183,81,44.3,98,49,50.0,85,32,37.6,53.0,4.62,13,13,17,9,9,56,31,55.4,23,9,39.1,19,9,47.4,8,4,50.0,77,28,36.4
Leicester Riders,Duke Shelton,2,4,20,9,45.0,19,9,47.4,1,0,0.0,45.0,1.58,1,1,3,1,4,16,9,56.2,2,0,0.0,1,0,0.0,0,0,,1,0,0.0
Leicester Riders,Emmanuel Akot,9,7,61,23,37.7,41,16,39.0,20,7,35.0,43.4,4.06,1,1,10,4,1,19,12,63.2,9,1,11.1,13,3,23.1,0,0,,20,7,35.0
Leicester Riders,Flynn Boardman-Raffet,77,31,228,113,49.6,146,89,61.0,82,24,29.3,54.8,3.57,21,20,26,15,16,109,77,70.6,25,10,40.0,12,2,16.7,13,4,30.8,69,20,29.0
Leicester Riders,Kedrian Johnson,1,7,90,42,46.7,68,33,48.5,22,9,40.9,51.7,3.54,9,9,8,4,3,37,25,67.6,15,3,20.0,16,5,31.2,1,1,100.0,21,8,38.1
Leicester Riders,Kendrian Johnson,1,2,21,10,47.6,11,7,63.6,10,3,30.0,54.8,4.41,3,3,3,2,0,10,7,70.0,1,0,0.0,0,0,,0,0,,10,3,30.0
Leicester Riders,Marc Loving,2,12,113,49,43.4,69,34,49.3,44,15,34.1,50.0,4.26,5,5,10,4,4,40,23,57.5,12,5,41.7,17,6,35.3,9,4,44.4,35,11,31.4
Leicester Riders,Michael Akintomide Akinsiku,5,3,6,3,50.0,6,3,50.0,0,0,,50.0,2.06,0,0,0,0,0,3,2,66.7,3,1,33.3,0,0,,0,0,,0,0,
Leicester Riders,Michael Akintomide Akinsiku,8,6,26,13,50.0,26,13,50.0,0,0,,50.0,0.88,0,0,8,4,1,23,13,56.5,2,0,0.0,1,0,0.0,0,0,,0,0,
Leicester Riders,Michael Joiner,9,10,43,15,34.9,24,9,37.5,19,6,31.6,41.9,4.61,0,0,7,3,1,13,6,46.2,4,3,75.0,7,0,0.0,0,0,,19,6,31.6
Leicester Riders,Michael Mitchell Jr,1,4,18,5,27.8,7,2,28.6,11,3,27.3,36.1,5.76,1,1,1,1,2,3,1,33.3,2,1,50.0,2,0,0.0,0,0,,11,3,27.3
Leicester Riders,Nathaniel Martin,41,24,163,89,54.6,163,89,54.6,0,0,,54.6,1.37,7,7,34,19,10,109,63,57.8,44,24,54.5,10,2,20.0,0,0,,0,0,
Leicester Riders,Olutomiwa Sulaiman,10,27,151,63,41.7,95,48,50.5,56,15,26.8,46.7,3.76,7,7,23,11,12,60,37,61.7,21,7,33.3,14,4,28.6,15,2,13.3,41,13,31.7
Leicester Riders,Oscar Curran,0,1,1,0,0.0,0,0,,1,0,0.0,0.0,7.87,0,0,0,0,0,0,0,,0,0,,0,0,,0,0,,1,0,0.0
Leicester Riders,RaeQuan Battle,21,16,252,119,47.2,118,61,51.7,134,58,43.3,58.7,5.01,13,13,26,13,8,70,41,58.6,19,6,31.6,29,14,48.3,13,8,61.5,121,50,41.3
Leicester Riders,RaeQuan Battle,7,2,22,10,45.5,9,5,55.6,13,5,38.5,56.8,5.41,3,3,2,0,0,4,3,75.0,2,0,0.0,3,2,66.7,0,0,,13,5,38.5
Leicester Riders,Seth Wylie,43,2,4,2,50.0,2,0,0.0,2,2,100.0,75.0,5.3,0,0,1,0,1,1,0,0.0,0,0,,1,0,0.0,1,1,100.0,1,1,100.0
Leicester Riders,Spencer Johnson,20,24,209,95,45.5,133,66,49.6,76,29,38.2,52.4,4.04,14,14,34,15,9,76,46,60.5,30,10,33.3,27,10,37.0,3,2,66.7,73,27,37.0
Leicester Riders,Travis Evee,3,34,323,134,41.5,151,69,45.7,172,65,37.8,51.5,4.89,11,11,40,17,18,100,49,49.0,27,13,48.1,24,7,29.2,11,3,27.3,161,62,38.5
Leicester Riders,Victor Ndoukou,25,20,97,37,38.1,39,18,46.2,58,19,32.8,47.9,5.48,5,5,8,4,7,20,15,75.0,8,1,12.5,11,2,18.2,7,3,42.9,51,16,31.4
Leicester Riders,Xavier Bledson,5,7,78,24,30.8,46,15,32.6,32,9,28.1,36.5,4.37,3,3,8,3,5,24,11,45.8,15,3,20.0,7,1,14.3,1,0,0.0,31,9,29.0
London Lions,Aaryn Rai,21,38,197,105,53.3,142,87,61.3,55,18,32.7,57.9,2.95,13,13,38,26,12,103,68,66.0,33,15,45.5,6,4,66.7,13,2,15.4,42,16,38.1
London Lions,Aaryndeep Rai,21,1,5,3,60.0,4,2,50.0,1,1,100.0,70.0,1.67,0,0,4,3,0,4,2,50.0,0,0,,0,0,,0,0,,1,1,100.0
London Lions,Amin Adamu,5,31,179,85,47.5,107,58,54.2,72,27,37.5,55.0,4.43,7,7,22,10,4,42,27,64.3,39,19,48.7,26,12,46.2,26,12,46.2,46,15,32.6
London Lions,Chasson Jermar Randle,2,13,82,40,48.8,30,19,63.3,52,21,40.4,61.6,5.45,5,5,5,1,3,19,13,68.4,6,4,66.7,5,2,40.0,9,8,88.9,43,13,30.2
London Lions,Chaundee Brown Jr,15,20,173,98,56.6,98,67,68.4,75,31,41.3,65.6,4.0,19,19,27,15,8,76,55,72.4,6,3,50.0,16,9,56.2,24,8,33.3,51,23,45.1
London Lions,Ciaran Sandy,3,24,84,40,47.6,50,29,58.0,34,11,32.4,54.2,4.04,6,6,14,8,1,32,20,62.5,10,6,60.0,8,3,37.5,13,5,38.5,21,6,28.6
London Lions,Deane Williams,31,38,262,114,43.5,145,79,54.5,117,35,29.9,50.2,4.29,13,13,32,16,7,99,61,61.6,30,14,46.7,16,4,25.0,15,2,13.3,102,33,32.4
London Lions,Ethan Price,10,34,165,92,55.8,115,77,67.0,50,15,30.0,60.3,3.06,9,9,20,12,9,97,70,72.2,14,6,42.9,4,1,25.0,2,0,0.0,48,15,31.2
London Lions,Joel Scott,1,25,217,119,54.8,169,99,58.6,48,20,41.7,59.4,2.46,11,11,45,29,10,134,86,64.2,29,12,41.4,6,1,16.7,10,3,30.0,38,17,44.7
London Lions,Johnathan Williams,13,1,5,1,20.0,5,1,20.0,0,0,,20.0,2.28,0,0,1,1,1,2,1,50.0,2,0,0.0,1,0,0.0,0,0,,0,0,
London Lions,Jonathan Williams,13,14,97,57,58.8,95,57,60.0,2,0,0.0,58.8,1.43,6,6,15,9,5,72,49,68.1,13,4,30.8,10,4,40.0,0,0,,2,0,0.0
London Lions,Jordan Williams,4,3,8,4,50.0,8,4,50.0,0,0,,50.0,1.05,0,0,1,0,1,6,3,50.0,2,1,50.0,0,0,,0,0,,0,0,
London Lions,Kameron McGusty,23,24,212,92,43.4,159,76,47.8,53,16,30.2,47.2,3.9,9,9,27,10,10,59,37,62.7,48,24,50.0,52,15,28.8,7,4,57.1,46,12,26.1
London Lions,Karolis Lukosiunas,16,12,57,27,47.4,8,3,37.5,49,24,49.0,68.4,7.13,2,2,8,4,0,0,0,,1,1,100.0,7,2,28.6,6,1,16.7,43,23,53.5
London Lions,Matthew Goodwin,55,16,41,13,31.7,15,6,40.0,26,7,26.9,40.2,6.31,0,0,2,1,0,2,0,0.0,3,1,33.3,10,5,50.0,6,1,16.7,20,6,30.0
London Lions,Mohammad Al-Amin Abdul Adamu,5,2,7,6,85.7,3,3,100.0,4,3,75.0,107.1,4.6,0,0,1,1,0,2,2,100.0,1,1,100.0,0,0,,2,2,100.0,2,1,50.0
London Lions,Morayo Soluade,6,20,71,30,42.3,12,6,50.0,59,24,40.7,59.2,6.7,1,1,6,0,1,7,4,57.1,1,0,0.0,4,2,50.0,7,5,71.4,52,19,36.5
London Lions,Nigel Hawkins,8,8,30,9,30.0,19,6,31.6,11,3,27.3,35.0,4.13,1,1,1,1,3,10,4,40.0,7,2,28.6,2,0,0.0,0,0,,11,3,27.3
London Lions,Ovie Soko,0,11,33,18,54.5,32,18,56.2,1,0,0.0,54.5,1.58,3,3,6,4,2,24,17,70.8,6,0,0.0,2,1,50.0,0,0,,1,0,0.0
London Lions,Ryan Mikesell,11,7,47,18,38.3,22,10,45.5,25,8,32.0,46.8,4.84,1,1,8,4,3,14,8,57.1,3,0,0.0,5,2,40.0,5,3,60.0,20,5,25.0
London Lions,Shavar Reynolds Jr,33,30,241,113,46.9,185,90,48.6,56,23,41.1,51.7,3.85,7,7,27,12,7,67,36,53.7,59,27,45.8,59,27,45.8,5,3,60.0,51,20,39.2
London Lions,Tarik Phillip,22,34,244,106,43.4,146,75,51.4,98,31,31.6,49.8,4.16,16,16,35,16,10,92,57,62.0,26,9,34.6,28,9,32.1,6,1,16.7,92,30,32.6
Manchester Basketball,Cody John,5,3,21,8,38.1,14,8,57.1,7,0,0.0,38.1,4.36,1,1,3,0,1,3,1,33.3,7,4,57.1,4,3,75.0,0,0,,7,0,0.0
Manchester Basketball,Donovan Mitchell,8,4,46,22,47.8,27,17,63.0,19,5,26.3,53.3,3.75,4,4,3,2,0,24,15,62.5,3,2,66.7,0,0,,1,0,0.0,18,5,27.8
Manchester Basketball,Duke Shelton,30,19,49,36,73.5,49,36,73.5,0,0,,73.5,0.69,0,0,14,10,4,47,36,76.6,2,0,0.0,0,0,,0,0,,0,0,
Manchester Basketball,Gabriel Osabuohien,3,13,37,16,43.2,35,16,45.7,2,0,0.0,43.2,1.45,0,0,6,4,1,29,13,44.8,5,2,40.0,1,1,100.0,1,0,0.0,1,0,0.0
Manchester Basketball,Gabriel Osbuhein,3,10,62,29,46.8,60,29,48.3,2,0,0.0,46.8,1.29,2,2,14,5,2,47,24,51.1,10,4,40.0,3,1,33.3,0,0,,2,0,0.0
Manchester Basketball,Jordan Johnson,11,33,367,165,45.0,217,109,50.2,150,56,37.3,52.6,4.3,19,19,27,13,20,124,73,58.9,56,23,41.1,37,13,35.1,3,1,33.3,147,55,37.4
Manchester Basketball,Judson Martindale,33,9,20,4,20.0,12,2,16.7,8,2,25.0,25.0,3.6,0,0,2,1,3,11,2,18.2,0,0,,1,0,0.0,3,1,33.3,5,1,20.0
Manchester Basketball,Kaiyem Cleary,9,20,213,91,42.7,120,62,51.7,93,29,31.2,49.5,4.7,10,10,35,11,4,54,33,61.1,30,14,46.7,36,15,41.7,12,5,41.7,81,24,29.6
Manchester Basketball,Kayne Henry,13,8,41,15,36.6,21,12,57.1,20,3,15.0,40.2,4.34,1,1,5,1,2,16,9,56.2,4,3,75.0,1,0,0.0,3,1,33.3,17,2,11.8
Manchester Basketball,Kyle Carey,1,31,129,56,43.4,48,30,62.5,81,26,32.1,53.5,5.22,20,20,17,9,0,34,23,67.6,7,4,57.1,7,3,42.9,34,11,32.4,47,15,31.9
Manchester Basketball,Matthew Nicholson,34,31,124,78,62.9,124,78,62.9,0,0,,62.9,0.71,1,1,44,23,3,114,74,64.9,10,4,40.0,0,0,,0,0,,0,0,
Manchester Basketball,Matthew Nicholson,4,1,3,2,66.7,3,2,66.7,0,0,,66.7,0.8,0,0,1,1,0,2,2,100.0,1,0,0.0,0,0,,0,0,,0,0,
Manchester Basketball,Max Jones,2,35,514,215,41.8,289,136,47.1,225,79,35.1,49.5,4.48,19,19,47,22,14,164,91,55.5,68,29,42.6,57,16,28.1,21,6,28.6,204,73,35.8
Manchester Basketball,Oluwademilade Babalola,10,2,2,1,50.0,0,0,,2,1,50.0,75.0,8.39,0,0,0,0,0,0,0,,0,0,,0,0,,0,0,,2,1,50.0
Manchester Basketball,Oluwaseyi Adetukasi,22,35,256,130,50.8,149,89,59.7,107,41,38.3,58.8,3.98,23,23,35,19,10,106,69,65.1,24,10,41.7,19,10,52.6,32,11,34.4,75,30,40.0
Manchester Basketball,Patrick Smith Jr,0,35,359,165,46.0,167,85,50.9,192,80,41.7,57.1,5.2,21,21,39,21,7,76,41,53.9,46,19,41.3,45,25,55.6,24,14,58.3,168,66,39.3
Manchester Basketball,Zak Irvin,7,32,179,99,55.3,153,92,60.1,26,7,26.9,57.3,2.01,28,28,25,14,10,120,81,67.5,27,9,33.3,6,2,33.3,14,3,21.4,12,4,33.3
Newcastle Eagles,Brett Reed,24,4,18,11,61.1,18,11,61.1,0,0,,61.1,1.2,3,3,4,2,2,13,9,69.2,4,2,50.0,1,0,0.0,0,0,,0,0,
Newcastle Eagles,Cole Long,15,37,335,157,46.9,159,93,58.5,176,64,36.4,56.4,4.76,24,24,57,30,8,106,74,69.8,32,11,34.4,21,8,38.1,27,14,51.9,149,50,33.6
Newcastle Eagles,Darius Defoe,13,12,39,17,43.6,34,16,47.1,5,1,20.0,44.9,3.83,0,0,2,1,2,8,6,75.0,9,1,11.1,17,9,52.9,2,1,50.0,3,0,0.0
Newcastle Eagles,Deion Hammond,8,30,298,120,40.3,111,49,44.1,187,71,38.0,52.2,5.83,23,23,22,10,4,38,22,57.9,29,8,27.6,44,19,43.2,24,8,33.3,163,63,38.7
Newcastle Eagles,Emmanuel Kanwei,21,29,133,66,49.6,121,62,51.2,12,4,33.3,51.1,2.0,3,3,18,9,12,79,45,57.0,32,14,43.8,10,3,30.0,0,0,,12,4,33.3
Newcastle Eagles,Gus Okafor,99,27,257,101,39.3,130,52,40.0,127,49,38.6,48.8,4.58,10,10,37,18,5,80,39,48.8,24,5,20.8,26,8,30.8,17,9,52.9,110,40,36.4
Newcastle Eagles,Josh Ward-Hibbert,2,7,44,17,38.6,25,12,48.0,19,5,26.3,44.3,4.12,4,4,7,3,3,15,7,46.7,8,4,50.0,2,1,50.0,4,1,25.0,15,4,26.7
Newcastle Eagles,Maceo Jack,14,34,385,183,47.5,270,145,53.7,115,38,33.0,52.5,3.74,32,32,33,19,26,133,86,64.7,76,38,50.0,61,21,34.4,30,13,43.3,85,25,29.4
Newcastle Eagles,Malcolm Smith,45,7,36,9,25.0,35,9,25.7,1,0,0.0,25.0,2.97,0,0,3,1,2,13,4,30.8,8,0,0.0,14,5,35.7,0,0,,1,0,0.0
Newcastle Eagles,Marco Anthony,25,7,69,34,49.3,64,33,51.6,5,1,20.0,50.0,2.83,2,2,11,8,2,17,12,70.6,29,13,44.8,18,8,44.4,2,0,0.0,3,1,33.3
Newcastle Eagles,Mitch Clarke,41,37,266,104,39.1,136,68,50.0,130,36,27.7,45.9,4.52,12,12,21,10,13,101,54,53.5,23,11,47.8,12,3,25.0,8,2,25.0,122,34,27.9
Newcastle Eagles,Ray'Sean Taylor,3,35,441,203,46.0,230,132,57.4,211,71,33.6,54.1,4.58,34,34,34,18,17,142,101,71.1,62,23,37.1,26,8,30.8,14,7,50.0,197,64,32.5
Newcastle Eagles,Sauveur Kande,9,16,42,21,50.0,10,3,30.0,32,18,56.2,71.4,6.06,7,7,2,0,2,5,1,20.0,4,2,50.0,1,0,0.0,6,1,16.7,26,17,65.4
Newcastle Eagles,Terrell Burden,1,1,4,1,25.0,2,1,50.0,2,0,0.0,25.0,5.53,1,1,2,0,0,1,1,100.0,0,0,,1,0,0.0,0,0,,2,0,0.0
Newcastle Eagles,Terrell Burden Jr,1,21,154,77,50.0,113,65,57.5,41,12,29.3,53.9,2.94,16,16,11,8,5,89,61,68.5,18,2,11.1,6,2,33.3,1,0,0.0,40,12,30.0
Surrey 89ers,Andrew Lawrence,4,20,62,23,37.1,27,14,51.9,35,9,25.7,44.4,5.29,5,5,4,0,3,13,5,38.5,6,4,66.7,8,5,62.5,3,1,33.3,32,8,25.0
Surrey 89ers,Di-Jani Parkinson,33,2,4,0,0.0,3,0,0.0,1,0,0.0,0.0,2.51,0,0,0,0,0,2,0,0.0,1,0,0.0,0,0,,0,0,,1,0,0.0
Surrey 89ers,Haydn Ling,55,29,81,51,63.0,78,51,65.4,3,0,0.0,63.0,1.37,1,1,22,14,5,58,40,69.0,18,11,61.1,2,0,0.0,0,0,,3,0,0.0
Surrey 89ers,Isiah Small,0,32,360,175,48.6,284,148,52.1,76,27,35.5,52.4,2.83,20,20,71,39,11,187,117,62.6,53,19,35.8,44,12,27.3,12,7,58.3,64,20,31.2
Surrey 89ers,Joshua Smith-White,33,1,2,0,0.0,0,0,,2,0,0.0,0.0,7.2,0,0,0,0,1,0,0,,0,0,,0,0,,0,0,,2,0,0.0
Surrey 89ers,Joshua Smith-White,44,2,4,2,50.0,1,1,100.0,3,1,33.3,62.5,5.71,1,1,0,0,0,1,1,100.0,0,0,,0,0,,0,0,,3,1,33.3
Surrey 89ers,Kareem Queeley,11,7,46,19,41.3,25,15,60.0,21,4,19.0,45.7,4.32,5,5,9,2,1,18,13,72.2,3,2,66.7,4,0,0.0,2,1,50.0,19,3,15.8
Surrey 89ers,Kino Lily Jr,12,35,498,230,46.2,216,102,47.2,282,128,45.4,59.0,5.64,32,32,37,14,12,59,30,50.8,64,32,50.0,93,40,43.0,45,20,44.4,237,108,45.6
Surrey 89ers,Maximilian Coupe,33,1,3,1,33.3,2,1,50.0,1,0,0.0,33.3,3.14,0,0,0,0,0,2,1,50.0,0,0,,0,0,,0,0,,1,0,0.0
Surrey 89ers,Michael Graham,21,31,243,140,57.6,242,140,57.9,1,0,0.0,57.6,1.13,11,11,85,41,10,173,110,63.6,59,27,45.8,10,3,30.0,0,0,,1,0,0.0
Surrey 89ers,Nedas Cholevinskas,17,35,197,78,39.6,89,37,41.6,108,41,38.0,50.0,4.88,8,8,24,8,8,51,25,49.0,22,10,45.5,16,2,12.5,17,7,41.2,91,34,37.4
Surrey 89ers,Owen Koonce,1,10,51,21,41.2,28,15,53.6,23,6,26.1,47.1,4.15,3,3,8,5,2,18,13,72.2,6,2,33.3,4,0,0.0,2,0,0.0,21,6,28.6
Surrey 89ers,RJ Eytle-Rock,44,6,23,7,30.4,16,6,37.5,7,1,14.3,32.6,3.32,1,1,7,1,1,10,5,50.0,3,0,0.0,3,1,33.3,2,0,0.0,5,1,20.0
Surrey 89ers,Ronald Polite III,7,32,337,174,51.6,233,137,58.8,104,37,35.6,57.1,3.65,27,27,35,18,8,132,94,71.2,66,30,45.5,35,13,37.1,12,5,41.7,92,32,34.8
Surrey 89ers,Tayo Ogedengbe,15,31,143,55,38.5,60,30,50.0,83,25,30.1,47.2,4.9,8,8,10,4,6,41,27,65.9,14,3,21.4,5,0,0.0,25,6,24.0,58,19,32.8
Surrey 89ers,Timothy Nwanko,19,11,30,13,43.3,27,13,48.1,3,0,0.0,43.3,1.89,4,4,6,4,2,21,12,57.1,3,1,33.3,3,0,0.0,1,0,0.0,2,0,0.0
Surrey 89ers,Timothy Nwankwo,19,10,32,15,46.9,26,14,53.8,6,1,16.7,48.4,2.71,1,1,5,4,0,14,12,85.7,10,1,10.0,2,1,50.0,0,0,,6,1,16.7
Surrey 89ers,Tyrin Lawrence,10,18,220,103,46.8,147,86,58.5,73,17,23.3,50.7,3.84,29,29,14,7,6,71,51,71.8,58,30,51.7,18,5,27.8,12,3,25.0,61,14,23.0
Surrey 89ers,Tyrin Lawrence,33,2,24,16,66.7,16,14,87.5,8,2,25.0,70.8,3.69,7,7,1,1,2,8,7,87.5,7,6,85.7,1,1,100.0,2,0,0.0,6,2,33.3
