Team,Lineup,GAMES,TOTAL_TIME,PTS,FGM,FGA,FG%,3PM,3PA,3P%,FTM,FTA,FT%,OREB,DREB,REB,AST,STL,BLK,TOV,PF,POSS,PACE,PACE_FOR,PACE_VS,APL_OFF,APL_DEF,OFF_eFG%,OFF_TS%,OFF_AST%,OFF_OREB%,OFF_DREB%,OFF_TOV%,OFF_FT_RATE,OFF_3PA_RATE,OFF_RTG,PTS_VS,FGM_VS,FGA_VS,FG%_VS,3PM_VS,3PA_VS,3P%_VS,FTM_VS,FTA_VS,FT%_VS,OREB_VS,DREB_VS,REB_VS,AST_VS,STL_VS,BLK_VS,TOV_VS,PF_VS,POSS_VS,DEF_eFG%,DEF_TS%,DEF_TOV%,DEF_OREB%_VS,DEF_3PA_RATE,DEF_RTG,NET_RTG,RIM_ATT,RIM_MADE,RIM%,OTD_2PT_ATT,OTD_2PT_MADE,OTD_2PT%,OTD_3PT_ATT,OTD_3PT_MADE,OTD_3PT%,PASS_TO,DRIBBLE_TO,DEFENSE_TO,MISC_TO,RIM_ATT_VS,RIM_MADE_VS,RIM%_VS,OTD_2PT_ATT_VS,OTD_2PT_MADE_VS,OTD_2PT%_VS,OTD_3PT_ATT_VS,OTD_3PT_MADE_VS,OTD_3PT%_VS,PASS_TO_VS,DRIBBLE_TO_VS,DEFENSE_TO_VS,MISC_TO_VS
ANGELES DE CIUDAD DE MÉXICO,"J. Calloway, Y. Bonilla Silva, W. Yoakum, T. Brown, D. Willis Orozco",6,14374,0,0,466,0,0,185,0,0,0,0,0,0,0,0,0,0,0,0,447,72.1,74.7,69.4,32.1,34.6,0,0,0,0,0,0,0,39.7,0,0,0,433,0,0,160,0,0,0,0,0,0,0,0,0,0,0,0,415,0,0,0,0,37,0,0,29,0,0,0,0,0,0,0,0,0,0,0,1,24,0,0,0,0,0,0,0,0,0,0,0,1
ZONKEYS DE TIJUANA,"A. Pruitt, J. Webster, T. Allen, F. Jaimes Nava, J. Grayer",6,14324,0,0,428,0,0,189,0,0,0,0,0,0,0,0,0,0,0,0,410,68.7,68.8,68.5,34.9,35.0,0,0,0,0,0,0,0,44.2,0,0,0,426,0,0,176,0,0,0,0,0,0,0,0,0,0,0,0,408,0,0,0,0,41.3,0,0,12,0,0,0,0,0,0,0,0,0,0,0,1,19,0,0,0,0,0,0,0,0,0,0,0,0
ANGELES DE CIUDAD DE MÉXICO,"J. Calloway, W. Yoakum, T. Brown, D. Jennings, D. Willis Orozco",5,11915,0,0,364,0,0,145,0,0,0,0,0,0,0,0,0,0,0,0,349,69.2,70.4,68.1,34.1,35.3,0,0,0,0,0,0,0,39.8,0,0,0,352,0,0,148,0,0,0,0,0,0,0,0,0,0,0,0,337,0,0,0,0,42,0,0,14,0,0,0,0,0,0,0,0,0,0,0,0,14,0,0,0,0,0,0,0,0,0,0,0,0
HALCONES DE OBREGON,"G. Whittington, J. De Vante Perkins, J. Adaway, C. Zinaich, T. Nuno",4,9550,0,0,267,0,0,95,0,0,0,0,0,0,0,0,0,0,0,0,256,62.7,64.4,61,37.3,39.3,0,0,0,0,0,0,0,35.6,0,0,0,253,0,0,96,0,0,0,0,0,0,0,0,0,0,0,0,242,0,0,0,0,37.9,0,0,9,0,0,0,0,0,0,0,0,0,0,0,1,10,0,0,0,0,0,0,0,0,0,0,0,1
ZONKEYS DE TIJUANA,"J. Webster, M. Durr, T. Allen, F. Jaimes Nava, J. Grayer",3,7183,0,0,215,0,0,79,0,0,0,0,0,0,0,0,0,0,0,0,206,68.6,69,68.3,34.8,35.1,0,0,0,0,0,0,0,36.7,0,0,0,213,0,0,83,0,0,0,0,0,0,0,0,0,0,0,0,204,0,0,0,0,39,0,0,12,0,0,0,0,0,0,0,0,0,0,0,0,5,0,0,0,0,0,0,0,0,0,0,0,0
OSTIONEROS DE GUAYMAS,"J. Ivey, I. Muhammad, G. Davis-Mcmurrin, U. Utomi, J. Wheeler",3,7178,0,0,197,0,0,84,0,0,0,0,0,0,0,0,0,0,0,0,189,62.4,63.2,61.6,38.0,38.9,0,0,0,0,0,0,0,42.6,0,0,0,192,0,0,56,0,0,0,0,0,0,0,0,0,0,0,0,184,0,0,0,0,29.2,0,0,8,0,0,0,0,0,0,0,0,0,0,0,0,11,0,0,0,0,0,0,0,0,0,0,0,0
ASTROS DE JALISCO,"T. Mc Callum, A. Chaney, K. Rodriguez Carrazco, M. Mitchell, M. Mckinney",3,7155,0,0,191,0,0,68,0,0,0,0,0,0,0,0,0,0,0,0,183,62,61.5,62.5,39.0,38.4,0,0,0,0,0,0,0,35.6,0,0,0,194,0,0,81,0,0,0,0,0,0,0,0,0,0,0,0,186,0,0,0,0,41.8,0,0,6,0,0,0,0,0,0,0,0,0,0,0,0,9,0,0,0,0,0,0,0,0,0,0,0,1
ZONKEYS DE TIJUANA,"A. Williams, J. Webster, M. Durr, T. Allen, J. Grayer",3,7161,0,0,191,0,0,95,0,0,0,0,0,0,0,0,0,0,0,0,183,59.7,61.5,57.9,39.1,41.4,0,0,0,0,0,0,0,49.7,0,0,0,180,0,0,64,0,0,0,0,0,0,0,0,0,0,0,0,172,0,0,0,0,35.6,0,0,0,0,0,0,0,0,0,0,0,0,0,0,1,4,0,0,0,0,0,0,0,0,0,0,0,0
HALCONES DE OBREGON,"G. Whittington, B. Beavers, J. Adaway, C. Zinaich, T. Nuno",3,7152,0,0,188,0,0,83,0,0,0,0,0,0,0,0,0,0,0,0,180,62.8,60.6,65.1,39.6,36.9,0,0,0,0,0,0,0,44.1,0,0,0,202,0,0,69,0,0,0,0,0,0,0,0,0,0,0,0,193,0,0,0,0,34.2,0,0,9,0,0,0,0,0,0,0,0,0,0,0,0,6,0,0,0,0,0,0,0,0,0,0,0,0
ASTROS DE JALISCO,"T. Mc Callum, B. Jefferson, A. Chaney, K. Rodriguez Carrazco, H. Grant Iv",3,7161,0,0,180,0,0,64,0,0,0,0,0,0,0,0,0,0,0,0,172,59.7,57.9,61.5,41.4,39.1,0,0,0,0,0,0,0,35.6,0,0,0,191,0,0,95,0,0,0,0,0,0,0,0,0,0,0,0,183,0,0,0,0,49.7,0,0,4,0,0,0,0,0,0,0,0,0,0,0,0,0,0,0,0,0,0,0,0,0,0,0,0,1
HALCONES DE OBREGON,"G. Whittington, J. De Vante Perkins, J. Adaway, T. Nuno, J. Canty",3,7159,0,0,178,0,0,59,0,0,0,0,0,0,0,0,0,0,0,0,170,57,57.3,56.6,41.9,42.4,0,0,0,0,0,0,0,33.1,0,0,0,176,0,0,71,0,0,0,0,0,0,0,0,0,0,0,0,168,0,0,0,0,40.3,0,0,4,0,0,0,0,0,0,0,0,0,0,0,0,5,0,0,0,0,0,0,0,0,0,0,0,0
RAYOS DE HERMOSILLO,"B. Griggs, K. Iverson, S. Kenney, S. Maxwell, B. Martinez Campa",2,4779,0,0,143,0,0,54,0,0,0,0,0,0,0,0,0,0,0,0,137,71.4,68.9,73.8,34.8,32.5,0,0,0,0,0,0,0,37.8,0,0,0,153,0,0,63,0,0,0,0,0,0,0,0,0,0,0,0,146,0,0,0,0,41.2,0,0,6,0,0,0,0,0,0,0,0,0,0,0,1,9,0,0,0,0,0,0,0,0,0,0,0,1
ASTROS DE JALISCO,"T. Mc Callum, A. Chaney, K. Rodriguez Carrazco, H. Grant Iv, M. Mckinney",2,4764,0,0,132,0,0,48,0,0,0,0,0,0,0,0,0,0,0,0,126,60.2,63.8,56.6,37.6,42.4,0,0,0,0,0,0,0,36.4,0,0,0,117,0,0,54,0,0,0,0,0,0,0,0,0,0,0,0,112,0,0,0,0,46.2,0,0,3,0,0,0,0,0,0,0,0,0,0,0,0,4,0,0,0,0,0,0,0,0,0,0,0,0
ZONKEYS DE TIJUANA,"A. Williams, J. Webster, T. Allen, F. Jaimes Nava, J. Grayer",2,4756,0,0,131,0,0,54,0,0,0,0,0,0,0,0,0,0,0,0,125,61,63.5,58.6,37.8,40.9,0,0,0,0,0,0,0,41.2,0,0,0,121,0,0,52,0,0,0,0,0,0,0,0,0,0,0,0,116,0,0,0,0,43,0,0,5,0,0,0,0,0,0,0,0,0,0,0,0,4,0,0,0,0,0,0,0,0,0,0,0,0
ASTROS DE JALISCO,"T. Mc Callum, K. Rodriguez Carrazco, J. Michael Martin, M. Mitchell, M. Mckinney",2,4784,0,0,127,0,0,56,0,0,0,0,0,0,0,0,0,0,0,0,121,62.1,61.2,63.1,39.2,38.0,0,0,0,0,0,0,0,44.1,0,0,0,131,0,0,60,0,0,0,0,0,0,0,0,0,0,0,0,125,0,0,0,0,45.8,0,0,3,0,0,0,0,0,0,0,0,0,0,0,0,2,0,0,0,0,0,0,0,0,0,0,0,1
PIONEROS DE LOS MOCHIS,"J. Frame, R. Smith, A. Harrison, I. Williams, D. Carlisle",2,4757,0,0,127,0,0,56,0,0,0,0,0,0,0,0,0,0,0,0,121,66.1,61.5,70.7,39.0,33.9,0,0,0,0,0,0,0,44.1,0,0,0,146,0,0,60,0,0,0,0,0,0,0,0,0,0,0,0,140,0,0,0,0,41.1,0,0,5,0,0,0,0,0,0,0,0,0,0,0,0,5,0,0,0,0,0,0,0,0,0,0,0,0
PIONEROS DE LOS MOCHIS,"J. Frame, R. Smith, A. Harrison, M. Carter, T. Johnson",2,4788,0,0,127,0,0,56,0,0,0,0,0,0,0,0,0,0,0,0,121,60.2,61.1,59.2,39.3,40.5,0,0,0,0,0,0,0,44.1,0,0,0,123,0,0,63,0,0,0,0,0,0,0,0,0,0,0,0,118,0,0,0,0,51.2,0,0,7,0,0,0,0,0,0,0,0,0,0,0,0,5,0,0,0,0,0,0,0,0,0,0,0,0
PIONEROS DE LOS MOCHIS,"J. Frame, A. Harrison, K. Allen, I. Williams, M. Carter",2,4800,0,0,126,0,0,48,0,0,0,0,0,0,0,0,0,0,0,0,120,62.9,60.5,65.3,39.7,36.8,0,0,0,0,0,0,0,38.1,0,0,0,136,0,0,50,0,0,0,0,0,0,0,0,0,0,0,0,130,0,0,0,0,36.8,0,0,1,0,0,0,0,0,0,0,0,0,0,0,0,7,0,0,0,0,0,0,0,0,0,0,0,0
ZONKEYS DE TIJUANA,"A. Pruitt, A. Williams, J. Webster, F. Jaimes Nava, J. Grayer",2,4309,0,0,111,0,0,47,0,0,0,0,0,0,0,0,0,0,0,0,106,59.9,59.4,60.4,40.4,39.7,0,0,0,0,0,0,0,42.3,0,0,0,113,0,0,45,0,0,0,0,0,0,0,0,0,0,0,0,108,0,0,0,0,39.8,0,0,3,0,0,0,0,0,0,0,0,0,0,0,0,1,0,0,0,0,0,0,0,0,0,0,0,0
ANGELES DE CIUDAD DE MÉXICO,"S. Leday, W. Yoakum, T. Brown, D. Jennings, D. Jordan",1,2376,0,0,93,0,0,33,0,0,0,0,0,0,0,0,0,0,0,0,89,78.1,90.2,65.9,26.6,36.4,0,0,0,0,0,0,0,35.5,0,0,0,68,0,0,28,0,0,0,0,0,0,0,0,0,0,0,0,65,0,0,0,0,41.2,0,0,5,0,0,0,0,0,0,0,0,0,0,0,0,1,0,0,0,0,0,0,0,0,0,0,0,0
ANGELES DE CIUDAD DE MÉXICO,"J. Calloway, S. Leday, W. Yoakum, T. Brown, D. Willis Orozco",1,2392,0,0,86,0,0,35,0,0,0,0,0,0,0,0,0,0,0,0,82,76.1,82.8,69.4,29.0,34.6,0,0,0,0,0,0,0,40.7,0,0,0,72,0,0,33,0,0,0,0,0,0,0,0,0,0,0,0,69,0,0,0,0,45.8,0,0,5,0,0,0,0,0,0,0,0,0,0,0,0,5,0,0,0,0,0,0,0,0,0,0,0,0
CABALLEROS DE CULIACAN,"L. Peters, J. Hughes Iii, I. Hamilton, C. Vogt, D. Wallace",1,2685,0,0,84,0,0,34,0,0,0,0,0,0,0,0,0,0,0,0,80,69.5,72.1,66.9,33.3,35.9,0,0,0,0,0,0,0,40.5,0,0,0,78,0,0,24,0,0,0,0,0,0,0,0,0,0,0,0,74,0,0,0,0,30.8,0,0,8,0,0,0,0,0,0,0,0,0,0,0,0,7,0,0,0,0,0,0,0,0,0,0,0,0
VENADOS DE MAZATLAN,"E. Weaver, J. Andriassi Quintana, B. Riley Jr, T. Thompson, M. Jackson Wright",1,2400,0,0,79,0,0,26,0,0,0,0,0,0,0,0,0,0,0,0,75,79.7,75.8,83.5,31.6,28.7,0,0,0,0,0,0,0,32.9,0,0,0,87,0,0,42,0,0,0,0,0,0,0,0,0,0,0,0,83,0,0,0,0,48.3,0,0,6,0,0,0,0,0,0,0,0,0,0,0,0,5,0,0,0,0,0,0,0,0,0,0,0,0
ANGELES DE CIUDAD DE MÉXICO,"J. Calloway, S. Leday, Y. Bonilla Silva, W. Yoakum, T. Brown",1,2392,0,0,78,0,0,31,0,0,0,0,0,0,0,0,0,0,0,0,74,70.3,75.1,65.5,31.9,36.6,0,0,0,0,0,0,0,39.7,0,0,0,68,0,0,32,0,0,0,0,0,0,0,0,0,0,0,0,65,0,0,0,0,47.1,0,0,6,0,0,0,0,0,0,0,0,0,0,0,0,3,0,0,0,0,0,0,0,0,0,0,0,0
ASTROS DE JALISCO,"T. Mc Callum, K. Rodriguez Carrazco, J. Michael Martin, H. Grant Iv, M. Mckinney",1,2685,0,0,78,0,0,24,0,0,0,0,0,0,0,0,0,0,0,0,74,69.5,66.9,72.1,35.9,33.3,0,0,0,0,0,0,0,30.8,0,0,0,84,0,0,34,0,0,0,0,0,0,0,0,0,0,0,0,80,0,0,0,0,40.5,0,0,7,0,0,0,0,0,0,0,0,0,0,0,0,8,0,0,0,0,0,0,0,0,0,0,0,0
VENADOS DE MAZATLAN,"E. Weaver, K. Feagin, B. Riley Jr, T. Thompson, M. Jackson Wright",1,2400,0,0,77,0,0,21,0,0,0,0,0,0,0,0,0,0,0,0,73,68.2,73.9,62.4,32.5,38.5,0,0,0,0,0,0,0,27.3,0,0,0,65,0,0,19,0,0,0,0,0,0,0,0,0,0,0,0,62,0,0,0,0,29.2,0,0,3,0,0,0,0,0,0,0,0,0,0,0,0,6,0,0,0,0,0,0,0,0,0,0,0,0
HALCONES DE OBREGON,"K. Williams, B. Beavers, J. Adaway, T. Nuno, J. Canty",1,2356,0,0,74,0,0,23,0,0,0,0,0,0,0,0,0,0,0,0,71,68.5,72.4,64.5,33.2,37.2,0,0,0,0,0,0,0,31.1,0,0,0,66,0,0,25,0,0,0,0,0,0,0,0,0,0,0,0,63,0,0,0,0,37.9,0,0,4,0,0,0,0,0,0,0,0,0,0,0,1,6,0,0,0,0,0,0,0,0,0,0,0,0
ASTROS DE JALISCO,"B. Jefferson, A. Chaney, K. Rodriguez Carrazco, H. Grant Iv, M. Mckinney",1,2397,0,0,73,0,0,28,0,0,0,0,0,0,0,0,0,0,0,0,70,62,70.2,53.8,34.2,44.6,0,0,0,0,0,0,0,38.4,0,0,0,56,0,0,29,0,0,0,0,0,0,0,0,0,0,0,0,53,0,0,0,0,51.8,0,0,4,0,0,0,0,0,0,0,0,0,0,0,0,1,0,0,0,0,0,0,0,0,0,0,0,0
ZONKEYS DE TIJUANA,"A. Pruitt, A. Williams, J. Webster, M. Durr, J. Grayer",1,2397,0,0,73,0,0,36,0,0,0,0,0,0,0,0,0,0,0,0,70,62,70.2,53.8,34.2,44.6,0,0,0,0,0,0,0,49.3,0,0,0,56,0,0,27,0,0,0,0,0,0,0,0,0,0,0,0,53,0,0,0,0,48.2,0,0,1,0,0,0,0,0,0,0,0,0,0,0,0,0,0,0,0,0,0,0,0,0,0,0,0,0
RAYOS DE HERMOSILLO,"T. Clark, K. Iverson, R. Goodwin, S. Kenney, B. Martinez Campa",1,2392,0,0,72,0,0,33,0,0,0,0,0,0,0,0,0,0,0,0,69,76.1,69.4,82.8,34.6,29.0,0,0,0,0,0,0,0,45.8,0,0,0,86,0,0,35,0,0,0,0,0,0,0,0,0,0,0,0,82,0,0,0,0,40.7,0,0,5,0,0,0,0,0,0,0,0,0,0,0,0,5,0,0,0,0,0,0,0,0,0,0,0,0
PIONEROS DE LOS MOCHIS,"J. Frame, R. Smith, A. Harrison, I. Williams, M. Carter",1,2381,0,0,71,0,0,33,0,0,0,0,0,0,0,0,0,0,0,0,68,65.3,68.7,61.9,34.9,38.8,0,0,0,0,0,0,0,46.5,0,0,0,64,0,0,32,0,0,0,0,0,0,0,0,0,0,0,0,61,0,0,0,0,50,0,0,1,0,0,0,0,0,0,0,0,0,0,0,0,1,0,0,0,0,0,0,0,0,0,0,0,0
RAYOS DE HERMOSILLO,"C. Cameron, T. Clark, K. Iverson, D. Mcneill, J. Montgomery",1,2348,0,0,71,0,0,21,0,0,0,0,0,0,0,0,0,0,0,0,68,68.2,69.7,66.7,34.4,36.0,0,0,0,0,0,0,0,29.6,0,0,0,68,0,0,24,0,0,0,0,0,0,0,0,0,0,0,0,65,0,0,0,0,35.3,0,0,0,0,0,0,0,0,0,0,0,0,0,0,0,0,0,0,0,0,0,0,0,0,0,0,0,0
ZONKEYS DE TIJUANA,"A. Pruitt, J. Webster, T. Allen, C. Mitchell, F. Jaimes Nava",1,2391,0,0,71,0,0,33,0,0,0,0,0,0,0,0,0,0,0,0,68,69.4,68.4,70.3,35.1,34.1,0,0,0,0,0,0,0,46.5,0,0,0,73,0,0,25,0,0,0,0,0,0,0,0,0,0,0,0,70,0,0,0,0,34.2,0,0,5,0,0,0,0,0,0,0,0,0,0,0,0,7,0,0,0,0,0,0,0,0,0,0,0,0
ASTROS DE JALISCO,"T. Mc Callum, J. Michael Martin, M. Mitchell, M. Mckinney, L. Alvarez Montoya",1,2399,0,0,70,0,0,32,0,0,0,0,0,0,0,0,0,0,0,0,67,65.8,67.2,64.3,35.7,37.3,0,0,0,0,0,0,0,45.7,0,0,0,67,0,0,22,0,0,0,0,0,0,0,0,0,0,0,0,64,0,0,0,0,32.8,0,0,4,0,0,0,0,0,0,0,0,0,0,0,0,3,0,0,0,0,0,0,0,0,0,0,0,1
ASTROS DE JALISCO,"T. Mc Callum, A. Chaney, J. Michael Martin, H. Grant Iv, M. Mckinney",1,2400,0,0,69,0,0,25,0,0,0,0,0,0,0,0,0,0,0,0,66,64.8,66.2,63.4,36.2,37.9,0,0,0,0,0,0,0,36.2,0,0,0,66,0,0,28,0,0,0,0,0,0,0,0,0,0,0,0,63,0,0,0,0,42.4,0,0,2,0,0,0,0,0,0,0,0,0,0,0,0,1,0,0,0,0,0,0,0,0,0,0,0,1
FRAYLES DE GUASAVE,"D. Thomas, K. Whitney, C. Campbell, B. Porter, S. Pinkney",1,2348,0,0,68,0,0,24,0,0,0,0,0,0,0,0,0,0,0,0,65,68.2,66.7,69.7,36.0,34.4,0,0,0,0,0,0,0,35.3,0,0,0,71,0,0,21,0,0,0,0,0,0,0,0,0,0,0,0,68,0,0,0,0,29.6,0,0,0,0,0,0,0,0,0,0,0,0,0,0,0,0,0,0,0,0,0,0,0,0,0,0,0,0
PIONEROS DE LOS MOCHIS,"J. Frame, G. Vazquez Mejia, Q. Davis, M. Carter, T. Johnson",1,2376,0,0,68,0,0,28,0,0,0,0,0,0,0,0,0,0,0,0,65,78.1,65.9,90.2,36.4,26.6,0,0,0,0,0,0,0,41.2,0,0,0,93,0,0,33,0,0,0,0,0,0,0,0,0,0,0,0,89,0,0,0,0,35.5,0,0,1,0,0,0,0,0,0,0,0,0,0,0,0,5,0,0,0,0,0,0,0,0,0,0,0,0
RAYOS DE HERMOSILLO,"B. Griggs, C. Cameron, K. Iverson, S. Kenney, B. Martinez Campa",1,2399,0,0,68,0,0,25,0,0,0,0,0,0,0,0,0,0,0,0,65,71.5,65.3,77.8,36.7,30.9,0,0,0,0,0,0,0,36.8,0,0,0,81,0,0,24,0,0,0,0,0,0,0,0,0,0,0,0,77,0,0,0,0,29.6,0,0,4,0,0,0,0,0,0,0,0,0,0,0,0,5,0,0,0,0,0,0,0,0,0,0,0,0
CABALLEROS DE CULIACAN,"J. Hughes Iii, J. Cumberland, I. Hamilton, O. Akonobi, D. Wallace",1,2356,0,0,66,0,0,25,0,0,0,0,0,0,0,0,0,0,0,0,63,68.5,64.5,72.4,37.2,33.2,0,0,0,0,0,0,0,37.9,0,0,0,74,0,0,23,0,0,0,0,0,0,0,0,0,0,0,0,71,0,0,0,0,31.1,0,0,6,0,0,0,0,0,0,0,0,0,0,0,0,4,0,0,0,0,0,0,0,0,0,0,0,1
CABALLEROS DE CULIACAN,"N. Allen, L. Peters, J. Hughes Iii, I. Hamilton, C. Vogt",1,2400,0,0,65,0,0,19,0,0,0,0,0,0,0,0,0,0,0,0,62,68.2,62.4,73.9,38.5,32.5,0,0,0,0,0,0,0,29.2,0,0,0,77,0,0,21,0,0,0,0,0,0,0,0,0,0,0,0,73,0,0,0,0,27.3,0,0,6,0,0,0,0,0,0,0,0,0,0,0,0,3,0,0,0,0,0,0,0,0,0,0,0,0
ZONKEYS DE TIJUANA,"A. Pruitt, J. Webster, M. Durr, C. Mitchell, J. Grayer",1,2381,0,0,64,0,0,32,0,0,0,0,0,0,0,0,0,0,0,0,61,65.3,61.9,68.7,38.8,34.9,0,0,0,0,0,0,0,50,0,0,0,71,0,0,33,0,0,0,0,0,0,0,0,0,0,0,0,68,0,0,0,0,46.5,0,0,1,0,0,0,0,0,0,0,0,0,0,0,0,1,0,0,0,0,0,0,0,0,0,0,0,0
CABALLEROS DE CULIACAN,"N. Allen, L. Peters, J. Hughes Iii, I. Hamilton, D. Wallace",1,2391,0,0,63,0,0,26,0,0,0,0,0,0,0,0,0,0,0,0,60,62.2,60.7,63.6,39.5,37.7,0,0,0,0,0,0,0,41.3,0,0,0,66,0,0,29,0,0,0,0,0,0,0,0,0,0,0,0,63,0,0,0,0,43.9,0,0,3,0,0,0,0,0,0,0,0,0,0,0,1,1,0,0,0,0,0,0,0,0,0,0,0,0
FRAYLES DE GUASAVE,"T. Jones, A. Peacock, B. Porter, J. Soto, S. Pinkney",1,2399,0,0,63,0,0,16,0,0,0,0,0,0,0,0,0,0,0,0,60,63.4,60.5,66.3,39.7,36.2,0,0,0,0,0,0,0,25.4,0,0,0,69,0,0,38,0,0,0,0,0,0,0,0,0,0,0,0,66,0,0,0,0,55.1,0,0,4,0,0,0,0,0,0,0,0,0,0,0,0,1,0,0,0,0,0,0,0,0,0,0,0,0
HALCONES DE OBREGON,"G. Whittington, K. Williams, J. De Vante Perkins, C. Zinaich, T. Nuno",1,2394,0,0,63,0,0,20,0,0,0,0,0,0,0,0,0,0,0,0,60,59.2,60.6,57.7,39.6,41.6,0,0,0,0,0,0,0,31.7,0,0,0,60,0,0,25,0,0,0,0,0,0,0,0,0,0,0,0,57,0,0,0,0,41.7,0,0,1,0,0,0,0,0,0,0,0,0,0,0,1,0,0,0,0,0,0,0,0,0,0,0,0,0
ASTROS DE JALISCO,"T. Mc Callum, A. Chaney, K. Rodriguez Carrazco, H. Grant Iv, M. Andriassi Quintana",1,2391,0,0,62,0,0,19,0,0,0,0,0,0,0,0,0,0,0,0,59,59.3,59.7,58.8,40.2,40.8,0,0,0,0,0,0,0,30.6,0,0,0,61,0,0,22,0,0,0,0,0,0,0,0,0,0,0,0,58,0,0,0,0,36.1,0,0,4,0,0,0,0,0,0,0,0,0,0,0,0,2,0,0,0,0,0,0,0,0,0,0,0,0
ASTROS DE JALISCO,"B. Jefferson, A. Chaney, K. Matute Perner, M. Andriassi Quintana, L. Alvarez Montoya",1,2396,0,0,62,0,0,28,0,0,0,0,0,0,0,0,0,0,0,0,59,57.7,59.6,55.8,40.3,43.0,0,0,0,0,0,0,0,45.2,0,0,0,58,0,0,23,0,0,0,0,0,0,0,0,0,0,0,0,55,0,0,0,0,39.7,0,0,1,0,0,0,0,0,0,0,0,0,0,0,0,1,0,0,0,0,0,0,0,0,0,0,0,0
RAYOS DE HERMOSILLO,"T. Clark, K. Iverson, R. Goodwin, S. Kenney, J. Montgomery",1,2399,0,0,62,0,0,23,0,0,0,0,0,0,0,0,0,0,0,0,59,65.3,59.5,71.1,40.3,33.8,0,0,0,0,0,0,0,37.1,0,0,0,74,0,0,30,0,0,0,0,0,0,0,0,0,0,0,0,71,0,0,0,0,40.5,0,0,4,0,0,0,0,0,0,0,0,0,0,0,0,5,0,0,0,0,0,0,0,0,0,0,0,0
ZONKEYS DE TIJUANA,"A. Williams, J. Webster, M. Durr, T. Allen, F. Jaimes Nava",1,2395,0,0,62,0,0,34,0,0,0,0,0,0,0,0,0,0,0,0,59,61.1,59.6,62.5,40.2,38.4,0,0,0,0,0,0,0,54.8,0,0,0,65,0,0,26,0,0,0,0,0,0,0,0,0,0,0,0,62,0,0,0,0,40,0,0,3,0,0,0,0,0,0,0,0,0,0,0,0,5,0,0,0,0,0,0,0,0,0,0,0,0
ZONKEYS DE TIJUANA,"A. Pruitt, A. Williams, J. Webster, T. Allen, J. Grayer",1,2391,0,0,61,0,0,22,0,0,0,0,0,0,0,0,0,0,0,0,58,59.3,58.8,59.7,40.8,40.2,0,0,0,0,0,0,0,36.1,0,0,0,62,0,0,19,0,0,0,0,0,0,0,0,0,0,0,0,59,0,0,0,0,30.6,0,0,2,0,0,0,0,0,0,0,0,0,0,0,0,4,0,0,0,0,0,0,0,0,0,0,0,0
OSTIONEROS DE GUAYMAS,"J. Ivey, G. Davis-Mcmurrin, U. Utomi, J. Wheeler, A. Tarke",1,2382,0,0,60,0,0,27,0,0,0,0,0,0,0,0,0,0,0,0,57,58.5,58,59,41.4,40.7,0,0,0,0,0,0,0,45,0,0,0,61,0,0,20,0,0,0,0,0,0,0,0,0,0,0,0,58,0,0,0,0,32.8,0,0,1,0,0,0,0,0,0,0,0,0,0,0,0,0,0,0,0,0,0,0,0,0,0,0,0,0
OSTIONEROS DE GUAYMAS,"H. Spencer Iii, S. Kenney, Q. Green, A. Tarke, B. Rivera Herrera",1,2394,0,0,60,0,0,25,0,0,0,0,0,0,0,0,0,0,0,0,57,59.2,57.7,60.6,41.6,39.6,0,0,0,0,0,0,0,41.7,0,0,0,63,0,0,20,0,0,0,0,0,0,0,0,0,0,0,0,60,0,0,0,0,31.7,0,0,0,0,0,0,0,0,0,0,0,0,0,0,0,1,0,0,0,0,0,0,0,0,0,0,0,1
ASTROS DE JALISCO,"T. Mc Callum, A. Chaney, K. Rodriguez Carrazco, M. Mckinney, K. Matute Perner",1,2381,0,0,59,0,0,21,0,0,0,0,0,0,0,0,0,0,0,0,56,61.4,57.1,65.8,42.0,36.5,0,0,0,0,0,0,0,35.6,0,0,0,68,0,0,26,0,0,0,0,0,0,0,0,0,0,0,0,65,0,0,0,0,38.2,0,0,0,0,0,0,0,0,0,0,0,0,0,0,1,0,0,0,0,0,0,0,0,0,0,0,0,0
CABALLEROS DE CULIACAN,"N. Allen, J. Hughes Iii, J. Cumberland, I. Hamilton, C. Vogt",1,2387,0,0,58,0,0,24,0,0,0,0,0,0,0,0,0,0,0,0,55,62.3,56,68.5,42.9,35.0,0,0,0,0,0,0,0,41.4,0,0,0,71,0,0,29,0,0,0,0,0,0,0,0,0,0,0,0,68,0,0,0,0,40.8,0,0,1,0,0,0,0,0,0,0,0,0,0,0,1,3,0,0,0,0,0,0,0,0,0,0,0,0
RAYOS DE HERMOSILLO,"T. Clark, K. Iverson, R. Goodwin, S. Kenney, S. Maxwell",1,2396,0,0,58,0,0,23,0,0,0,0,0,0,0,0,0,0,0,0,55,57.7,55.8,59.6,43.0,40.3,0,0,0,0,0,0,0,39.7,0,0,0,62,0,0,28,0,0,0,0,0,0,0,0,0,0,0,0,59,0,0,0,0,45.2,0,0,1,0,0,0,0,0,0,0,0,0,0,0,0,1,0,0,0,0,0,0,0,0,0,0,0,0
OSTIONEROS DE GUAYMAS,"I. Muhammad, G. Davis-Mcmurrin, C. Oluyitan, U. Utomi, J. Wheeler",1,2392,0,0,57,0,0,23,0,0,0,0,0,0,0,0,0,0,0,0,54,56.3,54.9,57.8,43.7,41.5,0,0,0,0,0,0,0,40.4,0,0,0,60,0,0,20,0,0,0,0,0,0,0,0,0,0,0,0,57,0,0,0,0,33.3,0,0,1,0,0,0,0,0,0,0,0,0,0,0,0,2,0,0,0,0,0,0,0,0,0,0,0,0
CABALLEROS DE CULIACAN,"J. Hughes Iii, J. Cumberland, I. Hamilton, C. Vogt, D. Wallace",1,2397,0,0,56,0,0,29,0,0,0,0,0,0,0,0,0,0,0,0,53,62,53.8,70.2,44.6,34.2,0,0,0,0,0,0,0,51.8,0,0,0,73,0,0,28,0,0,0,0,0,0,0,0,0,0,0,0,70,0,0,0,0,38.4,0,0,1,0,0,0,0,0,0,0,0,0,0,0,0,4,0,0,0,0,0,0,0,0,0,0,0,0
ASTROS DE JALISCO,"T. Mc Callum, A. Chaney, K. Rodriguez Carrazco, M. Mitchell, M. Andriassi Quintana",1,1909,0,0,49,0,0,20,0,0,0,0,0,0,0,0,0,0,0,0,47,57.3,59.1,55.5,40.6,43.2,0,0,0,0,0,0,0,40.8,0,0,0,46,0,0,23,0,0,0,0,0,0,0,0,0,0,0,0,44,0,0,0,0,50,0,0,1,0,0,0,0,0,0,0,0,0,0,0,0,1,0,0,0,0,0,0,0,0,0,0,0,0
