Player,Team,Numbers,Name_Variations,Teammates,Games,Minutes,PTS,FGM,FGA,FG%,3PM,3PA,3P%,FTM,FTA,FT%,OREB,DREB,REB,AST,STL,BLK,TOV,PF,POSS,PTS_AST,TPC,TPC/G,TPC/100,OFF_RTG,DEF_RTG,NET_RTG,eFG%,TS%,AST%,TOV%,RIM_ATT,RIM_MADE,RIM%,OTD_2PT_ATT,OTD_2PT_MADE,OTD_2PT%,OTD_3PT_ATT,OTD_3PT_MADE,OTD_3PT%,PASS_TO,DRIBBLE_TO,DEFENSE_TO,MISC_TO,2ND_CHANCE_PTS,FAST_BREAK_PTS,PTS_OFF_TOV
D. Jennings,ANGELES DE CIUDAD DE MÉXICO,44,D. Jennings,"D. Willis Orozco, J. Calloway, T. Brown, W. Yoakum",5,198.6,0,0,29,0.0,0,4,0.0,0,0,0,0,0,0,0,0,0,0,0,28,0,0,0.0,0.0,0.0,0.0,0.0,0.0,0.0,0,0.0,3,0,0,0,0,0,0,0,0,0,0,0,0,0,0,0
D. Jennings,ANGELES DE CIUDAD DE MÉXICO,44,D. Jennings,"D. Jordan, S. Leday, T. Brown, W. Yoakum",1,39.6,0,0,6,0.0,0,1,0.0,0,0,0,0,0,0,0,0,0,0,0,6,0,0,0.0,0.0,0.0,0.0,0.0,0.0,0.0,0,0.0,0,0,0,0,0,0,0,0,0,0,0,0,0,0,0,0
D. Jordan,ANGELES DE CIUDAD DE MÉXICO,7,D. Jordan,"D. Jennings, S. Leday, T. Brown, W. Yoakum",1,39.6,0,0,3,0.0,0,0,0,0,0,0,0,0,0,0,0,0,0,0,3,0,0,0.0,0.0,0.0,0.0,0.0,0.0,0.0,0,0.0,0,0,0,0,0,0,0,0,0,0,0,0,0,0,0,0
D. Willis Orozco,ANGELES DE CIUDAD DE MÉXICO,9,D. Willis Orozco,"J. Calloway, T. Brown, W. Yoakum, Y. Bonilla Silva",6,239.6,0,0,39,0.0,0,28,0.0,0,0,0,0,0,0,0,0,0,0,0,37,0,0,0.0,0.0,0.0,0.0,0.0,0.0,0.0,0,0.0,1,0,0,0,0,0,0,0,0,0,0,0,0,0,0,0
D. Willis Orozco,ANGELES DE CIUDAD DE MÉXICO,9,D. Willis Orozco,"D. Jennings, J. Calloway, T. Brown, W. Yoakum",5,198.6,0,0,25,0.0,0,11,0.0,0,0,0,0,0,0,0,0,0,0,0,24,0,0,0.0,0.0,0.0,0.0,0.0,0.0,0.0,0,0.0,0,0,0,0,0,0,0,0,0,0,0,0,0,0,0,0
D. Willis Orozco,ANGELES DE CIUDAD DE MÉXICO,9,D. Willis Orozco,"J. Calloway, S. Leday, T. Brown, W. Yoakum",1,39.9,0,0,12,0.0,0,9,0.0,0,0,0,0,0,0,0,0,0,0,0,12,0,0,0.0,0.0,0.0,0.0,0.0,0.0,0.0,0,0.0,0,0,0,0,0,0,0,0,0,0,0,0,0,0,0,0
J. Calloway,ANGELES DE CIUDAD DE MÉXICO,10,J. Calloway,"D. Willis Orozco, T. Brown, W. Yoakum, Y. Bonilla Silva",6,239.6,0,0,76,0.0,0,47,0.0,0,0,0,0,0,0,0,0,0,0,0,73,0,0,0.0,0.0,0.0,0.0,0.0,0.0,0.0,0,0.0,0,0,0,0,0,0,0,0,0,0,0,0,0,0,0,0
J. Calloway,ANGELES DE CIUDAD DE MÉXICO,10,J. Calloway,"D. Jennings, D. Willis Orozco, T. Brown, W. Yoakum",5,198.6,0,0,64,0.0,0,41,0.0,0,0,0,0,0,0,0,0,0,0,0,61,0,0,0.0,0.0,0.0,0.0,0.0,0.0,0.0,0,0.0,1,0,0,0,0,0,0,0,0,0,0,0,0,0,0,0
J. Calloway,ANGELES DE CIUDAD DE MÉXICO,10,J. Calloway,"D. Willis Orozco, S. Leday, T. Brown, W. Yoakum",1,39.9,0,0,14,0.0,0,7,0.0,0,0,0,0,0,0,0,0,0,0,0,13,0,0,0.0,0.0,0.0,0.0,0.0,0.0,0.0,0,0.0,0,0,0,0,0,0,0,0,0,0,0,0,0,0,0,0
J. Calloway,ANGELES DE CIUDAD DE MÉXICO,10,J. Calloway,"S. Leday, T. Brown, W. Yoakum, Y. Bonilla Silva",1,39.9,0,0,16,0.0,0,10,0.0,0,0,0,0,0,0,0,0,0,0,0,15,0,0,0.0,0.0,0.0,0.0,0.0,0.0,0.0,0,0.0,0,0,0,0,0,0,0,0,0,0,0,0,0,0,0,0
S. Leday,ANGELES DE CIUDAD DE MÉXICO,16,S. Leday,"D. Willis Orozco, J. Calloway, T. Brown, W. Yoakum",1,39.9,0,0,9,0.0,0,0,0,0,0,0,0,0,0,0,0,0,0,0,9,0,0,0.0,0.0,0.0,0.0,0.0,0.0,0.0,0,0.0,3,0,0,0,0,0,0,0,0,0,0,0,0,0,0,0
S. Leday,ANGELES DE CIUDAD DE MÉXICO,16,S. Leday,"J. Calloway, T. Brown, W. Yoakum, Y. Bonilla Silva",1,39.9,0,0,5,0.0,0,1,0.0,0,0,0,0,0,0,0,0,0,0,0,5,0,0,0.0,0.0,0.0,0.0,0.0,0.0,0.0,0,0.0,4,0,0,0,0,0,0,0,0,0,0,0,0,0,0,0
S. Leday,ANGELES DE CIUDAD DE MÉXICO,16,S. Leday,"D. Jennings, D. Jordan, T. Brown, W. Yoakum",1,39.6,0,0,10,0.0,0,2,0.0,0,0,0,0,0,0,0,0,0,0,0,10,0,0,0.0,0.0,0.0,0.0,0.0,0.0,0.0,0,0.0,4,0,0,0,0,0,0,0,0,0,0,0,0,0,0,0
T. Brown,ANGELES DE CIUDAD DE MÉXICO,4,T. Brown,"D. Willis Orozco, J. Calloway, W. Yoakum, Y. Bonilla Silva",6,239.6,0,0,91,0.0,0,34,0.0,0,0,0,0,0,0,0,0,0,0,0,87,0,0,0.0,0.0,0.0,0.0,0.0,0.0,0.0,0,0.0,1,0,0,0,0,0,0,0,0,0,0,0,0,0,0,0
T. Brown,ANGELES DE CIUDAD DE MÉXICO,4,T. Brown,"D. Jennings, D. Willis Orozco, J. Calloway, W. Yoakum",5,198.6,0,0,78,0.0,0,33,0.0,0,0,0,0,0,0,0,0,0,0,0,75,0,0,0.0,0.0,0.0,0.0,0.0,0.0,0.0,0,0.0,0,0,0,0,0,0,0,0,0,0,0,0,0,0,0,0
T. Brown,ANGELES DE CIUDAD DE MÉXICO,4,T. Brown,"D. Willis Orozco, J. Calloway, S. Leday, W. Yoakum",1,39.9,0,0,19,0.0,0,8,0.0,0,0,0,0,0,0,0,0,0,0,0,18,0,0,0.0,0.0,0.0,0.0,0.0,0.0,0.0,0,0.0,1,0,0,0,0,0,0,0,0,0,0,0,0,0,0,0
T. Brown,ANGELES DE CIUDAD DE MÉXICO,4,T. Brown,"J. Calloway, S. Leday, W. Yoakum, Y. Bonilla Silva",1,39.9,0,0,23,0.0,0,9,0.0,0,0,0,0,0,0,0,0,0,0,0,22,0,0,0.0,0.0,0.0,0.0,0.0,0.0,0.0,0,0.0,1,0,0,0,0,0,0,0,0,0,0,0,0,0,0,0
T. Brown,ANGELES DE CIUDAD DE MÉXICO,4,T. Brown,"D. Jennings, D. Jordan, S. Leday, W. Yoakum",1,39.6,0,0,22,0.0,0,12,0.0,0,0,0,0,0,0,0,0,0,0,0,21,0,0,0.0,0.0,0.0,0.0,0.0,0.0,0.0,0,0.0,0,0,0,0,0,0,0,0,0,0,0,0,0,0,0,0
W. Yoakum,ANGELES DE CIUDAD DE MÉXICO,3,W. Yoakum,"D. Willis Orozco, J. Calloway, T. Brown, Y. Bonilla Silva",6,239.6,0,0,50,0.0,0,12,0.0,0,0,0,0,0,0,0,0,0,0,0,48,0,0,0.0,0.0,0.0,0.0,0.0,0.0,0.0,0,0.0,2,0,0,0,0,0,0,0,0,0,0,0,0,0,0,0
W. Yoakum,ANGELES DE CIUDAD DE MÉXICO,3,W. Yoakum,"D. Jennings, D. Willis Orozco, J. Calloway, T. Brown",5,198.6,0,0,72,0.0,0,26,0.0,0,0,0,0,0,0,0,0,0,0,0,69,0,0,0.0,0.0,0.0,0.0,0.0,0.0,0.0,0,0.0,3,0,0,0,0,0,0,0,0,0,0,0,0,0,0,0
W. Yoakum,ANGELES DE CIUDAD DE MÉXICO,3,W. Yoakum,"D. Willis Orozco, J. Calloway, S. Leday, T. Brown",1,39.9,0,0,9,0.0,0,2,0.0,0,0,0,0,0,0,0,0,0,0,0,9,0,0,0.0,0.0,0.0,0.0,0.0,0.0,0.0,0,0.0,1,0,0,0,0,0,0,0,0,0,0,0,0,0,0,0
W. Yoakum,ANGELES DE CIUDAD DE MÉXICO,3,W. Yoakum,"J. Calloway, S. Leday, T. Brown, Y. Bonilla Silva",1,39.9,0,0,13,0.0,0,7,0.0,0,0,0,0,0,0,0,0,0,0,0,12,0,0,0.0,0.0,0.0,0.0,0.0,0.0,0.0,0,0.0,0,0,0,0,0,0,0,0,0,0,0,0,0,0,0,0
W. Yoakum,ANGELES DE CIUDAD DE MÉXICO,3,W. Yoakum,"D. Jennings, D. Jordan, S. Leday, T. Brown",1,39.6,0,0,16,0.0,0,3,0.0,0,0,0,0,0,0,0,0,0,0,0,15,0,0,0.0,0.0,0.0,0.0,0.0,0.0,0.0,0,0.0,0,0,0,0,0,0,0,0,0,0,0,0,0,0,0,0
Y. Bonilla Silva,ANGELES DE CIUDAD DE MÉXICO,2,Y. Bonilla Silva,"D. Willis Orozco, J. Calloway, T. Brown, W. Yoakum",6,239.6,0,0,52,0.0,0,6,0.0,0,0,0,0,0,0,0,0,0,0,0,50,0,0,0.0,0.0,0.0,0.0,0.0,0.0,0.0,0,0.0,4,0,0,0,0,0,0,0,0,0,0,0,0,0,0,0
Y. Bonilla Silva,ANGELES DE CIUDAD DE MÉXICO,2,Y. Bonilla Silva,"J. Calloway, S. Leday, T. Brown, W. Yoakum",1,39.9,0,0,9,0.0,0,1,0.0,0,0,0,0,0,0,0,0,0,0,0,9,0,0,0.0,0.0,0.0,0.0,0.0,0.0,0.0,0,0.0,1,0,0,0,0,0,0,0,0,0,0,0,0,0,0,0
A. Chaney,ASTROS DE JALISCO,11,A. Chaney,"B. Jefferson, H. Grant Iv, K. Rodriguez Carrazco, T. Mc Callum",3,119.3,0,0,30,0.0,0,13,0.0,0,0,0,0,0,0,0,0,0,0,0,29,0,0,0.0,0.0,0.0,0.0,0.0,0.0,0.0,0,0.0,0,0,0,0,0,0,0,0,0,0,0,0,0,0,0,0
A. Chaney,ASTROS DE JALISCO,11,A. Chaney,"K. Rodriguez Carrazco, M. Mckinney, M. Mitchell, T. Mc Callum",3,119.2,0,0,21,0.0,0,9,0.0,0,0,0,0,0,0,0,0,0,0,0,20,0,0,0.0,0.0,0.0,0.0,0.0,0.0,0.0,0,0.0,0,0,0,0,0,0,0,0,0,0,0,0,0,0,0,0
A. Chaney,ASTROS DE JALISCO,11,A. Chaney,"H. Grant Iv, K. Rodriguez Carrazco, M. Mckinney, T. Mc Callum",2,79.4,0,0,20,0.0,0,5,0.0,0,0,0,0,0,0,0,0,0,0,0,19,0,0,0.0,0.0,0.0,0.0,0.0,0.0,0.0,0,0.0,0,0,0,0,0,0,0,0,0,0,0,0,0,0,0,0
A. Chaney,ASTROS DE JALISCO,11,A. Chaney,"B. Jefferson, H. Grant Iv, K. Rodriguez Carrazco, M. Mckinney",1,40.0,0,0,9,0.0,0,4,0.0,0,0,0,0,0,0,0,0,0,0,0,9,0,0,0.0,0.0,0.0,0.0,0.0,0.0,0.0,0,0.0,0,0,0,0,0,0,0,0,0,0,0,0,0,0,0,0
A. Chaney,ASTROS DE JALISCO,11,A. Chaney,"H. Grant Iv, J. Michael Martin, M. Mckinney, T. Mc Callum",1,40.0,0,0,6,0.0,0,5,0.0,0,0,0,0,0,0,0,0,0,0,0,6,0,0,0.0,0.0,0.0,0.0,0.0,0.0,0.0,0,0.0,0,0,0,0,0,0,0,0,0,0,0,0,0,0,0,0
A. Chaney,ASTROS DE JALISCO,11,A. Chaney,"H. Grant Iv, K. Rodriguez Carrazco, M. Andriassi Quintana, T. Mc Callum",1,39.9,0,0,18,0.0,0,8,0.0,0,0,0,0,0,0,0,0,0,0,0,17,0,0,0.0,0.0,0.0,0.0,0.0,0.0,0.0,0,0.0,0,0,0,0,0,0,0,0,0,0,0,0,0,0,0,0
A. Chaney,ASTROS DE JALISCO,11,A. Chaney,"B. Jefferson, K. Matute Perner, L. Alvarez Montoya, M. Andriassi Quintana",1,39.9,0,0,15,0.0,0,6,0.0,0,0,0,0,0,0,0,0,0,0,0,14,0,0,0.0,0.0,0.0,0.0,0.0,0.0,0.0,0,0.0,0,0,0,0,0,0,0,0,0,0,0,0,0,0,0,0
A. Chaney,ASTROS DE JALISCO,11,A. Chaney,"K. Matute Perner, K. Rodriguez Carrazco, M. Mckinney, T. Mc Callum",1,39.7,0,0,10,0.0,0,4,0.0,0,0,0,0,0,0,0,0,0,0,0,10,0,0,0.0,0.0,0.0,0.0,0.0,0.0,0.0,0,0.0,0,0,0,0,0,0,0,0,0,0,0,0,0,0,0,0
A. Chaney,ASTROS DE JALISCO,11,A. Chaney,"K. Rodriguez Carrazco, M. Andriassi Quintana, M. Mitchell, T. Mc Callum",1,31.8,0,0,5,0.0,0,2,0.0,0,0,0,0,0,0,0,0,0,0,0,5,0,0,0.0,0.0,0.0,0.0,0.0,0.0,0.0,0,0.0,0,0,0,0,0,0,0,0,0,0,0,0,0,0,0,0
B. Jefferson,ASTROS DE JALISCO,10,B. Jefferson,"A. Chaney, H. Grant Iv, K. Rodriguez Carrazco, T. Mc Callum",3,119.3,0,0,24,0.0,0,9,0.0,0,0,0,0,0,0,0,0,0,0,0,23,0,0,0.0,0.0,0.0,0.0,0.0,0.0,0.0,0,0.0,0,0,0,0,0,0,0,0,0,0,0,0,0,0,0,0
B. Jefferson,ASTROS DE JALISCO,10,B. Jefferson,"A. Chaney, H. Grant Iv, K. Rodriguez Carrazco, M. Mckinney",1,40.0,0,0,11,0.0,0,2,0.0,0,0,0,0,0,0,0,0,0,0,0,11,0,0,0.0,0.0,0.0,0.0,0.0,0.0,0.0,0,0.0,0,0,0,0,0,0,0,0,0,0,0,0,0,0,0,0
B. Jefferson,ASTROS DE JALISCO,10,B. Jefferson,"A. Chaney, K. Matute Perner, L. Alvarez Montoya, M. Andriassi Quintana",1,39.9,0,0,5,0.0,0,1,0.0,0,0,0,0,0,0,0,0,0,0,0,5,0,0,0.0,0.0,0.0,0.0,0.0,0.0,0.0,0,0.0,0,0,0,0,0,0,0,0,0,0,0,0,0,0,0,0
H. Grant Iv,ASTROS DE JALISCO,22,H. Grant Iv,"A. Chaney, B. Jefferson, K. Rodriguez Carrazco, T. Mc Callum",3,119.3,0,0,24,0.0,0,0,0,0,0,0,0,0,0,0,0,0,0,0,23,0,0,0.0,0.0,0.0,0.0,0.0,0.0,0.0,0,0.0,1,0,0,0,0,0,0,0,0,0,0,0,0,0,0,0
H. Grant Iv,ASTROS DE JALISCO,22,H. Grant Iv,"A. Chaney, K. Rodriguez Carrazco, M. Mckinney, T. Mc Callum",2,79.4,0,0,10,0.0,0,0,0,0,0,0,0,0,0,0,0,0,0,0,10,0,0,0.0,0.0,0.0,0.0,0.0,0.0,0.0,0,0.0,1,0,0,0,0,0,0,0,0,0,0,0,0,0,0,0
H. Grant Iv,ASTROS DE JALISCO,22,H. Grant Iv,"J. Michael Martin, K. Rodriguez Carrazco, M. Mckinney, T. Mc Callum",1,44.8,0,0,4,0.0,0,0,0,0,0,0,0,0,0,0,0,0,0,0,4,0,0,0.0,0.0,0.0,0.0,0.0,0.0,0.0,0,0.0,2,0,0,0,0,0,0,0,0,0,0,0,0,0,0,0
H. Grant Iv,ASTROS DE JALISCO,22,H. Grant Iv,"A. Chaney, B. Jefferson, K. Rodriguez Carrazco, M. Mckinney",1,40.0,0,0,2,0.0,0,0,0,0,0,0,0,0,0,0,0,0,0,0,2,0,0,0.0,0.0,0.0,0.0,0.0,0.0,0.0,0,0.0,0,0,0,0,0,0,0,0,0,0,0,0,0,0,0,0
H. Grant Iv,ASTROS DE JALISCO,22,H. Grant Iv,"A. Chaney, J. Michael Martin, M. Mckinney, T. Mc Callum",1,40.0,0,0,13,0.0,0,0,0,0,0,0,0,0,0,0,0,0,0,0,12,0,0,0.0,0.0,0.0,0.0,0.0,0.0,0.0,0,0.0,1,0,0,0,0,0,0,0,0,0,0,0,0,0,0,0
H. Grant Iv,ASTROS DE JALISCO,22,H. Grant Iv,"A. Chaney, K. Rodriguez Carrazco, M. Andriassi Quintana, T. Mc Callum",1,39.9,0,0,2,0.0,0,0,0,0,0,0,0,0,0,0,0,0,0,0,2,0,0,0.0,0.0,0.0,0.0,0.0,0.0,0.0,0,0.0,0,0,0,0,0,0,0,0,0,0,0,0,0,0,0,0
J. Michael Martin,ASTROS DE JALISCO,13,J. Michael Martin,"K. Rodriguez Carrazco, M. Mckinney, M. Mitchell, T. Mc Callum",2,79.7,0,0,14,0.0,0,7,0.0,0,0,0,0,0,0,0,0,0,0,0,13,0,0,0.0,0.0,0.0,0.0,0.0,0.0,0.0,0,0.0,0,0,0,0,0,0,0,0,0,0,0,0,0,0,0,0
J. Michael Martin,ASTROS DE JALISCO,13,J. Michael Martin,"H. Grant Iv, K. Rodriguez Carrazco, M. Mckinney, T. Mc Callum",1,44.8,0,0,8,0.0,0,3,0.0,0,0,0,0,0,0,0,0,0,0,0,8,0,0,0.0,0.0,0.0,0.0,0.0,0.0,0.0,0,0.0,1,0,0,0,0,0,0,0,0,0,0,0,0,0,0,0
J. Michael Martin,ASTROS DE JALISCO,13,J. Michael Martin,"L. Alvarez Montoya, M. Mckinney, M. Mitchell, T. Mc Callum",1,40.0,0,0,9,0.0,0,3,0.0,0,0,0,0,0,0,0,0,0,0,0,9,0,0,0.0,0.0,0.0,0.0,0.0,0.0,0.0,0,0.0,0,0,0,0,0,0,0,0,0,0,0,0,0,0,0,0
J. Michael Martin,ASTROS DE JALISCO,13,J. Michael Martin,"A. Chaney, H. Grant Iv, M. Mckinney, T. Mc Callum",1,40.0,0,0,5,0.0,0,2,0.0,0,0,0,0,0,0,0,0,0,0,0,5,0,0,0.0,0.0,0.0,0.0,0.0,0.0,0.0,0,0.0,0,0,0,0,0,0,0,0,0,0,0,0,0,0,0,0
K. Matute Perner,ASTROS DE JALISCO,50,K. Matute Perner,"A. Chaney, B. Jefferson, L. Alvarez Montoya, M. Andriassi Quintana",1,39.9,0,0,2,0.0,0,0,0,0,0,0,0,0,0,0,0,0,0,0,2,0,0,0.0,0.0,0.0,0.0,0.0,0.0,0.0,0,0.0,0,0,0,0,0,0,0,0,0,0,0,0,0,0,0,0
K. Matute Perner,ASTROS DE JALISCO,50,K. Matute Perner,"A. Chaney, K. Rodriguez Carrazco, M. Mckinney, T. Mc Callum",1,39.7,0,0,1,0.0,0,0,0,0,0,0,0,0,0,0,0,0,0,0,1,0,0,0.0,0.0,0.0,0.0,0.0,0.0,0.0,0,0.0,0,0,0,0,0,0,0,0,0,0,0,0,0,0,0,0
K. Rodriguez Carrazco,ASTROS DE JALISCO,12,K. Rodriguez Carrazco,"A. Chaney, B. Jefferson, H. Grant Iv, T. Mc Callum",3,119.3,0,0,21,0.0,0,12,0.0,0,0,0,0,0,0,0,0,0,0,0,20,0,0,0.0,0.0,0.0,0.0,0.0,0.0,0.0,0,0.0,0,0,0,0,0,0,0,0,0,0,0,0,0,0,0,0
K. Rodriguez Carrazco,ASTROS DE JALISCO,12,K. Rodriguez Carrazco,"A. Chaney, M. Mckinney, M. Mitchell, T. Mc Callum",3,119.2,0,0,22,0.0,0,13,0.0,0,0,0,0,0,0,0,0,0,0,0,21,0,0,0.0,0.0,0.0,0.0,0.0,0.0,0.0,0,0.0,0,0,0,0,0,0,0,0,0,0,0,0,0,0,0,0
K. Rodriguez Carrazco,ASTROS DE JALISCO,12,K. Rodriguez Carrazco,"J. Michael Martin, M. Mckinney, M. Mitchell, T. Mc Callum",2,79.7,0,0,17,0.0,0,11,0.0,0,0,0,0,0,0,0,0,0,0,0,16,0,0,0.0,0.0,0.0,0.0,0.0,0.0,0.0,0,0.0,0,0,0,0,0,0,0,0,0,0,0,0,0,0,0,0
K. Rodriguez Carrazco,ASTROS DE JALISCO,12,K. Rodriguez Carrazco,"A. Chaney, H. Grant Iv, M. Mckinney, T. Mc Callum",2,79.4,0,0,21,0.0,0,12,0.0,0,0,0,0,0,0,0,0,0,0,0,20,0,0,0.0,0.0,0.0,0.0,0.0,0.0,0.0,0,0.0,1,0,0,0,0,0,0,0,0,0,0,0,0,0,0,0
K. Rodriguez Carrazco,ASTROS DE JALISCO,12,K. Rodriguez Carrazco,"H. Grant Iv, J. Michael Martin, M. Mckinney, T. Mc Callum",1,44.8,0,0,9,0.0,0,4,0.0,0,0,0,0,0,0,0,0,0,0,0,9,0,0,0.0,0.0,0.0,0.0,0.0,0.0,0.0,0,0.0,0,0,0,0,0,0,0,0,0,0,0,0,0,0,0,0
K. Rodriguez Carrazco,ASTROS DE JALISCO,12,K. Rodriguez Carrazco,"A. Chaney, B. Jefferson, H. Grant Iv, M. Mckinney",1,40.0,0,0,8,0.0,0,7,0.0,0,0,0,0,0,0,0,0,0,0,0,8,0,0,0.0,0.0,0.0,0.0,0.0,0.0,0.0,0,0.0,0,0,0,0,0,0,0,0,0,0,0,0,0,0,0,0
K. Rodriguez Carrazco,ASTROS DE JALISCO,12,K. Rodriguez Carrazco,"A. Chaney, H. Grant Iv, M. Andriassi Quintana, T. Mc Callum",1,39.9,0,0,7,0.0,0,3,0.0,0,0,0,0,0,0,0,0,0,0,0,7,0,0,0.0,0.0,0.0,0.0,0.0,0.0,0.0,0,0.0,0,0,0,0,0,0,0,0,0,0,0,0,0,0,0,0
K. Rodriguez Carrazco,ASTROS DE JALISCO,12,K. Rodriguez Carrazco,"A. Chaney, K. Matute Perner, M. Mckinney, T. Mc Callum",1,39.7,0,0,8,0.0,0,3,0.0,0,0,0,0,0,0,0,0,0,0,0,8,0,0,0.0,0.0,0.0,0.0,0.0,0.0,0.0,0,0.0,0,0,0,0,0,0,0,0,0,0,0,0,0,0,0,0
K. Rodriguez Carrazco,ASTROS DE JALISCO,12,K. Rodriguez Carrazco,"A. Chaney, M. Andriassi Quintana, M. Mitchell, T. Mc Callum",1,31.8,0,0,5,0.0,0,3,0.0,0,0,0,0,0,0,0,0,0,0,0,5,0,0,0.0,0.0,0.0,0.0,0.0,0.0,0.0,0,0.0,0,0,0,0,0,0,0,0,0,0,0,0,0,0,0,0
L. Alvarez Montoya,ASTROS DE JALISCO,8,L. Alvarez Montoya,"J. Michael Martin, M. Mckinney, M. Mitchell, T. Mc Callum",1,40.0,0,0,0,0,0,0,0,0,0,0,0,0,0,0,0,0,0,0,0,0,0,0.0,0.0,0.0,0.0,0.0,0,0,0,0,0,0,0,0,0,0,0,0,0,0,0,0,0,0,0,0
L. Alvarez Montoya,ASTROS DE JALISCO,8,L. Alvarez Montoya,"A. Chaney, B. Jefferson, K. Matute Perner, M. Andriassi Quintana",1,39.9,0,0,4,0.0,0,2,0.0,0,0,0,0,0,0,0,0,0,0,0,4,0,0,0.0,0.0,0.0,0.0,0.0,0.0,0.0,0,0.0,0,0,0,0,0,0,0,0,0,0,0,0,0,0,0,0
M. Andriassi Quintana,ASTROS DE JALISCO,7,M. Andriassi Quintana,"A. Chaney, H. Grant Iv, K. Rodriguez Carrazco, T. Mc Callum",1,39.9,0,0,7,0.0,0,2,0.0,0,0,0,0,0,0,0,0,0,0,0,7,0,0,0.0,0.0,0.0,0.0,0.0,0.0,0.0,0,0.0,0,0,0,0,0,0,0,0,0,0,0,0,0,0,0,0
M. Andriassi Quintana,ASTROS DE JALISCO,7,M. Andriassi Quintana,"A. Chaney, B. Jefferson, K. Matute Perner, L. Alvarez Montoya",1,39.9,0,0,13,0.0,0,9,0.0,0,0,0,0,0,0,0,0,0,0,0,12,0,0,0.0,0.0,0.0,0.0,0.0,0.0,0.0,0,0.0,0,0,0,0,0,0,0,0,0,0,0,0,0,0,0,0
M. Andriassi Quintana,ASTROS DE JALISCO,7,M. Andriassi Quintana,"A. Chaney, K. Rodriguez Carrazco, M. Mitchell, T. Mc Callum",1,31.8,0,0,4,0.0,0,4,0.0,0,0,0,0,0,0,0,0,0,0,0,4,0,0,0.0,0.0,0.0,0.0,0.0,0.0,0.0,0,0.0,0,0,0,0,0,0,0,0,0,0,0,0,0,0,0,0
M. Mckinney,ASTROS DE JALISCO,3,M. Mckinney,"A. Chaney, K. Rodriguez Carrazco, M. Mitchell, T. Mc Callum",3,119.2,0,0,29,0.0,0,8,0.0,0,0,0,0,0,0,0,0,0,0,0,28,0,0,0.0,0.0,0.0,0.0,0.0,0.0,0.0,0,0.0,1,0,0,0,0,0,0,0,0,0,0,0,0,0,0,0
M. Mckinney,ASTROS DE JALISCO,3,M. Mckinney,"J. Michael Martin, K. Rodriguez Carrazco, M. Mitchell, T. Mc Callum",2,79.7,0,0,5,0.0,0,2,0.0,0,0,0,0,0,0,0,0,0,0,0,5,0,0,0.0,0.0,0.0,0.0,0.0,0.0,0.0,0,0.0,0,0,0,0,0,0,0,0,0,0,0,0,0,0,0,0
M. Mckinney,ASTROS DE JALISCO,3,M. Mckinney,"A. Chaney, H. Grant Iv, K. Rodriguez Carrazco, T. Mc Callum",2,79.4,0,0,20,0.0,0,5,0.0,0,0,0,0,0,0,0,0,0,0,0,19,0,0,0.0,0.0,0.0,0.0,0.0,0.0,0.0,0,0.0,0,0,0,0,0,0,0,0,0,0,0,0,0,0,0,0
M. Mckinney,ASTROS DE JALISCO,3,M. Mckinney,"H. Grant Iv, J. Michael Martin, K. Rodriguez Carrazco, T. Mc Callum",1,44.8,0,0,15,0.0,0,5,0.0,0,0,0,0,0,0,0,0,0,0,0,14,0,0,0.0,0.0,0.0,0.0,0.0,0.0,0.0,0,0.0,1,0,0,0,0,0,0,0,0,0,0,0,0,0,0,0
M. Mckinney,ASTROS DE JALISCO,3,M. Mckinney,"A. Chaney, B. Jefferson, H. Grant Iv, K. Rodriguez Carrazco",1,40.0,0,0,9,0.0,0,1,0.0,0,0,0,0,0,0,0,0,0,0,0,9,0,0,0.0,0.0,0.0,0.0,0.0,0.0,0.0,0,0.0,0,0,0,0,0,0,0,0,0,0,0,0,0,0,0,0
M. Mckinney,ASTROS DE JALISCO,3,M. Mckinney,"J. Michael Martin, L. Alvarez Montoya, M. Mitchell, T. Mc Callum",1,40.0,0,0,7,0.0,0,2,0.0,0,0,0,0,0,0,0,0,0,0,0,7,0,0,0.0,0.0,0.0,0.0,0.0,0.0,0.0,0,0.0,0,0,0,0,0,0,0,0,0,0,0,0,0,0,0,0
M. Mckinney,ASTROS DE JALISCO,3,M. Mckinney,"A. Chaney, H. Grant Iv, J. Michael Martin, T. Mc Callum",1,40.0,0,0,10,0.0,0,2,0.0,0,0,0,0,0,0,0,0,0,0,0,10,0,0,0.0,0.0,0.0,0.0,0.0,0.0,0.0,0,0.0,0,0,0,0,0,0,0,0,0,0,0,0,0,0,0,0
M. Mckinney,ASTROS DE JALISCO,3,M. Mckinney,"A. Chaney, K. Matute Perner, K. Rodriguez Carrazco, T. Mc Callum",1,39.7,0,0,4,0.0,0,1,0.0,0,0,0,0,0,0,0,0,0,0,0,4,0,0,0.0,0.0,0.0,0.0,0.0,0.0,0.0,0,0.0,0,0,0,0,0,0,0,0,0,0,0,0,0,0,0,0
M. Mitchell,ASTROS DE JALISCO,21,M. Mitchell,"A. Chaney, K. Rodriguez Carrazco, M. Mckinney, T. Mc Callum",3,119.2,0,0,21,0.0,0,1,0.0,0,0,0,0,0,0,0,0,0,0,0,20,0,0,0.0,0.0,0.0,0.0,0.0,0.0,0.0,0,0.0,1,0,0,0,0,0,0,0,0,0,0,0,0,0,0,0
M. Mitchell,ASTROS DE JALISCO,21,M. Mitchell,"J. Michael Martin, K. Rodriguez Carrazco, M. Mckinney, T. Mc Callum",2,79.7,0,0,9,0.0,0,1,0.0,0,0,0,0,0,0,0,0,0,0,0,9,0,0,0.0,0.0,0.0,0.0,0.0,0.0,0.0,0,0.0,0,0,0,0,0,0,0,0,0,0,0,0,0,0,0,0
M. Mitchell,ASTROS DE JALISCO,21,M. Mitchell,"J. Michael Martin, L. Alvarez Montoya, M. Mckinney, T. Mc Callum",1,40.0,0,0,12,0.0,0,0,0,0,0,0,0,0,0,0,0,0,0,0,12,0,0,0.0,0.0,0.0,0.0,0.0,0.0,0.0,0,0.0,4,0,0,0,0,0,0,0,0,0,0,0,0,0,0,0
M. Mitchell,ASTROS DE JALISCO,21,M. Mitchell,"A. Chaney, K. Rodriguez Carrazco, M. Andriassi Quintana, T. Mc Callum",1,31.8,0,0,6,0.0,0,1,0.0,0,0,0,0,0,0,0,0,0,0,0,6,0,0,0.0,0.0,0.0,0.0,0.0,0.0,0.0,0,0.0,0,0,0,0,0,0,0,0,0,0,0,0,0,0,0,0
T. Mc Callum,ASTROS DE JALISCO,0,T. Mc Callum,"A. Chaney, B. Jefferson, H. Grant Iv, K. Rodriguez Carrazco",3,119.3,0,0,22,0.0,0,8,0.0,0,0,0,0,0,0,0,0,0,0,0,21,0,0,0.0,0.0,0.0,0.0,0.0,0.0,0.0,0,0.0,2,0,0,0,0,0,0,0,0,0,0,0,0,0,0,0
T. Mc Callum,ASTROS DE JALISCO,0,T. Mc Callum,"A. Chaney, K. Rodriguez Carrazco, M. Mckinney, M. Mitchell",3,119.2,0,0,24,0.0,0,9,0.0,0,0,0,0,0,0,0,0,0,0,0,23,0,0,0.0,0.0,0.0,0.0,0.0,0.0,0.0,0,0.0,1,0,0,0,0,0,0,0,0,0,0,0,0,0,0,0
T. Mc Callum,ASTROS DE JALISCO,0,T. Mc Callum,"J. Michael Martin, K. Rodriguez Carrazco, M. Mckinney, M. Mitchell",2,79.7,0,0,25,0.0,0,11,0.0,0,0,0,0,0,0,0,0,0,0,0,24,0,0,0.0,0.0,0.0,0.0,0.0,0.0,0.0,0,0.0,2,0,0,0,0,0,0,0,0,0,0,0,0,0,0,0
T. Mc Callum,ASTROS DE JALISCO,0,T. Mc Callum,"A. Chaney, H. Grant Iv, K. Rodriguez Carrazco, M. Mckinney",2,79.4,0,0,25,0.0,0,11,0.0,0,0,0,0,0,0,0,0,0,0,0,24,0,0,0.0,0.0,0.0,0.0,0.0,0.0,0.0,0,0.0,0,0,0,0,0,0,0,0,0,0,0,0,0,0,0,0
T. Mc Callum,ASTROS DE JALISCO,0,T. Mc Callum,"H. Grant Iv, J. Michael Martin, K. Rodriguez Carrazco, M. Mckinney",1,44.8,0,0,16,0.0,0,3,0.0,0,0,0,0,0,0,0,0,0,0,0,15,0,0,0.0,0.0,0.0,0.0,0.0,0.0,0.0,0,0.0,1,0,0,0,0,0,0,0,0,0,0,0,0,0,0,0
T. Mc Callum,ASTROS DE JALISCO,0,T. Mc Callum,"J. Michael Martin, L. Alvarez Montoya, M. Mckinney, M. Mitchell",1,40.0,0,0,6,0.0,0,4,0.0,0,0,0,0,0,0,0,0,0,0,0,6,0,0,0.0,0.0,0.0,0.0,0.0,0.0,0.0,0,0.0,0,0,0,0,0,0,0,0,0,0,0,0,0,0,0,0
T. Mc Callum,ASTROS DE JALISCO,0,T. Mc Callum,"A. Chaney, H. Grant Iv, J. Michael Martin, M. Mckinney",1,40.0,0,0,7,0.0,0,4,0.0,0,0,0,0,0,0,0,0,0,0,0,7,0,0,0.0,0.0,0.0,0.0,0.0,0.0,0.0,0,0.0,0,0,0,0,0,0,0,0,0,0,0,0,0,0,0,0
T. Mc Callum,ASTROS DE JALISCO,0,T. Mc Callum,"A. Chaney, H. Grant Iv, K. Rodriguez Carrazco, M. Andriassi Quintana",1,39.9,0,0,13,0.0,0,4,0.0,0,0,0,0,0,0,0,0,0,0,0,12,0,0,0.0,0.0,0.0,0.0,0.0,0.0,0.0,0,0.0,2,0,0,0,0,0,0,0,0,0,0,0,0,0,0,0
T. Mc Callum,ASTROS DE JALISCO,0,T. Mc Callum,"A. Chaney, K. Matute Perner, K. Rodriguez Carrazco, M. Mckinney",1,39.7,0,0,8,0.0,0,3,0.0,0,0,0,0,0,0,0,0,0,0,0,8,0,0,0.0,0.0,0.0,0.0,0.0,0.0,0.0,0,0.0,0,0,0,0,0,0,0,0,0,0,0,0,0,0,0,0
T. Mc Callum,ASTROS DE JALISCO,0,T. Mc Callum,"A. Chaney, K. Rodriguez Carrazco, M. Andriassi Quintana, M. Mitchell",1,31.8,0,0,12,0.0,0,2,0.0,0,0,0,0,0,0,0,0,0,0,0,12,0,0,0.0,0.0,0.0,0.0,0.0,0.0,0.0,0,0.0,1,0,0,0,0,0,0,0,0,0,0,0,0,0,0,0
C. Vogt,CABALLEROS DE CULIACAN,7,C. Vogt,"D. Wallace, I. Hamilton, J. Hughes Iii, L. Peters",1,44.8,0,0,3,0.0,0,0,0,0,0,0,0,0,0,0,0,0,0,0,3,0,0,0.0,0.0,0.0,0.0,0.0,0.0,0.0,0,0.0,0,0,0,0,0,0,0,0,0,0,0,0,0,0,0,0
C. Vogt,CABALLEROS DE CULIACAN,7,C. Vogt,"D. Wallace, I. Hamilton, J. Cumberland, J. Hughes Iii",1,40.0,0,0,0,0,0,0,0,0,0,0,0,0,0,0,0,0,0,0,0,0,0,0.0,0.0,0.0,0.0,0.0,0,0,0,0,0,0,0,0,0,0,0,0,0,0,0,0,0,0,0,0
C. Vogt,CABALLEROS DE CULIACAN,7,C. Vogt,"I. Hamilton, J. Hughes Iii, L. Peters, N. Allen",1,40.0,0,0,11,0.0,0,0,0,0,0,0,0,0,0,0,0,0,0,0,11,0,0,0.0,0.0,0.0,0.0,0.0,0.0,0.0,0,0.0,2,0,0,0,0,0,0,0,0,0,0,0,0,0,0,0
C. Vogt,CABALLEROS DE CULIACAN,7,C. Vogt,"I. Hamilton, J. Cumberland, J. Hughes Iii, N. Allen",1,39.8,0,0,0,0,0,0,0,0,0,0,0,0,0,0,0,0,0,0,0,0,0,0.0,0.0,0.0,0.0,0.0,0,0,0,0,0,0,0,0,0,0,0,0,0,0,0,0,0,0,0,0
D. Wallace,CABALLEROS DE CULIACAN,8,D. Wallace,"C. Vogt, I. Hamilton, J. Hughes Iii, L. Peters",1,44.8,0,0,11,0.0,0,7,0.0,0,0,0,0,0,0,0,0,0,0,0,11,0,0,0.0,0.0,0.0,0.0,0.0,0.0,0.0,0,0.0,0,0,0,0,0,0,0,0,0,0,0,0,0,0,0,0
D. Wallace,CABALLEROS DE CULIACAN,8,D. Wallace,"C. Vogt, I. Hamilton, J. Cumberland, J. Hughes Iii",1,40.0,0,0,12,0.0,0,8,0.0,0,0,0,0,0,0,0,0,0,0,0,12,0,0,0.0,0.0,0.0,0.0,0.0,0.0,0.0,0,0.0,0,0,0,0,0,0,0,0,0,0,0,0,0,0,0,0
D. Wallace,CABALLEROS DE CULIACAN,8,D. Wallace,"I. Hamilton, J. Hughes Iii, L. Peters, N. Allen",1,39.9,0,0,4,0.0,0,3,0.0,0,0,0,0,0,0,0,0,0,0,0,4,0,0,0.0,0.0,0.0,0.0,0.0,0.0,0.0,0,0.0,0,0,0,0,0,0,0,0,0,0,0,0,0,0,0,0
D. Wallace,CABALLEROS DE CULIACAN,8,D. Wallace,"I. Hamilton, J. Cumberland, J. Hughes Iii, O. Akonobi",1,39.3,0,0,6,0.0,0,5,0.0,0,0,0,0,0,0,0,0,0,0,0,6,0,0,0.0,0.0,0.0,0.0,0.0,0.0,0.0,0,0.0,0,0,0,0,0,0,0,0,0,0,0,0,0,0,0,0
I. Hamilton,CABALLEROS DE CULIACAN,4,I. Hamilton,"C. Vogt, D. Wallace, J. Hughes Iii, L. Peters",1,44.8,0,0,16,0.0,0,7,0.0,0,0,0,0,0,0,0,0,0,0,0,15,0,0,0.0,0.0,0.0,0.0,0.0,0.0,0.0,0,0.0,4,0,0,0,0,0,0,0,0,0,0,0,0,0,0,0
I. Hamilton,CABALLEROS DE CULIACAN,4,I. Hamilton,"C. Vogt, D. Wallace, J. Cumberland, J. Hughes Iii",1,40.0,0,0,8,0.0,0,2,0.0,0,0,0,0,0,0,0,0,0,0,0,8,0,0,0.0,0.0,0.0,0.0,0.0,0.0,0.0,0,0.0,0,0,0,0,0,0,0,0,0,0,0,0,0,0,0,0
I. Hamilton,CABALLEROS DE CULIACAN,4,I. Hamilton,"C. Vogt, J. Hughes Iii, L. Peters, N. Allen",1,40.0,0,0,8,0.0,0,4,0.0,0,0,0,0,0,0,0,0,0,0,0,8,0,0,0.0,0.0,0.0,0.0,0.0,0.0,0.0,0,0.0,0,0,0,0,0,0,0,0,0,0,0,0,0,0,0,0
I. Hamilton,CABALLEROS DE CULIACAN,4,I. Hamilton,"D. Wallace, J. Hughes Iii, L. Peters, N. Allen",1,39.9,0,0,15,0.0,0,6,0.0,0,0,0,0,0,0,0,0,0,0,0,14,0,0,0.0,0.0,0.0,0.0,0.0,0.0,0.0,0,0.0,2,0,0,0,0,0,0,0,0,0,0,0,0,0,0,0
I. Hamilton,CABALLEROS DE CULIACAN,4,I. Hamilton,"C. Vogt, J. Cumberland, J. Hughes Iii, N. Allen",1,39.8,0,0,10,0.0,0,3,0.0,0,0,0,0,0,0,0,0,0,0,0,10,0,0,0.0,0.0,0.0,0.0,0.0,0.0,0.0,0,0.0,0,0,0,0,0,0,0,0,0,0,0,0,0,0,0,0
I. Hamilton,CABALLEROS DE CULIACAN,4,I. Hamilton,"D. Wallace, J. Cumberland, J. Hughes Iii, O. Akonobi",1,39.3,0,0,9,0.0,0,4,0.0,0,0,0,0,0,0,0,0,0,0,0,9,0,0,0.0,0.0,0.0,0.0,0.0,0.0,0.0,0,0.0,1,0,0,0,0,0,0,0,0,0,0,0,0,0,0,0
J. Cumberland,CABALLEROS DE CULIACAN,34,J. Cumberland,"C. Vogt, D. Wallace, I. Hamilton, J. Hughes Iii",1,40.0,0,0,7,0.0,0,5,0.0,0,0,0,0,0,0,0,0,0,0,0,7,0,0,0.0,0.0,0.0,0.0,0.0,0.0,0.0,0,0.0,0,0,0,0,0,0,0,0,0,0,0,0,0,0,0,0
J. Cumberland,CABALLEROS DE CULIACAN,34,J. Cumberland,"C. Vogt, I. Hamilton, J. Hughes Iii, N. Allen",1,39.8,0,0,9,0.0,0,3,0.0,0,0,0,0,0,0,0,0,0,0,0,9,0,0,0.0,0.0,0.0,0.0,0.0,0.0,0.0,0,0.0,1,0,0,0,0,0,0,0,0,0,0,0,0,0,0,0
J. Cumberland,CABALLEROS DE CULIACAN,34,J. Cumberland,"D. Wallace, I. Hamilton, J. Hughes Iii, O. Akonobi",1,39.3,0,0,14,0.0,0,8,0.0,0,0,0,0,0,0,0,0,0,0,0,13,0,0,0.0,0.0,0.0,0.0,0.0,0.0,0.0,0,0.0,0,0,0,0,0,0,0,0,0,0,0,0,0,0,0,0
J. Hughes Iii,CABALLEROS DE CULIACAN,24,J. Hughes Iii,"C. Vogt, D. Wallace, I. Hamilton, L. Peters",1,44.8,0,0,8,0.0,0,3,0.0,0,0,0,0,0,0,0,0,0,0,0,8,0,0,0.0,0.0,0.0,0.0,0.0,0.0,0.0,0,0.0,0,0,0,0,0,0,0,0,0,0,0,0,0,0,0,0
J. Hughes Iii,CABALLEROS DE CULIACAN,24,J. Hughes Iii,"C. Vogt, D. Wallace, I. Hamilton, J. Cumberland",1,40.0,0,0,8,0.0,0,4,0.0,0,0,0,0,0,0,0,0,0,0,0,8,0,0,0.0,0.0,0.0,0.0,0.0,0.0,0.0,0,0.0,0,0,0,0,0,0,0,0,0,0,0,0,0,0,0,0
J. Hughes Iii,CABALLEROS DE CULIACAN,24,J. Hughes Iii,"C. Vogt, I. Hamilton, L. Peters, N. Allen",1,40.0,0,0,14,0.0,0,1,0.0,0,0,0,0,0,0,0,0,0,0,0,13,0,0,0.0,0.0,0.0,0.0,0.0,0.0,0.0,0,0.0,2,0,0,0,0,0,0,0,0,0,0,0,0,0,0,0
J. Hughes Iii,CABALLEROS DE CULIACAN,24,J. Hughes Iii,"D. Wallace, I. Hamilton, L. Peters, N. Allen",1,39.9,0,0,9,0.0,0,1,0.0,0,0,0,0,0,0,0,0,0,0,0,9,0,0,0.0,0.0,0.0,0.0,0.0,0.0,0.0,0,0.0,0,0,0,0,0,0,0,0,0,0,0,0,0,0,0,0
J. Hughes Iii,CABALLEROS DE CULIACAN,24,J. Hughes Iii,"C. Vogt, I. Hamilton, J. Cumberland, N. Allen",1,39.8,0,0,9,0.0,0,2,0.0,0,0,0,0,0,0,0,0,0,0,0,9,0,0,0.0,0.0,0.0,0.0,0.0,0.0,0.0,0,0.0,0,0,0,0,0,0,0,0,0,0,0,0,0,0,0,0
J. Hughes Iii,CABALLEROS DE CULIACAN,24,J. Hughes Iii,"D. Wallace, I. Hamilton, J. Cumberland, O. Akonobi",1,39.3,0,0,6,0.0,0,0,0,0,0,0,0,0,0,0,0,0,0,0,6,0,0,0.0,0.0,0.0,0.0,0.0,0.0,0.0,0,0.0,0,0,0,0,0,0,0,0,0,0,0,0,0,0,0,0
L. Peters,CABALLEROS DE CULIACAN,14,L. Peters,"C. Vogt, D. Wallace, I. Hamilton, J. Hughes Iii",1,44.8,0,0,9,0.0,0,4,0.0,0,0,0,0,0,0,0,0,0,0,0,9,0,0,0.0,0.0,0.0,0.0,0.0,0.0,0.0,0,0.0,0,0,0,0,0,0,0,0,0,0,0,0,0,0,0,0
L. Peters,CABALLEROS DE CULIACAN,14,L. Peters,"C. Vogt, I. Hamilton, J. Hughes Iii, N. Allen",1,40.0,0,0,8,0.0,0,5,0.0,0,0,0,0,0,0,0,0,0,0,0,8,0,0,0.0,0.0,0.0,0.0,0.0,0.0,0.0,0,0.0,0,0,0,0,0,0,0,0,0,0,0,0,0,0,0,0
L. Peters,CABALLEROS DE CULIACAN,14,L. Peters,"D. Wallace, I. Hamilton, J. Hughes Iii, N. Allen",1,39.9,0,0,12,0.0,0,7,0.0,0,0,0,0,0,0,0,0,0,0,0,12,0,0,0.0,0.0,0.0,0.0,0.0,0.0,0.0,0,0.0,0,0,0,0,0,0,0,0,0,0,0,0,0,0,0,0
N. Allen,CABALLEROS DE CULIACAN,11,N. Allen,"C. Vogt, I. Hamilton, J. Hughes Iii, L. Peters",1,40.0,0,0,12,0.0,0,5,0.0,0,0,0,0,0,0,0,0,0,0,0,12,0,0,0.0,0.0,0.0,0.0,0.0,0.0,0.0,0,0.0,1,0,0,0,0,0,0,0,0,0,0,0,0,0,0,0
N. Allen,CABALLEROS DE CULIACAN,11,N. Allen,"D. Wallace, I. Hamilton, J. Hughes Iii, L. Peters",1,39.9,0,0,7,0.0,0,2,0.0,0,0,0,0,0,0,0,0,0,0,0,7,0,0,0.0,0.0,0.0,0.0,0.0,0.0,0.0,0,0.0,1,0,0,0,0,0,0,0,0,0,0,0,0,0,0,0
N. Allen,CABALLEROS DE CULIACAN,11,N. Allen,"C. Vogt, I. Hamilton, J. Cumberland, J. Hughes Iii",1,39.8,0,0,5,0.0,0,1,0.0,0,0,0,0,0,0,0,0,0,0,0,5,0,0,0.0,0.0,0.0,0.0,0.0,0.0,0.0,0,0.0,0,0,0,0,0,0,0,0,0,0,0,0,0,0,0,0
O. Akonobi,CABALLEROS DE CULIACAN,45,O. Akonobi,"D. Wallace, I. Hamilton, J. Cumberland, J. Hughes Iii",1,39.3,0,0,5,0.0,0,0,0,0,0,0,0,0,0,0,0,0,0,0,5,0,0,0.0,0.0,0.0,0.0,0.0,0.0,0.0,0,0.0,3,0,0,0,0,0,0,0,0,0,0,0,0,0,0,0
A. Peacock,FRAYLES DE GUASAVE,22,A. Peacock,"B. Porter, J. Soto, S. Pinkney, T. Jones",1,40.0,0,0,9,0.0,0,0,0,0,0,0,0,0,0,0,0,0,0,0,9,0,0,0.0,0.0,0.0,0.0,0.0,0.0,0.0,0,0.0,0,0,0,0,0,0,0,0,0,0,0,0,0,0,0,0
B. Porter,FRAYLES DE GUASAVE,25,B. Porter,"A. Peacock, J. Soto, S. Pinkney, T. Jones",1,40.0,0,0,14,0.0,0,5,0.0,0,0,0,0,0,0,0,0,0,0,0,13,0,0,0.0,0.0,0.0,0.0,0.0,0.0,0.0,0,0.0,2,0,0,0,0,0,0,0,0,0,0,0,0,0,0,0
B. Porter,FRAYLES DE GUASAVE,25,B. Porter,"C. Campbell, D. Thomas, K. Whitney, S. Pinkney",1,39.1,0,0,20,0.0,0,5,0.0,0,0,0,0,0,0,0,0,0,0,0,19,0,0,0.0,0.0,0.0,0.0,0.0,0.0,0.0,0,0.0,0,0,0,0,0,0,0,0,0,0,0,0,0,0,0,0
C. Campbell,FRAYLES DE GUASAVE,13,C. Campbell,"B. Porter, D. Thomas, K. Whitney, S. Pinkney",1,39.1,0,0,6,0.0,0,5,0.0,0,0,0,0,0,0,0,0,0,0,0,6,0,0,0.0,0.0,0.0,0.0,0.0,0.0,0.0,0,0.0,0,0,0,0,0,0,0,0,0,0,0,0,0,0,0,0
D. Thomas,FRAYLES DE GUASAVE,0,D. Thomas,"B. Porter, C. Campbell, K. Whitney, S. Pinkney",1,39.1,0,0,11,0.0,0,5,0.0,0,0,0,0,0,0,0,0,0,0,0,11,0,0,0.0,0.0,0.0,0.0,0.0,0.0,0.0,0,0.0,0,0,0,0,0,0,0,0,0,0,0,0,0,0,0,0
J. Soto,FRAYLES DE GUASAVE,28,J. Soto,"A. Peacock, B. Porter, S. Pinkney, T. Jones",1,40.0,0,0,1,0.0,0,0,0,0,0,0,0,0,0,0,0,0,0,0,1,0,0,0.0,0.0,0.0,0.0,0.0,0.0,0.0,0,0.0,0,0,0,0,0,0,0,0,0,0,0,0,0,0,0,0
K. Whitney,FRAYLES DE GUASAVE,1,K. Whitney,"B. Porter, C. Campbell, D. Thomas, S. Pinkney",1,39.1,0,0,10,0.0,0,6,0.0,0,0,0,0,0,0,0,0,0,0,0,10,0,0,0.0,0.0,0.0,0.0,0.0,0.0,0.0,0,0.0,0,0,0,0,0,0,0,0,0,0,0,0,0,0,0,0
S. Pinkney,FRAYLES DE GUASAVE,33,S. Pinkney,"A. Peacock, B. Porter, J. Soto, T. Jones",1,40.0,0,0,7,0.0,0,1,0.0,0,0,0,0,0,0,0,0,0,0,0,7,0,0,0.0,0.0,0.0,0.0,0.0,0.0,0.0,0,0.0,2,0,0,0,0,0,0,0,0,0,0,0,0,0,0,0
S. Pinkney,FRAYLES DE GUASAVE,33,S. Pinkney,"B. Porter, C. Campbell, D. Thomas, K. Whitney",1,39.1,0,0,2,0.0,0,0,0,0,0,0,0,0,0,0,0,0,0,0,2,0,0,0.0,0.0,0.0,0.0,0.0,0.0,0.0,0,0.0,0,0,0,0,0,0,0,0,0,0,0,0,0,0,0,0
T. Jones,FRAYLES DE GUASAVE,2,T. Jones,"A. Peacock, B. Porter, J. Soto, S. Pinkney",1,40.0,0,0,12,0.0,0,3,0.0,0,0,0,0,0,0,0,0,0,0,0,12,0,0,0.0,0.0,0.0,0.0,0.0,0.0,0.0,0,0.0,0,0,0,0,0,0,0,0,0,0,0,0,0,0,0,0
B. Beavers,HALCONES DE OBREGON,10,B. Beavers,"C. Zinaich, G. Whittington, J. Adaway, T. Nuno",3,119.2,0,0,32,0.0,0,15,0.0,0,0,0,0,0,0,0,0,0,0,0,31,0,0,0.0,0.0,0.0,0.0,0.0,0.0,0.0,0,0.0,1,0,0,0,0,0,0,0,0,0,0,0,0,0,0,0
B. Beavers,HALCONES DE OBREGON,10,B. Beavers,"J. Adaway, J. Canty, K. Williams, T. Nuno",1,39.3,0,0,17,0.0,0,4,0.0,0,0,0,0,0,0,0,0,0,0,0,16,0,0,0.0,0.0,0.0,0.0,0.0,0.0,0.0,0,0.0,1,0,0,0,0,0,0,0,0,0,0,0,0,0,0,0
C. Zinaich,HALCONES DE OBREGON,3,C. Zinaich,"G. Whittington, J. Adaway, J. De Vante Perkins, T. Nuno",4,159.2,0,0,49,0.0,0,17,0.0,0,0,0,0,0,0,0,0,0,0,0,47,0,0,0.0,0.0,0.0,0.0,0.0,0.0,0.0,0,0.0,2,0,0,0,0,0,0,0,0,0,0,0,0,0,0,0
C. Zinaich,HALCONES DE OBREGON,3,C. Zinaich,"B. Beavers, G. Whittington, J. Adaway, T. Nuno",3,119.2,0,0,38,0.0,0,14,0.0,0,0,0,0,0,0,0,0,0,0,0,36,0,0,0.0,0.0,0.0,0.0,0.0,0.0,0.0,0,0.0,3,0,0,0,0,0,0,0,0,0,0,0,0,0,0,0
C. Zinaich,HALCONES DE OBREGON,3,C. Zinaich,"G. Whittington, J. De Vante Perkins, K. Williams, T. Nuno",1,39.9,0,0,12,0.0,0,2,0.0,0,0,0,0,0,0,0,0,0,0,0,12,0,0,0.0,0.0,0.0,0.0,0.0,0.0,0.0,0,0.0,0,0,0,0,0,0,0,0,0,0,0,0,0,0,0,0
G. Whittington,HALCONES DE OBREGON,0,G. Whittington,"C. Zinaich, J. Adaway, J. De Vante Perkins, T. Nuno",4,159.2,0,0,28,0.0,0,11,0.0,0,0,0,0,0,0,0,0,0,0,0,27,0,0,0.0,0.0,0.0,0.0,0.0,0.0,0.0,0,0.0,1,0,0,0,0,0,0,0,0,0,0,0,0,0,0,0
G. Whittington,HALCONES DE OBREGON,0,G. Whittington,"J. Adaway, J. Canty, J. De Vante Perkins, T. Nuno",3,119.3,0,0,21,0.0,0,4,0.0,0,0,0,0,0,0,0,0,0,0,0,20,0,0,0.0,0.0,0.0,0.0,0.0,0.0,0.0,0,0.0,0,0,0,0,0,0,0,0,0,0,0,0,0,0,0,0
G. Whittington,HALCONES DE OBREGON,0,G. Whittington,"B. Beavers, C. Zinaich, J. Adaway, T. Nuno",3,119.2,0,0,22,0.0,0,12,0.0,0,0,0,0,0,0,0,0,0,0,0,21,0,0,0.0,0.0,0.0,0.0,0.0,0.0,0.0,0,0.0,1,0,0,0,0,0,0,0,0,0,0,0,0,0,0,0
G. Whittington,HALCONES DE OBREGON,0,G. Whittington,"C. Zinaich, J. De Vante Perkins, K. Williams, T. Nuno",1,39.9,0,0,10,0.0,0,3,0.0,0,0,0,0,0,0,0,0,0,0,0,10,0,0,0.0,0.0,0.0,0.0,0.0,0.0,0.0,0,0.0,0,0,0,0,0,0,0,0,0,0,0,0,0,0,0,0
J. Adaway,HALCONES DE OBREGON,23,J. Adaway,"C. Zinaich, G. Whittington, J. De Vante Perkins, T. Nuno",4,159.2,0,0,52,0.0,0,24,0.0,0,0,0,0,0,0,0,0,0,0,0,50,0,0,0.0,0.0,0.0,0.0,0.0,0.0,0.0,0,0.0,2,0,0,0,0,0,0,0,0,0,0,0,0,0,0,0
J. Adaway,HALCONES DE OBREGON,23,J. Adaway,"G. Whittington, J. Canty, J. De Vante Perkins, T. Nuno",3,119.3,0,0,41,0.0,0,21,0.0,0,0,0,0,0,0,0,0,0,0,0,39,0,0,0.0,0.0,0.0,0.0,0.0,0.0,0.0,0,0.0,2,0,0,0,0,0,0,0,0,0,0,0,0,0,0,0
J. Adaway,HALCONES DE OBREGON,23,J. Adaway,"B. Beavers, C. Zinaich, G. Whittington, T. Nuno",3,119.2,0,0,33,0.0,0,13,0.0,0,0,0,0,0,0,0,0,0,0,0,32,0,0,0.0,0.0,0.0,0.0,0.0,0.0,0.0,0,0.0,2,0,0,0,0,0,0,0,0,0,0,0,0,0,0,0
J. Adaway,HALCONES DE OBREGON,23,J. Adaway,"B. Beavers, J. Canty, K. Williams, T. Nuno",1,39.3,0,0,13,0.0,0,4,0.0,0,0,0,0,0,0,0,0,0,0,0,12,0,0,0.0,0.0,0.0,0.0,0.0,0.0,0.0,0,0.0,0,0,0,0,0,0,0,0,0,0,0,0,0,0,0,0
J. Canty,HALCONES DE OBREGON,9,J. Canty,"G. Whittington, J. Adaway, J. De Vante Perkins, T. Nuno",3,119.3,0,0,17,0.0,0,1,0.0,0,0,0,0,0,0,0,0,0,0,0,16,0,0,0.0,0.0,0.0,0.0,0.0,0.0,0.0,0,0.0,2,0,0,0,0,0,0,0,0,0,0,0,0,0,0,0
J. Canty,HALCONES DE OBREGON,9,J. Canty,"B. Beavers, J. Adaway, K. Williams, T. Nuno",1,39.3,0,0,9,0.0,0,0,0,0,0,0,0,0,0,0,0,0,0,0,9,0,0,0.0,0.0,0.0,0.0,0.0,0.0,0.0,0,0.0,1,0,0,0,0,0,0,0,0,0,0,0,0,0,0,0
J. De Vante Perkins,HALCONES DE OBREGON,13,J. Perkins; J. De Vante Perkins,"C. Zinaich, G. Whittington, J. Adaway, T. Nuno",4,159.2,0,0,45,0.0,0,25,0.0,0,0,0,0,0,0,0,0,0,0,0,43,0,0,0.0,0.0,0.0,0.0,0.0,0.0,0.0,0,0.0,0,0,0,0,0,0,0,0,0,0,0,0,0,0,0,0
J. De Vante Perkins,HALCONES DE OBREGON,13,J. Perkins; J. De Vante Perkins,"G. Whittington, J. Adaway, J. Canty, T. Nuno",3,119.3,0,0,21,0.0,0,13,0.0,0,0,0,0,0,0,0,0,0,0,0,20,0,0,0.0,0.0,0.0,0.0,0.0,0.0,0.0,0,0.0,0,0,0,0,0,0,0,0,0,0,0,0,0,0,0,0
J. De Vante Perkins,HALCONES DE OBREGON,13,J. Perkins; J. De Vante Perkins,"C. Zinaich, G. Whittington, K. Williams, T. Nuno",1,39.9,0,0,7,0.0,0,5,0.0,0,0,0,0,0,0,0,0,0,0,0,7,0,0,0.0,0.0,0.0,0.0,0.0,0.0,0.0,0,0.0,0,0,0,0,0,0,0,0,0,0,0,0,0,0,0,0
K. Williams,HALCONES DE OBREGON,1,K. Williams,"C. Zinaich, G. Whittington, J. De Vante Perkins, T. Nuno",1,39.9,0,0,11,0.0,0,4,0.0,0,0,0,0,0,0,0,0,0,0,0,11,0,0,0.0,0.0,0.0,0.0,0.0,0.0,0.0,0,0.0,0,0,0,0,0,0,0,0,0,0,0,0,0,0,0,0
K. Williams,HALCONES DE OBREGON,1,K. Williams,"B. Beavers, J. Adaway, J. Canty, T. Nuno",1,39.3,0,0,6,0.0,0,1,0.0,0,0,0,0,0,0,0,0,0,0,0,6,0,0,0.0,0.0,0.0,0.0,0.0,0.0,0.0,0,0.0,0,0,0,0,0,0,0,0,0,0,0,0,0,0,0,0
T. Nuno,HALCONES DE OBREGON,6,T. Nuno,"C. Zinaich, G. Whittington, J. Adaway, J. De Vante Perkins",4,159.2,0,0,27,0.0,0,8,0.0,0,0,0,0,0,0,0,0,0,0,0,26,0,0,0.0,0.0,0.0,0.0,0.0,0.0,0.0,0,0.0,1,0,0,0,0,0,0,0,0,0,0,0,0,0,0,0
T. Nuno,HALCONES DE OBREGON,6,T. Nuno,"G. Whittington, J. Adaway, J. Canty, J. De Vante Perkins",3,119.3,0,0,14,0.0,0,4,0.0,0,0,0,0,0,0,0,0,0,0,0,13,0,0,0.0,0.0,0.0,0.0,0.0,0.0,0.0,0,0.0,0,0,0,0,0,0,0,0,0,0,0,0,0,0,0,0
T. Nuno,HALCONES DE OBREGON,6,T. Nuno,"B. Beavers, C. Zinaich, G. Whittington, J. Adaway",3,119.2,0,0,15,0.0,0,8,0.0,0,0,0,0,0,0,0,0,0,0,0,14,0,0,0.0,0.0,0.0,0.0,0.0,0.0,0.0,0,0.0,0,0,0,0,0,0,0,0,0,0,0,0,0,0,0,0
T. Nuno,HALCONES DE OBREGON,6,T. Nuno,"C. Zinaich, G. Whittington, J. De Vante Perkins, K. Williams",1,39.9,0,0,0,0,0,0,0,0,0,0,0,0,0,0,0,0,0,0,0,0,0,0.0,0.0,0.0,0.0,0.0,0,0,0,0,0,0,0,0,0,0,0,0,0,0,0,0,0,0,0,0
T. Nuno,HALCONES DE OBREGON,6,T. Nuno,"B. Beavers, J. Adaway, J. Canty, K. Williams",1,39.3,0,0,9,0.0,0,5,0.0,0,0,0,0,0,0,0,0,0,0,0,9,0,0,0.0,0.0,0.0,0.0,0.0,0.0,0.0,0,0.0,0,0,0,0,0,0,0,0,0,0,0,0,0,0,0,0
A. Tarke,OSTIONEROS DE GUAYMAS,7,A. Tarke,"B. Rivera Herrera, H. Spencer Iii, Q. Green, S. Kenney",1,39.9,0,0,10,0.0,0,2,0.0,0,0,0,0,0,0,0,0,0,0,0,10,0,0,0.0,0.0,0.0,0.0,0.0,0.0,0.0,0,0.0,0,0,0,0,0,0,0,0,0,0,0,0,0,0,0,0
A. Tarke,OSTIONEROS DE GUAYMAS,7,A. Tarke,"G. Davis-Mcmurrin, J. Ivey, J. Wheeler, U. Utomi",1,39.7,0,0,12,0.0,0,5,0.0,0,0,0,0,0,0,0,0,0,0,0,12,0,0,0.0,0.0,0.0,0.0,0.0,0.0,0.0,0,0.0,0,0,0,0,0,0,0,0,0,0,0,0,0,0,0,0
B. Rivera Herrera,OSTIONEROS DE GUAYMAS,9,B. Rivera Herrera,"A. Tarke, H. Spencer Iii, Q. Green, S. Kenney",1,39.9,0,0,3,0.0,0,2,0.0,0,0,0,0,0,0,0,0,0,0,0,3,0,0,0.0,0.0,0.0,0.0,0.0,0.0,0.0,0,0.0,0,0,0,0,0,0,0,0,0,0,0,0,0,0,0,0
C. Oluyitan,OSTIONEROS DE GUAYMAS,23,C. Oluyitan,"G. Davis-Mcmurrin, I. Muhammad, J. Wheeler, U. Utomi",1,39.9,0,0,5,0.0,0,3,0.0,0,0,0,0,0,0,0,0,0,0,0,5,0,0,0.0,0.0,0.0,0.0,0.0,0.0,0.0,0,0.0,0,0,0,0,0,0,0,0,0,0,0,0,0,0,0,0
G. Davis,OSTIONEROS DE GUAYMAS,20,G. Davis,"I. Muhammad, J. Ivey, J. Wheeler, U. Utomi",2,79.7,0,0,29,0.0,0,10,0.0,0,0,0,0,0,0,0,0,0,0,0,28,0,0,0.0,0.0,0.0,0.0,0.0,0.0,0.0,0,0.0,2,0,0,0,0,0,0,0,0,0,0,0,0,0,0,0
G. Davis-Mcmurrin,OSTIONEROS DE GUAYMAS,20,G. Davis-Mcmurrin,"I. Muhammad, J. Ivey, J. Wheeler, U. Utomi",1,40.0,0,0,15,0.0,0,4,0.0,0,0,0,0,0,0,0,0,0,0,0,14,0,0,0.0,0.0,0.0,0.0,0.0,0.0,0.0,0,0.0,0,0,0,0,0,0,0,0,0,0,0,0,0,0,0,0
G. Davis-Mcmurrin,OSTIONEROS DE GUAYMAS,20,G. Davis-Mcmurrin,"C. Oluyitan, I. Muhammad, J. Wheeler, U. Utomi",1,39.9,0,0,9,0.0,0,3,0.0,0,0,0,0,0,0,0,0,0,0,0,9,0,0,0.0,0.0,0.0,0.0,0.0,0.0,0.0,0,0.0,1,0,0,0,0,0,0,0,0,0,0,0,0,0,0,0
G. Davis-Mcmurrin,OSTIONEROS DE GUAYMAS,20,G. Davis-Mcmurrin,"A. Tarke, J. Ivey, J. Wheeler, U. Utomi",1,39.7,0,0,14,0.0,0,6,0.0,0,0,0,0,0,0,0,0,0,0,0,13,0,0,0.0,0.0,0.0,0.0,0.0,0.0,0.0,0,0.0,0,0,0,0,0,0,0,0,0,0,0,0,0,0,0,0
H. Spencer Iii,OSTIONEROS DE GUAYMAS,22,H. Spencer Iii,"A. Tarke, B. Rivera Herrera, Q. Green, S. Kenney",1,39.9,0,0,3,0.0,0,0,0,0,0,0,0,0,0,0,0,0,0,0,3,0,0,0.0,0.0,0.0,0.0,0.0,0.0,0.0,0,0.0,0,0,0,0,0,0,0,0,0,0,0,0,0,0,0,0
I. Muhammad,OSTIONEROS DE GUAYMAS,2,I. Muhammad,"G. Davis, J. Ivey, J. Wheeler, U. Utomi",2,79.7,0,0,8,0.0,0,0,0,0,0,0,0,0,0,0,0,0,0,0,8,0,0,0.0,0.0,0.0,0.0,0.0,0.0,0.0,0,0.0,1,0,0,0,0,0,0,0,0,0,0,0,0,0,0,0
I. Muhammad,OSTIONEROS DE GUAYMAS,2,I. Muhammad,"G. Davis-Mcmurrin, J. Ivey, J. Wheeler, U. Utomi",1,40.0,0,0,8,0.0,0,1,0.0,0,0,0,0,0,0,0,0,0,0,0,8,0,0,0.0,0.0,0.0,0.0,0.0,0.0,0.0,0,0.0,1,0,0,0,0,0,0,0,0,0,0,0,0,0,0,0
I. Muhammad,OSTIONEROS DE GUAYMAS,2,I. Muhammad,"C. Oluyitan, G. Davis-Mcmurrin, J. Wheeler, U. Utomi",1,39.9,0,0,2,0.0,0,1,0.0,0,0,0,0,0,0,0,0,0,0,0,2,0,0,0.0,0.0,0.0,0.0,0.0,0.0,0.0,0,0.0,0,0,0,0,0,0,0,0,0,0,0,0,0,0,0,0
J. Ivey,OSTIONEROS DE GUAYMAS,0,J. Ivey,"G. Davis, I. Muhammad, J. Wheeler, U. Utomi",2,79.7,0,0,23,0.0,0,8,0.0,0,0,0,0,0,0,0,0,0,0,0,22,0,0,0.0,0.0,0.0,0.0,0.0,0.0,0.0,0,0.0,1,0,0,0,0,0,0,0,0,0,0,0,0,0,0,0
J. Ivey,OSTIONEROS DE GUAYMAS,0,J. Ivey,"G. Davis-Mcmurrin, I. Muhammad, J. Wheeler, U. Utomi",1,40.0,0,0,13,0.0,0,11,0.0,0,0,0,0,0,0,0,0,0,0,0,12,0,0,0.0,0.0,0.0,0.0,0.0,0.0,0.0,0,0.0,0,0,0,0,0,0,0,0,0,0,0,0,0,0,0,0
J. Ivey,OSTIONEROS DE GUAYMAS,0,J. Ivey,"A. Tarke, G. Davis-Mcmurrin, J. Wheeler, U. Utomi",1,39.7,0,0,9,0.0,0,4,0.0,0,0,0,0,0,0,0,0,0,0,0,9,0,0,0.0,0.0,0.0,0.0,0.0,0.0,0.0,0,0.0,0,0,0,0,0,0,0,0,0,0,0,0,0,0,0,0
J. Wheeler,OSTIONEROS DE GUAYMAS,5,J. Wheeler,"G. Davis, I. Muhammad, J. Ivey, U. Utomi",2,79.7,0,0,10,0.0,0,7,0.0,0,0,0,0,0,0,0,0,0,0,0,10,0,0,0.0,0.0,0.0,0.0,0.0,0.0,0.0,0,0.0,0,0,0,0,0,0,0,0,0,0,0,0,0,0,0,0
J. Wheeler,OSTIONEROS DE GUAYMAS,5,J. Wheeler,"G. Davis-Mcmurrin, I. Muhammad, J. Ivey, U. Utomi",1,40.0,0,0,10,0.0,0,9,0.0,0,0,0,0,0,0,0,0,0,0,0,10,0,0,0.0,0.0,0.0,0.0,0.0,0.0,0.0,0,0.0,0,0,0,0,0,0,0,0,0,0,0,0,0,0,0,0
J. Wheeler,OSTIONEROS DE GUAYMAS,5,J. Wheeler,"C. Oluyitan, G. Davis-Mcmurrin, I. Muhammad, U. Utomi",1,39.9,0,0,6,0.0,0,3,0.0,0,0,0,0,0,0,0,0,0,0,0,6,0,0,0.0,0.0,0.0,0.0,0.0,0.0,0.0,0,0.0,0,0,0,0,0,0,0,0,0,0,0,0,0,0,0,0
J. Wheeler,OSTIONEROS DE GUAYMAS,5,J. Wheeler,"A. Tarke, G. Davis-Mcmurrin, J. Ivey, U. Utomi",1,39.7,0,0,4,0.0,0,2,0.0,0,0,0,0,0,0,0,0,0,0,0,4,0,0,0.0,0.0,0.0,0.0,0.0,0.0,0.0,0,0.0,0,0,0,0,0,0,0,0,0,0,0,0,0,0,0,0
Q. Green,OSTIONEROS DE GUAYMAS,30,Q. Green,"A. Tarke, B. Rivera Herrera, H. Spencer Iii, S. Kenney",1,39.9,0,0,8,0.0,0,4,0.0,0,0,0,0,0,0,0,0,0,0,0,8,0,0,0.0,0.0,0.0,0.0,0.0,0.0,0.0,0,0.0,0,0,0,0,0,0,0,0,0,0,0,0,0,0,0,0
S. Kenney,OSTIONEROS DE GUAYMAS,3/34,S. Kenney,"A. Tarke, B. Rivera Herrera, H. Spencer Iii, Q. Green",1,39.9,0,0,6,0.0,0,5,0.0,0,0,0,0,0,0,0,0,0,0,0,6,0,0,0.0,0.0,0.0,0.0,0.0,0.0,0.0,0,0.0,0,0,0,0,0,0,0,0,0,0,0,0,0,0,0,0
U. Utomi,OSTIONEROS DE GUAYMAS,4,U. Utomi,"G. Davis, I. Muhammad, J. Ivey, J. Wheeler",2,79.7,0,0,26,0.0,0,11,0.0,0,0,0,0,0,0,0,0,0,0,0,25,0,0,0.0,0.0,0.0,0.0,0.0,0.0,0.0,0,0.0,2,0,0,0,0,0,0,0,0,0,0,0,0,0,0,0
U. Utomi,OSTIONEROS DE GUAYMAS,4,U. Utomi,"G. Davis-Mcmurrin, I. Muhammad, J. Ivey, J. Wheeler",1,40.0,0,0,8,0.0,0,6,0.0,0,0,0,0,0,0,0,0,0,0,0,8,0,0,0.0,0.0,0.0,0.0,0.0,0.0,0.0,0,0.0,0,0,0,0,0,0,0,0,0,0,0,0,0,0,0,0
U. Utomi,OSTIONEROS DE GUAYMAS,4,U. Utomi,"C. Oluyitan, G. Davis-Mcmurrin, I. Muhammad, J. Wheeler",1,39.9,0,0,9,0.0,0,5,0.0,0,0,0,0,0,0,0,0,0,0,0,9,0,0,0.0,0.0,0.0,0.0,0.0,0.0,0.0,0,0.0,0,0,0,0,0,0,0,0,0,0,0,0,0,0,0,0
U. Utomi,OSTIONEROS DE GUAYMAS,4,U. Utomi,"A. Tarke, G. Davis-Mcmurrin, J. Ivey, J. Wheeler",1,39.7,0,0,10,0.0,0,4,0.0,0,0,0,0,0,0,0,0,0,0,0,10,0,0,0.0,0.0,0.0,0.0,0.0,0.0,0.0,0,0.0,0,0,0,0,0,0,0,0,0,0,0,0,0,0,0,0
A. Harrison,PIONEROS DE LOS MOCHIS,11,A. Harrison,"I. Williams, J. Frame, K. Allen, M. Carter",2,80.0,0,0,34,0.0,0,13,0.0,0,0,0,0,0,0,0,0,0,0,0,33,0,0,0.0,0.0,0.0,0.0,0.0,0.0,0.0,0,0.0,0,0,0,0,0,0,0,0,0,0,0,0,0,0,0,0
A. Harrison,PIONEROS DE LOS MOCHIS,11,A. Harrison,"J. Frame, M. Carter, R. Smith, T. Johnson",2,79.8,0,0,26,0.0,0,12,0.0,0,0,0,0,0,0,0,0,0,0,0,25,0,0,0.0,0.0,0.0,0.0,0.0,0.0,0.0,0,0.0,0,0,0,0,0,0,0,0,0,0,0,0,0,0,0,0
A. Harrison,PIONEROS DE LOS MOCHIS,11,A. Harrison,"D. Carlisle, I. Williams, J. Frame, R. Smith",2,79.3,0,0,28,0.0,0,13,0.0,0,0,0,0,0,0,0,0,0,0,0,27,0,0,0.0,0.0,0.0,0.0,0.0,0.0,0.0,0,0.0,0,0,0,0,0,0,0,0,0,0,0,0,0,0,0,0
A. Harrison,PIONEROS DE LOS MOCHIS,11,A. Harrison,"I. Williams, J. Frame, M. Carter, R. Smith",1,39.7,0,0,11,0.0,0,5,0.0,0,0,0,0,0,0,0,0,0,0,0,11,0,0,0.0,0.0,0.0,0.0,0.0,0.0,0.0,0,0.0,0,0,0,0,0,0,0,0,0,0,0,0,0,0,0,0
D. Carlisle,PIONEROS DE LOS MOCHIS,7,D. Carlisle,"A. Harrison, I. Williams, J. Frame, R. Smith",2,79.3,0,0,18,0.0,0,3,0.0,0,0,0,0,0,0,0,0,0,0,0,17,0,0,0.0,0.0,0.0,0.0,0.0,0.0,0.0,0,0.0,1,0,0,0,0,0,0,0,0,0,0,0,0,0,0,0
G. Vazquez Mejia,PIONEROS DE LOS MOCHIS,24,G. Vazquez Mejia,"J. Frame, M. Carter, Q. Davis, T. Johnson",1,39.6,0,0,5,0.0,0,5,0.0,0,0,0,0,0,0,0,0,0,0,0,5,0,0,0.0,0.0,0.0,0.0,0.0,0.0,0.0,0,0.0,0,0,0,0,0,0,0,0,0,0,0,0,0,0,0,0
I. Williams,PIONEROS DE LOS MOCHIS,5,I. Williams,"A. Harrison, J. Frame, K. Allen, M. Carter",2,80.0,0,0,6,0.0,0,1,0.0,0,0,0,0,0,0,0,0,0,0,0,6,0,0,0.0,0.0,0.0,0.0,0.0,0.0,0.0,0,0.0,0,0,0,0,0,0,0,0,0,0,0,0,0,0,0,0
I. Williams,PIONEROS DE LOS MOCHIS,5,I. Williams,"A. Harrison, D. Carlisle, J. Frame, R. Smith",2,79.3,0,0,16,0.0,0,7,0.0,0,0,0,0,0,0,0,0,0,0,0,15,0,0,0.0,0.0,0.0,0.0,0.0,0.0,0.0,0,0.0,0,0,0,0,0,0,0,0,0,0,0,0,0,0,0,0
I. Williams,PIONEROS DE LOS MOCHIS,5,I. Williams,"A. Harrison, J. Frame, M. Carter, R. Smith",1,39.7,0,0,11,0.0,0,7,0.0,0,0,0,0,0,0,0,0,0,0,0,11,0,0,0.0,0.0,0.0,0.0,0.0,0.0,0.0,0,0.0,0,0,0,0,0,0,0,0,0,0,0,0,0,0,0,0
J. Frame,PIONEROS DE LOS MOCHIS,0,J. Frame,"A. Harrison, I. Williams, K. Allen, M. Carter",2,80.0,0,0,34,0.0,0,17,0.0,0,0,0,0,0,0,0,0,0,0,0,33,0,0,0.0,0.0,0.0,0.0,0.0,0.0,0.0,0,0.0,0,0,0,0,0,0,0,0,0,0,0,0,0,0,0,0
J. Frame,PIONEROS DE LOS MOCHIS,0,J. Frame,"A. Harrison, M. Carter, R. Smith, T. Johnson",2,79.8,0,0,30,0.0,0,19,0.0,0,0,0,0,0,0,0,0,0,0,0,29,0,0,0.0,0.0,0.0,0.0,0.0,0.0,0.0,0,0.0,0,0,0,0,0,0,0,0,0,0,0,0,0,0,0,0
J. Frame,PIONEROS DE LOS MOCHIS,0,J. Frame,"A. Harrison, D. Carlisle, I. Williams, R. Smith",2,79.3,0,0,35,0.0,0,21,0.0,0,0,0,0,0,0,0,0,0,0,0,34,0,0,0.0,0.0,0.0,0.0,0.0,0.0,0.0,0,0.0,0,0,0,0,0,0,0,0,0,0,0,0,0,0,0,0
J. Frame,PIONEROS DE LOS MOCHIS,0,J. Frame,"A. Harrison, I. Williams, M. Carter, R. Smith",1,39.7,0,0,17,0.0,0,10,0.0,0,0,0,0,0,0,0,0,0,0,0,16,0,0,0.0,0.0,0.0,0.0,0.0,0.0,0.0,0,0.0,0,0,0,0,0,0,0,0,0,0,0,0,0,0,0,0
J. Frame,PIONEROS DE LOS MOCHIS,0,J. Frame,"G. Vazquez Mejia, M. Carter, Q. Davis, T. Johnson",1,39.6,0,0,13,0.0,0,8,0.0,0,0,0,0,0,0,0,0,0,0,0,12,0,0,0.0,0.0,0.0,0.0,0.0,0.0,0.0,0,0.0,0,0,0,0,0,0,0,0,0,0,0,0,0,0,0,0
K. Allen,PIONEROS DE LOS MOCHIS,4,K. Allen,"A. Harrison, I. Williams, J. Frame, M. Carter",2,80.0,0,0,6,0.0,0,0,0,0,0,0,0,0,0,0,0,0,0,0,6,0,0,0.0,0.0,0.0,0.0,0.0,0.0,0.0,0,0.0,0,0,0,0,0,0,0,0,0,0,0,0,0,0,0,0
M. Carter,PIONEROS DE LOS MOCHIS,6,M. Carter,"A. Harrison, I. Williams, J. Frame, K. Allen",2,80.0,0,0,5,0.0,0,2,0.0,0,0,0,0,0,0,0,0,0,0,0,5,0,0,0.0,0.0,0.0,0.0,0.0,0.0,0.0,0,0.0,0,0,0,0,0,0,0,0,0,0,0,0,0,0,0,0
M. Carter,PIONEROS DE LOS MOCHIS,6,M. Carter,"A. Harrison, J. Frame, R. Smith, T. Johnson",2,79.8,0,0,13,0.0,0,3,0.0,0,0,0,0,0,0,0,0,0,0,0,12,0,0,0.0,0.0,0.0,0.0,0.0,0.0,0.0,0,0.0,2,0,0,0,0,0,0,0,0,0,0,0,0,0,0,0
M. Carter,PIONEROS DE LOS MOCHIS,6,M. Carter,"A. Harrison, I. Williams, J. Frame, R. Smith",1,39.7,0,0,10,0.0,0,1,0.0,0,0,0,0,0,0,0,0,0,0,0,10,0,0,0.0,0.0,0.0,0.0,0.0,0.0,0.0,0,0.0,1,0,0,0,0,0,0,0,0,0,0,0,0,0,0,0
M. Carter,PIONEROS DE LOS MOCHIS,6,M. Carter,"G. Vazquez Mejia, J. Frame, Q. Davis, T. Johnson",1,39.6,0,0,5,0.0,0,1,0.0,0,0,0,0,0,0,0,0,0,0,0,5,0,0,0.0,0.0,0.0,0.0,0.0,0.0,0.0,0,0.0,0,0,0,0,0,0,0,0,0,0,0,0,0,0,0,0
Q. Davis,PIONEROS DE LOS MOCHIS,3,Q. Davis,"G. Vazquez Mejia, J. Frame, M. Carter, T. Johnson",1,39.6,0,0,17,0.0,0,3,0.0,0,0,0,0,0,0,0,0,0,0,0,16,0,0,0.0,0.0,0.0,0.0,0.0,0.0,0.0,0,0.0,1,0,0,0,0,0,0,0,0,0,0,0,0,0,0,0
R. Smith,PIONEROS DE LOS MOCHIS,10,R. Smith,"A. Harrison, J. Frame, M. Carter, T. Johnson",2,79.8,0,0,19,0.0,0,5,0.0,0,0,0,0,0,0,0,0,0,0,0,18,0,0,0.0,0.0,0.0,0.0,0.0,0.0,0.0,0,0.0,2,0,0,0,0,0,0,0,0,0,0,0,0,0,0,0
R. Smith,PIONEROS DE LOS MOCHIS,10,R. Smith,"A. Harrison, D. Carlisle, I. Williams, J. Frame",2,79.3,0,0,11,0.0,0,5,0.0,0,0,0,0,0,0,0,0,0,0,0,11,0,0,0.0,0.0,0.0,0.0,0.0,0.0,0.0,0,0.0,0,0,0,0,0,0,0,0,0,0,0,0,0,0,0,0
R. Smith,PIONEROS DE LOS MOCHIS,10,R. Smith,"A. Harrison, I. Williams, J. Frame, M. Carter",1,39.7,0,0,13,0.0,0,6,0.0,0,0,0,0,0,0,0,0,0,0,0,12,0,0,0.0,0.0,0.0,0.0,0.0,0.0,0.0,0,0.0,0,0,0,0,0,0,0,0,0,0,0,0,0,0,0,0
T. Johnson,PIONEROS DE LOS MOCHIS,8,T. Johnson,"A. Harrison, J. Frame, M. Carter, R. Smith",2,79.8,0,0,24,0.0,0,11,0.0,0,0,0,0,0,0,0,0,0,0,0,23,0,0,0.0,0.0,0.0,0.0,0.0,0.0,0.0,0,0.0,1,0,0,0,0,0,0,0,0,0,0,0,0,0,0,0
T. Johnson,PIONEROS DE LOS MOCHIS,8,T. Johnson,"G. Vazquez Mejia, J. Frame, M. Carter, Q. Davis",1,39.6,0,0,9,0.0,0,3,0.0,0,0,0,0,0,0,0,0,0,0,0,9,0,0,0.0,0.0,0.0,0.0,0.0,0.0,0.0,0,0.0,0,0,0,0,0,0,0,0,0,0,0,0,0,0,0,0
B. Griggs,RAYOS DE HERMOSILLO,11,B. Griggs,"B. Martinez Campa, K. Iverson, S. Kenney, S. Maxwell",2,79.7,0,0,13,0.0,0,4,0.0,0,0,0,0,0,0,0,0,0,0,0,12,0,0,0.0,0.0,0.0,0.0,0.0,0.0,0.0,0,0.0,1,0,0,0,0,0,0,0,0,0,0,0,0,0,0,0
B. Griggs,RAYOS DE HERMOSILLO,11,B. Griggs,"B. Martinez Campa, C. Christon, K. Iverson, S. Kenney",1,40.0,0,0,4,0.0,0,3,0.0,0,0,0,0,0,0,0,0,0,0,0,4,0,0,0.0,0.0,0.0,0.0,0.0,0.0,0.0,0,0.0,0,0,0,0,0,0,0,0,0,0,0,0,0,0,0,0
B. Martinez Campa,RAYOS DE HERMOSILLO,9,B. Martinez Campa,"B. Griggs, K. Iverson, S. Kenney, S. Maxwell",2,79.7,0,0,13,0.0,0,1,0.0,0,0,0,0,0,0,0,0,0,0,0,12,0,0,0.0,0.0,0.0,0.0,0.0,0.0,0.0,0,0.0,0,0,0,0,0,0,0,0,0,0,0,0,0,0,0,0
B. Martinez Campa,RAYOS DE HERMOSILLO,9,B. Martinez Campa,"B. Griggs, C. Christon, K. Iverson, S. Kenney",1,40.0,0,0,9,0.0,0,1,0.0,0,0,0,0,0,0,0,0,0,0,0,9,0,0,0.0,0.0,0.0,0.0,0.0,0.0,0.0,0,0.0,0,0,0,0,0,0,0,0,0,0,0,0,0,0,0,0
B. Martinez Campa,RAYOS DE HERMOSILLO,9,B. Martinez Campa,"K. Iverson, R. Goodwin, S. Kenney, T. Clark",1,39.9,0,0,4,0.0,0,0,0,0,0,0,0,0,0,0,0,0,0,0,4,0,0,0.0,0.0,0.0,0.0,0.0,0.0,0.0,0,0.0,2,0,0,0,0,0,0,0,0,0,0,0,0,0,0,0
C. Cameron,RAYOS DE HERMOSILLO,12,C. Cameron,"D. Mcneill, J. Montgomery, K. Iverson, T. Clark",1,39.1,0,0,11,0.0,0,2,0.0,0,0,0,0,0,0,0,0,0,0,0,11,0,0,0.0,0.0,0.0,0.0,0.0,0.0,0.0,0,0.0,0,0,0,0,0,0,0,0,0,0,0,0,0,0,0,0
C. Christon,RAYOS DE HERMOSILLO,12,C. Christon,"B. Griggs, B. Martinez Campa, K. Iverson, S. Kenney",1,40.0,0,0,3,0.0,0,1,0.0,0,0,0,0,0,0,0,0,0,0,0,3,0,0,0.0,0.0,0.0,0.0,0.0,0.0,0.0,0,0.0,0,0,0,0,0,0,0,0,0,0,0,0,0,0,0,0
D. Mcneill,RAYOS DE HERMOSILLO,32,D. Mcneill,"C. Cameron, J. Montgomery, K. Iverson, T. Clark",1,39.1,0,0,8,0.0,0,0,0,0,0,0,0,0,0,0,0,0,0,0,8,0,0,0.0,0.0,0.0,0.0,0.0,0.0,0.0,0,0.0,0,0,0,0,0,0,0,0,0,0,0,0,0,0,0,0
J. Montgomery,RAYOS DE HERMOSILLO,36,J. Montgomery,"K. Iverson, R. Goodwin, S. Kenney, T. Clark",1,40.0,0,0,1,0.0,0,0,0,0,0,0,0,0,0,0,0,0,0,0,1,0,0,0.0,0.0,0.0,0.0,0.0,0.0,0.0,0,0.0,0,0,0,0,0,0,0,0,0,0,0,0,0,0,0,0
J. Montgomery,RAYOS DE HERMOSILLO,36,J. Montgomery,"C. Cameron, D. Mcneill, K. Iverson, T. Clark",1,39.1,0,0,4,0.0,0,0,0,0,0,0,0,0,0,0,0,0,0,0,4,0,0,0.0,0.0,0.0,0.0,0.0,0.0,0.0,0,0.0,0,0,0,0,0,0,0,0,0,0,0,0,0,0,0,0
K. Iverson,RAYOS DE HERMOSILLO,3,K. Iverson,"B. Griggs, B. Martinez Campa, S. Kenney, S. Maxwell",2,79.7,0,0,28,0.0,0,6,0.0,0,0,0,0,0,0,0,0,0,0,0,27,0,0,0.0,0.0,0.0,0.0,0.0,0.0,0.0,0,0.0,2,0,0,0,0,0,0,0,0,0,0,0,0,0,0,0
K. Iverson,RAYOS DE HERMOSILLO,3,K. Iverson,"J. Montgomery, R. Goodwin, S. Kenney, T. Clark",1,40.0,0,0,12,0.0,0,1,0.0,0,0,0,0,0,0,0,0,0,0,0,12,0,0,0.0,0.0,0.0,0.0,0.0,0.0,0.0,0,0.0,3,0,0,0,0,0,0,0,0,0,0,0,0,0,0,0
K. Iverson,RAYOS DE HERMOSILLO,3,K. Iverson,"B. Griggs, B. Martinez Campa, C. Christon, S. Kenney",1,40.0,0,0,18,0.0,0,3,0.0,0,0,0,0,0,0,0,0,0,0,0,17,0,0,0.0,0.0,0.0,0.0,0.0,0.0,0.0,0,0.0,2,0,0,0,0,0,0,0,0,0,0,0,0,0,0,0
K. Iverson,RAYOS DE HERMOSILLO,3,K. Iverson,"B. Martinez Campa, R. Goodwin, S. Kenney, T. Clark",1,39.9,0,0,13,0.0,0,6,0.0,0,0,0,0,0,0,0,0,0,0,0,12,0,0,0.0,0.0,0.0,0.0,0.0,0.0,0.0,0,0.0,1,0,0,0,0,0,0,0,0,0,0,0,0,0,0,0
K. Iverson,RAYOS DE HERMOSILLO,3,K. Iverson,"R. Goodwin, S. Kenney, S. Maxwell, T. Clark",1,39.9,0,0,11,0.0,0,5,0.0,0,0,0,0,0,0,0,0,0,0,0,11,0,0,0.0,0.0,0.0,0.0,0.0,0.0,0.0,0,0.0,1,0,0,0,0,0,0,0,0,0,0,0,0,0,0,0
K. Iverson,RAYOS DE HERMOSILLO,3,K. Iverson,"C. Cameron, D. Mcneill, J. Montgomery, T. Clark",1,39.1,0,0,10,0.0,0,2,0.0,0,0,0,0,0,0,0,0,0,0,0,10,0,0,0.0,0.0,0.0,0.0,0.0,0.0,0.0,0,0.0,0,0,0,0,0,0,0,0,0,0,0,0,0,0,0,0
R. Goodwin,RAYOS DE HERMOSILLO,33,R. Goodwin,"J. Montgomery, K. Iverson, S. Kenney, T. Clark",1,40.0,0,0,4,0.0,0,1,0.0,0,0,0,0,0,0,0,0,0,0,0,4,0,0,0.0,0.0,0.0,0.0,0.0,0.0,0.0,0,0.0,0,0,0,0,0,0,0,0,0,0,0,0,0,0,0,0
R. Goodwin,RAYOS DE HERMOSILLO,33,R. Goodwin,"B. Martinez Campa, K. Iverson, S. Kenney, T. Clark",1,39.9,0,0,17,0.0,0,5,0.0,0,0,0,0,0,0,0,0,0,0,0,16,0,0,0.0,0.0,0.0,0.0,0.0,0.0,0.0,0,0.0,0,0,0,0,0,0,0,0,0,0,0,0,0,0,0,0
R. Goodwin,RAYOS DE HERMOSILLO,33,R. Goodwin,"K. Iverson, S. Kenney, S. Maxwell, T. Clark",1,39.9,0,0,14,0.0,0,7,0.0,0,0,0,0,0,0,0,0,0,0,0,13,0,0,0.0,0.0,0.0,0.0,0.0,0.0,0.0,0,0.0,0,0,0,0,0,0,0,0,0,0,0,0,0,0,0,0
S. Kenney,RAYOS DE HERMOSILLO,3/34,S. Kenney,"B. Griggs, B. Martinez Campa, K. Iverson, S. Maxwell",2,79.7,0,0,20,0.0,0,7,0.0,0,0,0,0,0,0,0,0,0,0,0,19,0,0,0.0,0.0,0.0,0.0,0.0,0.0,0.0,0,0.0,1,0,0,0,0,0,0,0,0,0,0,0,0,0,0,0
S. Kenney,RAYOS DE HERMOSILLO,3/34,S. Kenney,"J. Montgomery, K. Iverson, R. Goodwin, T. Clark",1,40.0,0,0,10,0.0,0,7,0.0,0,0,0,0,0,0,0,0,0,0,0,10,0,0,0.0,0.0,0.0,0.0,0.0,0.0,0.0,0,0.0,0,0,0,0,0,0,0,0,0,0,0,0,0,0,0,0
S. Kenney,RAYOS DE HERMOSILLO,3/34,S. Kenney,"B. Griggs, B. Martinez Campa, C. Christon, K. Iverson",1,40.0,0,0,10,0.0,0,3,0.0,0,0,0,0,0,0,0,0,0,0,0,10,0,0,0.0,0.0,0.0,0.0,0.0,0.0,0.0,0,0.0,1,0,0,0,0,0,0,0,0,0,0,0,0,0,0,0
S. Kenney,RAYOS DE HERMOSILLO,3/34,S. Kenney,"B. Martinez Campa, K. Iverson, R. Goodwin, T. Clark",1,39.9,0,0,5,0.0,0,2,0.0,0,0,0,0,0,0,0,0,0,0,0,5,0,0,0.0,0.0,0.0,0.0,0.0,0.0,0.0,0,0.0,0,0,0,0,0,0,0,0,0,0,0,0,0,0,0,0
S. Kenney,RAYOS DE HERMOSILLO,3/34,S. Kenney,"K. Iverson, R. Goodwin, S. Maxwell, T. Clark",1,39.9,0,0,6,0.0,0,4,0.0,0,0,0,0,0,0,0,0,0,0,0,6,0,0,0.0,0.0,0.0,0.0,0.0,0.0,0.0,0,0.0,0,0,0,0,0,0,0,0,0,0,0,0,0,0,0,0
S. Maxwell,RAYOS DE HERMOSILLO,35,S. Maxwell,"B. Griggs, B. Martinez Campa, K. Iverson, S. Kenney",2,79.7,0,0,10,0.0,0,7,0.0,0,0,0,0,0,0,0,0,0,0,0,10,0,0,0.0,0.0,0.0,0.0,0.0,0.0,0.0,0,0.0,0,0,0,0,0,0,0,0,0,0,0,0,0,0,0,0
S. Maxwell,RAYOS DE HERMOSILLO,35,S. Maxwell,"K. Iverson, R. Goodwin, S. Kenney, T. Clark",1,39.9,0,0,3,0.0,0,0,0,0,0,0,0,0,0,0,0,0,0,0,3,0,0,0.0,0.0,0.0,0.0,0.0,0.0,0.0,0,0.0,0,0,0,0,0,0,0,0,0,0,0,0,0,0,0,0
T. Clark,RAYOS DE HERMOSILLO,27,T. Clark,"J. Montgomery, K. Iverson, R. Goodwin, S. Kenney",1,40.0,0,0,12,0.0,0,7,0.0,0,0,0,0,0,0,0,0,0,0,0,12,0,0,0.0,0.0,0.0,0.0,0.0,0.0,0.0,0,0.0,1,0,0,0,0,0,0,0,0,0,0,0,0,0,0,0
T. Clark,RAYOS DE HERMOSILLO,27,T. Clark,"B. Martinez Campa, K. Iverson, R. Goodwin, S. Kenney",1,39.9,0,0,20,0.0,0,11,0.0,0,0,0,0,0,0,0,0,0,0,0,19,0,0,0.0,0.0,0.0,0.0,0.0,0.0,0.0,0,0.0,1,0,0,0,0,0,0,0,0,0,0,0,0,0,0,0
T. Clark,RAYOS DE HERMOSILLO,27,T. Clark,"K. Iverson, R. Goodwin, S. Kenney, S. Maxwell",1,39.9,0,0,4,0.0,0,1,0.0,0,0,0,0,0,0,0,0,0,0,0,4,0,0,0.0,0.0,0.0,0.0,0.0,0.0,0.0,0,0.0,0,0,0,0,0,0,0,0,0,0,0,0,0,0,0,0
T. Clark,RAYOS DE HERMOSILLO,27,T. Clark,"C. Cameron, D. Mcneill, J. Montgomery, K. Iverson",1,39.1,0,0,7,0.0,0,2,0.0,0,0,0,0,0,0,0,0,0,0,0,7,0,0,0.0,0.0,0.0,0.0,0.0,0.0,0.0,0,0.0,0,0,0,0,0,0,0,0,0,0,0,0,0,0,0,0
B. Riley Jr,VENADOS DE MAZATLAN,33,B. Riley Jr,"E. Weaver, K. Feagin, M. Jackson Wright, T. Thompson",1,40.0,0,0,5,0.0,0,0,0,0,0,0,0,0,0,0,0,0,0,0,5,0,0,0.0,0.0,0.0,0.0,0.0,0.0,0.0,0,0.0,1,0,0,0,0,0,0,0,0,0,0,0,0,0,0,0
B. Riley Jr,VENADOS DE MAZATLAN,33,B. Riley Jr,"E. Weaver, J. Andriassi Quintana, M. Jackson Wright, T. Thompson",1,40.0,0,0,4,0.0,0,1,0.0,0,0,0,0,0,0,0,0,0,0,0,4,0,0,0.0,0.0,0.0,0.0,0.0,0.0,0.0,0,0.0,0,0,0,0,0,0,0,0,0,0,0,0,0,0,0,0
E. Weaver,VENADOS DE MAZATLAN,0,E. Weaver,"B. Riley Jr, K. Feagin, M. Jackson Wright, T. Thompson",1,40.0,0,0,18,0.0,0,4,0.0,0,0,0,0,0,0,0,0,0,0,0,17,0,0,0.0,0.0,0.0,0.0,0.0,0.0,0.0,0,0.0,0,0,0,0,0,0,0,0,0,0,0,0,0,0,0,0
E. Weaver,VENADOS DE MAZATLAN,0,E. Weaver,"B. Riley Jr, J. Andriassi Quintana, M. Jackson Wright, T. Thompson",1,40.0,0,0,11,0.0,0,7,0.0,0,0,0,0,0,0,0,0,0,0,0,11,0,0,0.0,0.0,0.0,0.0,0.0,0.0,0.0,0,0.0,0,0,0,0,0,0,0,0,0,0,0,0,0,0,0,0
J. Andriassi Quintana,VENADOS DE MAZATLAN,14,J. Andriassi Quintana,"B. Riley Jr, E. Weaver, M. Jackson Wright, T. Thompson",1,40.0,0,0,8,0.0,0,4,0.0,0,0,0,0,0,0,0,0,0,0,0,8,0,0,0.0,0.0,0.0,0.0,0.0,0.0,0.0,0,0.0,0,0,0,0,0,0,0,0,0,0,0,0,0,0,0,0
K. Feagin,VENADOS DE MAZATLAN,10,K. Feagin,"B. Riley Jr, E. Weaver, M. Jackson Wright, T. Thompson",1,40.0,0,0,18,0.0,0,8,0.0,0,0,0,0,0,0,0,0,0,0,0,17,0,0,0.0,0.0,0.0,0.0,0.0,0.0,0.0,0,0.0,0,0,0,0,0,0,0,0,0,0,0,0,0,0,0,0
M. Jackson Wright,VENADOS DE MAZATLAN,8,M. Jackson Wright,"B. Riley Jr, E. Weaver, K. Feagin, T. Thompson",1,40.0,0,0,18,0.0,0,5,0.0,0,0,0,0,0,0,0,0,0,0,0,17,0,0,0.0,0.0,0.0,0.0,0.0,0.0,0.0,0,0.0,2,0,0,0,0,0,0,0,0,0,0,0,0,0,0,0
M. Jackson Wright,VENADOS DE MAZATLAN,8,M. Jackson Wright,"B. Riley Jr, E. Weaver, J. Andriassi Quintana, T. Thompson",1,40.0,0,0,8,0.0,0,4,0.0,0,0,0,0,0,0,0,0,0,0,0,8,0,0,0.0,0.0,0.0,0.0,0.0,0.0,0.0,0,0.0,0,0,0,0,0,0,0,0,0,0,0,0,0,0,0,0
T. Thompson,VENADOS DE MAZATLAN,55,T. Thompson,"B. Riley Jr, E. Weaver, K. Feagin, M. Jackson Wright",1,40.0,0,0,6,0.0,0,1,0.0,0,0,0,0,0,0,0,0,0,0,0,6,0,0,0.0,0.0,0.0,0.0,0.0,0.0,0.0,0,0.0,0,0,0,0,0,0,0,0,0,0,0,0,0,0,0,0
T. Thompson,VENADOS DE MAZATLAN,55,T. Thompson,"B. Riley Jr, E. Weaver, J. Andriassi Quintana, M. Jackson Wright",1,40.0,0,0,7,0.0,0,3,0.0,0,0,0,0,0,0,0,0,0,0,0,7,0,0,0.0,0.0,0.0,0.0,0.0,0.0,0.0,0,0.0,0,0,0,0,0,0,0,0,0,0,0,0,0,0,0,0
A. Pruitt,ZONKEYS DE TIJUANA,0,A. Pruitt,"F. Jaimes Nava, J. Grayer, J. Webster, T. Allen",6,238.7,0,0,28,0.0,0,13,0.0,0,0,0,0,0,0,0,0,0,0,0,27,0,0,0.0,0.0,0.0,0.0,0.0,0.0,0.0,0,0.0,0,0,0,0,0,0,0,0,0,0,0,0,0,0,0,0
A. Pruitt,ZONKEYS DE TIJUANA,0,A. Pruitt,"A. Williams, F. Jaimes Nava, J. Grayer, J. Webster",2,71.8,0,0,8,0.0,0,3,0.0,0,0,0,0,0,0,0,0,0,0,0,8,0,0,0.0,0.0,0.0,0.0,0.0,0.0,0.0,0,0.0,0,0,0,0,0,0,0,0,0,0,0,0,0,0,0,0
A. Pruitt,ZONKEYS DE TIJUANA,0,A. Pruitt,"A. Williams, J. Grayer, J. Webster, M. Durr",1,40.0,0,0,7,0.0,0,2,0.0,0,0,0,0,0,0,0,0,0,0,0,7,0,0,0.0,0.0,0.0,0.0,0.0,0.0,0.0,0,0.0,0,0,0,0,0,0,0,0,0,0,0,0,0,0,0,0
A. Pruitt,ZONKEYS DE TIJUANA,0,A. Pruitt,"C. Mitchell, F. Jaimes Nava, J. Webster, T. Allen",1,39.9,0,0,11,0.0,0,3,0.0,0,0,0,0,0,0,0,0,0,0,0,11,0,0,0.0,0.0,0.0,0.0,0.0,0.0,0.0,0,0.0,3,0,0,0,0,0,0,0,0,0,0,0,0,0,0,0
A. Pruitt,ZONKEYS DE TIJUANA,0,A. Pruitt,"A. Williams, J. Grayer, J. Webster, T. Allen",1,39.9,0,0,6,0.0,0,2,0.0,0,0,0,0,0,0,0,0,0,0,0,6,0,0,0.0,0.0,0.0,0.0,0.0,0.0,0.0,0,0.0,0,0,0,0,0,0,0,0,0,0,0,0,0,0,0,0
A. Pruitt,ZONKEYS DE TIJUANA,0,A. Pruitt,"C. Mitchell, J. Grayer, J. Webster, M. Durr",1,39.7,0,0,3,0.0,0,1,0.0,0,0,0,0,0,0,0,0,0,0,0,3,0,0,0.0,0.0,0.0,0.0,0.0,0.0,0.0,0,0.0,0,0,0,0,0,0,0,0,0,0,0,0,0,0,0,0
A. Williams,ZONKEYS DE TIJUANA,1,A. Williams,"J. Grayer, J. Webster, M. Durr, T. Allen",3,119.3,0,0,24,0.0,0,21,0.0,0,0,0,0,0,0,0,0,0,0,0,23,0,0,0.0,0.0,0.0,0.0,0.0,0.0,0.0,0,0.0,0,0,0,0,0,0,0,0,0,0,0,0,0,0,0,0
A. Williams,ZONKEYS DE TIJUANA,1,A. Williams,"F. Jaimes Nava, J. Grayer, J. Webster, T. Allen",2,79.3,0,0,20,0.0,0,16,0.0,0,0,0,0,0,0,0,0,0,0,0,19,0,0,0.0,0.0,0.0,0.0,0.0,0.0,0.0,0,0.0,1,0,0,0,0,0,0,0,0,0,0,0,0,0,0,0
A. Williams,ZONKEYS DE TIJUANA,1,A. Williams,"A. Pruitt, F. Jaimes Nava, J. Grayer, J. Webster",2,71.8,0,0,14,0.0,0,9,0.0,0,0,0,0,0,0,0,0,0,0,0,13,0,0,0.0,0.0,0.0,0.0,0.0,0.0,0.0,0,0.0,1,0,0,0,0,0,0,0,0,0,0,0,0,0,0,0
A. Williams,ZONKEYS DE TIJUANA,1,A. Williams,"A. Pruitt, J. Grayer, J. Webster, M. Durr",1,40.0,0,0,12,0.0,0,7,0.0,0,0,0,0,0,0,0,0,0,0,0,12,0,0,0.0,0.0,0.0,0.0,0.0,0.0,0.0,0,0.0,0,0,0,0,0,0,0,0,0,0,0,0,0,0,0,0
A. Williams,ZONKEYS DE TIJUANA,1,A. Williams,"F. Jaimes Nava, J. Webster, M. Durr, T. Allen",1,39.9,0,0,11,0.0,0,10,0.0,0,0,0,0,0,0,0,0,0,0,0,11,0,0,0.0,0.0,0.0,0.0,0.0,0.0,0.0,0,0.0,0,0,0,0,0,0,0,0,0,0,0,0,0,0,0,0
A. Williams,ZONKEYS DE TIJUANA,1,A. Williams,"A. Pruitt, J. Grayer, J. Webster, T. Allen",1,39.9,0,0,10,0.0,0,5,0.0,0,0,0,0,0,0,0,0,0,0,0,10,0,0,0.0,0.0,0.0,0.0,0.0,0.0,0.0,0,0.0,1,0,0,0,0,0,0,0,0,0,0,0,0,0,0,0
C. Mitchell,ZONKEYS DE TIJUANA,3,C. Mitchell,"A. Pruitt, F. Jaimes Nava, J. Webster, T. Allen",1,39.9,0,0,4,0.0,0,1,0.0,0,0,0,0,0,0,0,0,0,0,0,4,0,0,0.0,0.0,0.0,0.0,0.0,0.0,0.0,0,0.0,0,0,0,0,0,0,0,0,0,0,0,0,0,0,0,0
C. Mitchell,ZONKEYS DE TIJUANA,3,C. Mitchell,"A. Pruitt, J. Grayer, J. Webster, M. Durr",1,39.7,0,0,19,0.0,0,11,0.0,0,0,0,0,0,0,0,0,0,0,0,18,0,0,0.0,0.0,0.0,0.0,0.0,0.0,0.0,0,0.0,0,0,0,0,0,0,0,0,0,0,0,0,0,0,0,0
F. Jaimes Nava,ZONKEYS DE TIJUANA,4,F. Jaimes Nava,"A. Pruitt, J. Grayer, J. Webster, T. Allen",6,238.7,0,0,36,0.0,0,20,0.0,0,0,0,0,0,0,0,0,0,0,0,35,0,0,0.0,0.0,0.0,0.0,0.0,0.0,0.0,0,0.0,1,0,0,0,0,0,0,0,0,0,0,0,0,0,0,0
F. Jaimes Nava,ZONKEYS DE TIJUANA,4,F. Jaimes Nava,"J. Grayer, J. Webster, M. Durr, T. Allen",3,119.7,0,0,10,0.0,0,5,0.0,0,0,0,0,0,0,0,0,0,0,0,10,0,0,0.0,0.0,0.0,0.0,0.0,0.0,0.0,0,0.0,0,0,0,0,0,0,0,0,0,0,0,0,0,0,0,0
F. Jaimes Nava,ZONKEYS DE TIJUANA,4,F. Jaimes Nava,"A. Williams, J. Grayer, J. Webster, T. Allen",2,79.3,0,0,14,0.0,0,2,0.0,0,0,0,0,0,0,0,0,0,0,0,13,0,0,0.0,0.0,0.0,0.0,0.0,0.0,0.0,0,0.0,1,0,0,0,0,0,0,0,0,0,0,0,0,0,0,0
F. Jaimes Nava,ZONKEYS DE TIJUANA,4,F. Jaimes Nava,"A. Pruitt, A. Williams, J. Grayer, J. Webster",2,71.8,0,0,15,0.0,0,4,0.0,0,0,0,0,0,0,0,0,0,0,0,14,0,0,0.0,0.0,0.0,0.0,0.0,0.0,0.0,0,0.0,0,0,0,0,0,0,0,0,0,0,0,0,0,0,0,0
F. Jaimes Nava,ZONKEYS DE TIJUANA,4,F. Jaimes Nava,"A. Williams, J. Webster, M. Durr, T. Allen",1,39.9,0,0,7,0.0,0,2,0.0,0,0,0,0,0,0,0,0,0,0,0,7,0,0,0.0,0.0,0.0,0.0,0.0,0.0,0.0,0,0.0,2,0,0,0,0,0,0,0,0,0,0,0,0,0,0,0
F. Jaimes Nava,ZONKEYS DE TIJUANA,4,F. Jaimes Nava,"A. Pruitt, C. Mitchell, J. Webster, T. Allen",1,39.9,0,0,10,0.0,0,3,0.0,0,0,0,0,0,0,0,0,0,0,0,10,0,0,0.0,0.0,0.0,0.0,0.0,0.0,0.0,0,0.0,2,0,0,0,0,0,0,0,0,0,0,0,0,0,0,0
J. Grayer,ZONKEYS DE TIJUANA,7,J. Grayer,"A. Pruitt, F. Jaimes Nava, J. Webster, T. Allen",6,238.7,0,0,83,0.0,0,20,0.0,0,0,0,0,0,0,0,0,0,0,0,80,0,0,0.0,0.0,0.0,0.0,0.0,0.0,0.0,0,0.0,3,0,0,0,0,0,0,0,0,0,0,0,0,0,0,0
J. Grayer,ZONKEYS DE TIJUANA,7,J. Grayer,"F. Jaimes Nava, J. Webster, M. Durr, T. Allen",3,119.7,0,0,38,0.0,0,13,0.0,0,0,0,0,0,0,0,0,0,0,0,36,0,0,0.0,0.0,0.0,0.0,0.0,0.0,0.0,0,0.0,5,0,0,0,0,0,0,0,0,0,0,0,0,0,0,0
J. Grayer,ZONKEYS DE TIJUANA,7,J. Grayer,"A. Williams, J. Webster, M. Durr, T. Allen",3,119.3,0,0,46,0.0,0,21,0.0,0,0,0,0,0,0,0,0,0,0,0,44,0,0,0.0,0.0,0.0,0.0,0.0,0.0,0.0,0,0.0,0,0,0,0,0,0,0,0,0,0,0,0,0,0,0,0
J. Grayer,ZONKEYS DE TIJUANA,7,J. Grayer,"A. Williams, F. Jaimes Nava, J. Webster, T. Allen",2,79.3,0,0,21,0.0,0,5,0.0,0,0,0,0,0,0,0,0,0,0,0,20,0,0,0.0,0.0,0.0,0.0,0.0,0.0,0.0,0,0.0,1,0,0,0,0,0,0,0,0,0,0,0,0,0,0,0
J. Grayer,ZONKEYS DE TIJUANA,7,J. Grayer,"A. Pruitt, A. Williams, F. Jaimes Nava, J. Webster",2,71.8,0,0,13,0.0,0,5,0.0,0,0,0,0,0,0,0,0,0,0,0,12,0,0,0.0,0.0,0.0,0.0,0.0,0.0,0.0,0,0.0,0,0,0,0,0,0,0,0,0,0,0,0,0,0,0,0
J. Grayer,ZONKEYS DE TIJUANA,7,J. Grayer,"A. Pruitt, A. Williams, J. Webster, M. Durr",1,40.0,0,0,14,0.0,0,8,0.0,0,0,0,0,0,0,0,0,0,0,0,13,0,0,0.0,0.0,0.0,0.0,0.0,0.0,0.0,0,0.0,1,0,0,0,0,0,0,0,0,0,0,0,0,0,0,0
J. Grayer,ZONKEYS DE TIJUANA,7,J. Grayer,"A. Pruitt, A. Williams, J. Webster, T. Allen",1,39.9,0,0,6,0.0,0,2,0.0,0,0,0,0,0,0,0,0,0,0,0,6,0,0,0.0,0.0,0.0,0.0,0.0,0.0,0.0,0,0.0,0,0,0,0,0,0,0,0,0,0,0,0,0,0,0,0
J. Grayer,ZONKEYS DE TIJUANA,7,J. Grayer,"A. Pruitt, C. Mitchell, J. Webster, M. Durr",1,39.7,0,0,8,0.0,0,4,0.0,0,0,0,0,0,0,0,0,0,0,0,8,0,0,0.0,0.0,0.0,0.0,0.0,0.0,0.0,0,0.0,1,0,0,0,0,0,0,0,0,0,0,0,0,0,0,0
J. Webster,ZONKEYS DE TIJUANA,11,J. Webster,"A. Pruitt, F. Jaimes Nava, J. Grayer, T. Allen",6,238.7,0,0,65,0.0,0,18,0.0,0,0,0,0,0,0,0,0,0,0,0,62,0,0,0.0,0.0,0.0,0.0,0.0,0.0,0.0,0,0.0,0,0,0,0,0,0,0,0,0,0,0,0,0,0,0,0
J. Webster,ZONKEYS DE TIJUANA,11,J. Webster,"F. Jaimes Nava, J. Grayer, M. Durr, T. Allen",3,119.7,0,0,32,0.0,0,8,0.0,0,0,0,0,0,0,0,0,0,0,0,31,0,0,0.0,0.0,0.0,0.0,0.0,0.0,0.0,0,0.0,2,0,0,0,0,0,0,0,0,0,0,0,0,0,0,0
J. Webster,ZONKEYS DE TIJUANA,11,J. Webster,"A. Williams, J. Grayer, M. Durr, T. Allen",3,119.3,0,0,28,0.0,0,9,0.0,0,0,0,0,0,0,0,0,0,0,0,27,0,0,0.0,0.0,0.0,0.0,0.0,0.0,0.0,0,0.0,0,0,0,0,0,0,0,0,0,0,0,0,0,0,0,0
J. Webster,ZONKEYS DE TIJUANA,11,J. Webster,"A. Williams, F. Jaimes Nava, J. Grayer, T. Allen",2,79.3,0,0,18,0.0,0,5,0.0,0,0,0,0,0,0,0,0,0,0,0,17,0,0,0.0,0.0,0.0,0.0,0.0,0.0,0.0,0,0.0,1,0,0,0,0,0,0,0,0,0,0,0,0,0,0,0
J. Webster,ZONKEYS DE TIJUANA,11,J. Webster,"A. Pruitt, A. Williams, F. Jaimes Nava, J. Grayer",2,71.8,0,0,16,0.0,0,4,0.0,0,0,0,0,0,0,0,0,0,0,0,15,0,0,0.0,0.0,0.0,0.0,0.0,0.0,0.0,0,0.0,0,0,0,0,0,0,0,0,0,0,0,0,0,0,0,0
J. Webster,ZONKEYS DE TIJUANA,11,J. Webster,"A. Pruitt, A. Williams, J. Grayer, M. Durr",1,40.0,0,0,14,0.0,0,6,0.0,0,0,0,0,0,0,0,0,0,0,0,13,0,0,0.0,0.0,0.0,0.0,0.0,0.0,0.0,0,0.0,0,0,0,0,0,0,0,0,0,0,0,0,0,0,0,0
J. Webster,ZONKEYS DE TIJUANA,11,J. Webster,"A. Williams, F. Jaimes Nava, M. Durr, T. Allen",1,39.9,0,0,10,0.0,0,6,0.0,0,0,0,0,0,0,0,0,0,0,0,10,0,0,0.0,0.0,0.0,0.0,0.0,0.0,0.0,0,0.0,0,0,0,0,0,0,0,0,0,0,0,0,0,0,0,0
J. Webster,ZONKEYS DE TIJUANA,11,J. Webster,"A. Pruitt, C. Mitchell, F. Jaimes Nava, T. Allen",1,39.9,0,0,8,0.0,0,5,0.0,0,0,0,0,0,0,0,0,0,0,0,8,0,0,0.0,0.0,0.0,0.0,0.0,0.0,0.0,0,0.0,0,0,0,0,0,0,0,0,0,0,0,0,0,0,0,0
J. Webster,ZONKEYS DE TIJUANA,11,J. Webster,"A. Pruitt, A. Williams, J. Grayer, T. Allen",1,39.9,0,0,14,0.0,0,2,0.0,0,0,0,0,0,0,0,0,0,0,0,13,0,0,0.0,0.0,0.0,0.0,0.0,0.0,0.0,0,0.0,0,0,0,0,0,0,0,0,0,0,0,0,0,0,0,0
J. Webster,ZONKEYS DE TIJUANA,11,J. Webster,"A. Pruitt, C. Mitchell, J. Grayer, M. Durr",1,39.7,0,0,10,0.0,0,2,0.0,0,0,0,0,0,0,0,0,0,0,0,10,0,0,0.0,0.0,0.0,0.0,0.0,0.0,0.0,0,0.0,0,0,0,0,0,0,0,0,0,0,0,0,0,0,0,0
M. Durr,ZONKEYS DE TIJUANA,14,M. Durr,"F. Jaimes Nava, J. Grayer, J. Webster, T. Allen",3,119.7,0,0,16,0.0,0,0,0,0,0,0,0,0,0,0,0,0,0,0,15,0,0,0.0,0.0,0.0,0.0,0.0,0.0,0.0,0,0.0,3,0,0,0,0,0,0,0,0,0,0,0,0,0,0,0
M. Durr,ZONKEYS DE TIJUANA,14,M. Durr,"A. Williams, J. Grayer, J. Webster, T. Allen",3,119.3,0,0,8,0.0,0,0,0,0,0,0,0,0,0,0,0,0,0,0,8,0,0,0.0,0.0,0.0,0.0,0.0,0.0,0.0,0,0.0,0,0,0,0,0,0,0,0,0,0,0,0,0,0,0,0
M. Durr,ZONKEYS DE TIJUANA,14,M. Durr,"A. Pruitt, A. Williams, J. Grayer, J. Webster",1,40.0,0,0,1,0.0,0,0,0,0,0,0,0,0,0,0,0,0,0,0,1,0,0,0.0,0.0,0.0,0.0,0.0,0.0,0.0,0,0.0,0,0,0,0,0,0,0,0,0,0,0,0,0,0,0,0
M. Durr,ZONKEYS DE TIJUANA,14,M. Durr,"A. Williams, F. Jaimes Nava, J. Webster, T. Allen",1,39.9,0,0,2,0.0,0,0,0,0,0,0,0,0,0,0,0,0,0,0,2,0,0,0.0,0.0,0.0,0.0,0.0,0.0,0.0,0,0.0,0,0,0,0,0,0,0,0,0,0,0,0,0,0,0,0
M. Durr,ZONKEYS DE TIJUANA,14,M. Durr,"A. Pruitt, C. Mitchell, J. Grayer, J. Webster",1,39.7,0,0,2,0.0,0,0,0,0,0,0,0,0,0,0,0,0,0,0,2,0,0,0.0,0.0,0.0,0.0,0.0,0.0,0.0,0,0.0,0,0,0,0,0,0,0,0,0,0,0,0,0,0,0,0
T. Allen,ZONKEYS DE TIJUANA,2,T. Allen,"A. Pruitt, F. Jaimes Nava, J. Grayer, J. Webster",6,238.7,0,0,91,0.0,0,41,0.0,0,0,0,0,0,0,0,0,0,0,0,87,0,0,0.0,0.0,0.0,0.0,0.0,0.0,0.0,0,0.0,6,0,0,0,0,0,0,0,0,0,0,0,0,0,0,0
T. Allen,ZONKEYS DE TIJUANA,2,T. Allen,"F. Jaimes Nava, J. Grayer, J. Webster, M. Durr",3,119.7,0,0,49,0.0,0,18,0.0,0,0,0,0,0,0,0,0,0,0,0,47,0,0,0.0,0.0,0.0,0.0,0.0,0.0,0.0,0,0.0,2,0,0,0,0,0,0,0,0,0,0,0,0,0,0,0
T. Allen,ZONKEYS DE TIJUANA,2,T. Allen,"A. Williams, J. Grayer, J. Webster, M. Durr",3,119.3,0,0,55,0.0,0,25,0.0,0,0,0,0,0,0,0,0,0,0,0,53,0,0,0.0,0.0,0.0,0.0,0.0,0.0,0.0,0,0.0,0,0,0,0,0,0,0,0,0,0,0,0,0,0,0,0
T. Allen,ZONKEYS DE TIJUANA,2,T. Allen,"A. Williams, F. Jaimes Nava, J. Grayer, J. Webster",2,79.3,0,0,29,0.0,0,15,0.0,0,0,0,0,0,0,0,0,0,0,0,28,0,0,0.0,0.0,0.0,0.0,0.0,0.0,0.0,0,0.0,0,0,0,0,0,0,0,0,0,0,0,0,0,0,0,0
T. Allen,ZONKEYS DE TIJUANA,2,T. Allen,"A. Williams, F. Jaimes Nava, J. Webster, M. Durr",1,39.9,0,0,12,0.0,0,7,0.0,0,0,0,0,0,0,0,0,0,0,0,12,0,0,0.0,0.0,0.0,0.0,0.0,0.0,0.0,0,0.0,0,0,0,0,0,0,0,0,0,0,0,0,0,0,0,0
T. Allen,ZONKEYS DE TIJUANA,2,T. Allen,"A. Pruitt, C. Mitchell, F. Jaimes Nava, J. Webster",1,39.9,0,0,19,0.0,0,9,0.0,0,0,0,0,0,0,0,0,0,0,0,18,0,0,0.0,0.0,0.0,0.0,0.0,0.0,0.0,0,0.0,0,0,0,0,0,0,0,0,0,0,0,0,0,0,0,0
T. Allen,ZONKEYS DE TIJUANA,2,T. Allen,"A. Pruitt, A. Williams, J. Grayer, J. Webster",1,39.9,0,0,18,0.0,0,7,0.0,0,0,0,0,0,0,0,0,0,0,0,17,0,0,0.0,0.0,0.0,0.0,0.0,0.0,0.0,0,0.0,0,0,0,0,0,0,0,0,0,0,0,0,0,0,0,0
