league,season,team,team_abbrev,player_name,Nationality,height,position,age,GP,MIN,PTS,FGM,FGA,FG_pct,ThreePM,ThreePA,ThreeP_pct,FTM,FTA,FT_pct,OREB,DREB,REB,AST,STL,BLK,TOV,PF,PPG,MPG,RPG,APG,SPG,BPG,TOPG,FPG,MIN_pct,POSS,PACE_EST,PTS_per100,AST_per100,REB_per100,OREB_per100,DREB_per100,STL_per100,BLK_per100,TOV_per100,FGA_per100,FTA_per100,ThreePA_per100,ThreePM_per100,PF_per100,TS_pct,eFG_pct,TS_pct_calc,eFG_pct_calc,TM_TS_pct,ThreePA_rate,FT_rate,Total_S_pct,ORB_pct,DRB_pct,TRB_pct,AST_pct,TOV_pct,TOV_pct_calc,STL_pct,BLK_pct,USG_pct,PPR,PPS,ORtg,DRtg,eDiff,FIC,PER,AST_TO,AST_ratio,OREB_ratio,DREB_ratio,PCT_PTS_2PT,PCT_PTS_3PT,PCT_PTS_FT,GmSc,GmSc_per_game,BPM,OBPM,DBPM,VORP,Linear_BPM,BPM_Mode,Position_Est,Off_Role_Est,player_url,team_url
SLB,2025-2026,London Lions,,Aaryndeep Rai,,,,,1,26.1,7.0,3.0,5.0,60.0,1.0,1.0,0.0,0.0,1.0,0.0,3.0,4.0,7.0,1.0,2.0,3.0,2.0,3.0,7.0,26.1,7.0,1.0,2.0,3.0,2.0,3.0,65.3,48.3,48.3,14.5,2.1,14.5,6.2,8.3,4.1,6.2,4.1,10.3,2.1,2.1,2.1,6.2,64.3,70.0,64.3,70.0,58.3,20.0,0.2,140.0,14.8,18.1,16.5,5.9,26.9,26.9,4.1,12.7,13.6,0.4,1.4,211.2,97.9,113.3,11.4,8.8,0.5,11.8,42.9,57.1,57.1,42.9,0.0,9.2,9.2,0.0,0.0,0.0,0.0,0.0,none,3.3,4.0,,
SLB,2025-2026,Cheshire Phoenix,,Patrick Robinson,,,,,32,837.5,641.0,218.0,381.0,57.2,29.0,69.0,0.0,176.0,241.0,0.0,44.0,87.0,131.0,142.0,29.0,4.0,68.0,53.0,20.03125,26.171875,4.09375,4.4375,0.90625,0.125,2.125,1.65625,65.4,1757.2,54.9,36.5,8.1,7.5,2.5,5.0,1.7,0.2,3.9,21.7,13.7,3.9,1.7,3.0,65.8,61.0,65.8,61.0,57.7,18.1,0.633,168.2,5.6,11.6,8.5,29.1,12.3,12.3,1.7,0.4,28.0,1.2,1.7,226.9,108.1,118.8,454.6,14.1,2.09,20.4,33.6,66.4,59.0,13.6,27.5,534.4,16.7,6.8,6.5,0.3,2.2,13.1,position (auto),2.3,2.7,,
SLB,2025-2026,London Lions,,Chaundee Brown Jr,,,,,20,471.6,256.0,98.0,173.0,56.6,31.0,75.0,0.0,29.0,38.0,0.0,18.0,63.0,81.0,24.0,10.0,3.0,12.0,37.0,12.8,23.580000000000002,4.05,1.2,0.5,0.15,0.6,1.85,59.0,873.2,43.7,29.3,2.7,9.3,2.1,7.2,1.1,0.3,1.4,19.8,4.4,8.6,3.6,4.2,67.5,65.6,67.5,65.6,58.3,43.4,0.22,148.0,4.9,15.8,10.6,9.2,5.9,5.9,1.1,0.7,20.5,0.7,1.5,251.8,97.9,153.9,183.8,9.7,2.0,10.6,22.2,77.8,52.3,36.3,11.3,204.1,10.2,7.1,4.9,2.2,1.3,11.7,position (team),3.2,4.6,,
SLB,2025-2026,Surrey 89ers,,Kino Lily Jr,,,,,35,1213.9,638.0,230.0,498.0,46.2,128.0,282.0,0.0,50.0,62.0,0.0,18.0,69.0,87.0,149.0,38.0,1.0,67.0,39.0,18.228571428571428,34.682857142857145,2.4857142857142858,4.257142857142857,1.0857142857142856,0.02857142857142857,1.9142857142857144,1.1142857142857143,86.7,2403.2,68.7,26.5,6.2,3.6,0.7,2.9,1.6,0.0,2.8,20.7,2.6,11.7,5.3,1.6,60.7,59.0,60.7,59.0,57.1,56.6,0.124,128.1,1.7,6.2,4.1,20.0,11.3,11.3,1.6,0.1,21.8,0.8,1.3,192.9,111.5,81.4,412.5,8.2,2.22,20.1,20.7,79.3,32.0,60.2,7.8,470.3,13.4,2.2,3.8,-1.5,1.6,10.3,position (auto),2.2,3.7,,
SLB,2025-2026,London Lions,,Joel Scott,,,,,25,579.3,325.0,119.0,217.0,54.8,20.0,48.0,0.0,67.0,90.0,0.0,61.0,78.0,139.0,28.0,16.0,8.0,24.0,55.0,13.0,23.171999999999997,5.56,1.12,0.64,0.32,0.96,2.2,57.9,1072.6,42.9,30.3,2.6,13.0,5.7,7.3,1.5,0.7,2.2,20.2,8.4,4.5,1.9,5.1,63.3,59.4,63.3,59.4,58.3,22.1,0.415,149.8,13.5,15.9,14.8,8.7,8.6,8.6,1.5,1.5,23.2,0.7,1.5,240.7,97.9,142.8,248.5,10.6,1.17,9.1,43.9,56.1,60.9,18.5,20.6,272.8,10.9,6.3,4.5,1.8,1.5,10.7,position (auto),3.5,4.7,,
SLB,2025-2026,London Lions,,Tarik Phillip,,,,,34,681.2,321.0,106.0,244.0,43.4,31.0,98.0,0.0,78.0,102.0,0.0,23.0,95.0,118.0,123.0,43.0,3.0,59.0,62.0,9.441176470588236,20.03529411764706,3.4705882352941178,3.6176470588235294,1.2647058823529411,0.08823529411764706,1.7352941176470589,1.8235294117647058,50.1,1261.3,37.1,25.4,9.8,9.4,1.8,7.5,3.4,0.2,4.7,19.3,8.1,7.8,2.5,4.9,55.6,49.8,55.6,49.8,58.3,40.2,0.418,131.6,4.3,16.5,10.7,29.7,17.0,17.0,3.4,0.5,24.4,0.9,1.3,184.1,97.9,86.2,273.0,8.8,2.08,26.1,19.5,80.5,46.7,29.0,24.3,275.0,8.1,6.5,2.3,4.1,1.8,10.6,position (auto),2.5,3.6,,
SLB,2025-2026,Leicester Riders,,Donald Carey Jr,,,,,16,516.3,259.0,81.0,183.0,44.3,32.0,85.0,0.0,65.0,73.0,0.0,13.0,59.0,72.0,114.0,28.0,0.0,63.0,28.0,16.1875,32.26875,4.5,7.125,1.75,0.0,3.9375,1.75,80.7,1021.2,63.8,25.4,11.2,7.1,1.3,5.8,2.7,0.0,6.2,17.9,7.1,8.3,3.1,2.7,60.2,53.0,60.2,53.0,56.5,46.4,0.399,141.5,2.9,12.7,7.9,38.2,22.7,22.7,2.7,0.0,24.4,1.1,1.4,172.8,110.7,62.1,216.6,9.1,1.81,29.1,18.1,81.9,37.8,37.1,25.1,220.5,13.8,3.0,2.5,0.5,0.8,10.2,position (team),2.0,2.8,,
SLB,2025-2026,Newcastle Eagles,,Ray'sean Taylor,,,,,35,1033.8,626.0,203.0,441.0,46.0,71.0,211.0,0.0,149.0,186.0,0.0,28.0,131.0,159.0,163.0,53.0,3.0,73.0,92.0,17.885714285714286,29.537142857142857,4.542857142857143,4.6571428571428575,1.5142857142857142,0.08571428571428572,2.085714285714286,2.6285714285714286,73.8,2116.2,60.5,29.6,7.7,7.5,1.3,6.2,2.5,0.1,3.4,20.8,8.8,10.0,3.4,4.3,59.9,54.1,59.9,54.1,56.0,47.8,0.422,142.0,2.9,15.3,8.8,28.1,12.3,12.3,2.5,0.3,25.9,1.0,1.4,180.1,109.2,70.9,451.8,10.7,2.23,21.5,17.6,82.4,42.2,34.0,23.8,502.0,14.3,4.1,3.5,0.6,1.9,11.7,position (auto),2.5,3.0,,
SLB,2025-2026,B. Braun Sheffield Sharks,,Dirk Williams,,,,,35,1112.8,520.0,192.0,405.0,47.4,85.0,211.0,0.0,51.0,70.0,0.0,15.0,122.0,137.0,98.0,34.0,29.0,52.0,60.0,14.857142857142858,31.794285714285714,3.914285714285714,2.8,0.9714285714285714,0.8285714285714286,1.4857142857142858,1.7142857142857142,79.5,2154.6,61.6,24.1,4.5,6.4,0.7,5.7,1.6,1.3,2.4,18.8,3.2,9.8,3.9,2.8,59.7,57.9,59.7,57.9,56.7,52.1,0.173,128.4,1.6,12.6,7.2,14.8,10.7,10.7,1.6,2.8,20.3,0.7,1.3,186.7,107.8,78.9,375.5,7.9,1.88,16.7,10.9,89.1,41.2,49.0,9.8,399.7,11.4,2.7,2.3,0.4,1.6,10.2,position (auto),2.7,4.2,,
SLB,2025-2026,Manchester Basketball,,Patrick Smith Jr,,,,,35,923.5,484.0,165.0,359.0,46.0,80.0,192.0,0.0,74.0,86.0,0.0,31.0,102.0,133.0,125.0,36.0,6.0,61.0,57.0,13.82857142857143,26.385714285714286,3.8,3.5714285714285716,1.0285714285714285,0.17142857142857143,1.7428571428571429,1.6285714285714286,66.0,1863.5,53.2,26.0,6.7,7.1,1.7,5.5,1.9,0.3,3.3,19.3,4.6,10.3,4.3,3.1,61.0,57.1,61.0,57.1,56.9,53.5,0.24,134.8,3.8,11.9,7.9,21.5,13.3,13.3,1.9,0.6,21.9,0.9,1.3,191.0,107.9,83.1,367.5,9.4,2.05,21.4,23.3,76.7,35.1,49.6,15.3,390.1,11.1,4.1,3.6,0.4,1.7,10.6,position (auto),2.5,3.7,,
SLB,2025-2026,London Lions,,Shavar Reynolds Jr,,,,,30,649.9,300.0,113.0,241.0,46.9,23.0,56.0,0.0,51.0,58.0,0.0,22.0,31.0,53.0,130.0,19.0,1.0,47.0,73.0,10.0,21.663333333333334,1.7666666666666666,4.333333333333333,0.6333333333333333,0.03333333333333333,1.5666666666666667,2.433333333333333,54.2,1203.4,40.1,24.9,10.8,4.4,1.8,2.6,1.6,0.1,3.9,20.0,4.8,4.7,1.9,6.1,56.3,51.7,56.3,51.7,58.3,23.2,0.241,124.5,4.4,5.6,5.0,34.0,15.0,15.0,1.6,0.2,23.1,1.0,1.2,206.0,97.9,108.1,209.2,7.8,2.77,29.3,41.5,58.5,60.0,23.0,17.0,232.9,7.8,3.7,2.0,1.6,1.1,6.6,position (auto),1.9,3.4,,
SLB,2025-2026,Bristol Flyers,,Joseph Anderson,,,,,32,957.8,397.0,148.0,368.0,40.2,59.0,191.0,0.0,42.0,55.0,0.0,13.0,62.0,75.0,165.0,57.0,1.0,46.0,49.0,12.40625,29.93125,2.34375,5.15625,1.78125,0.03125,1.4375,1.53125,74.8,1856.8,58.0,21.4,8.9,4.0,0.7,3.3,3.1,0.1,2.5,19.8,3.0,10.3,3.2,2.6,50.6,48.2,50.6,48.2,52.9,51.9,0.149,107.9,1.5,7.6,4.5,30.1,10.5,10.5,3.1,0.1,20.7,0.8,1.1,178.2,106.6,71.6,312.4,7.3,3.59,27.4,17.3,82.7,44.8,44.6,10.6,328.7,10.3,2.1,0.7,1.3,1.2,10.0,position (auto),1.9,3.3,,
SLB,2025-2026,London Lions,,Kameron Mcgusty,,,,,24,534.3,244.0,92.0,212.0,43.4,16.0,53.0,0.0,44.0,64.0,0.0,8.0,57.0,65.0,83.0,29.0,5.0,34.0,40.0,10.166666666666666,22.2625,2.7083333333333335,3.4583333333333335,1.2083333333333333,0.20833333333333334,1.4166666666666667,1.6666666666666667,55.7,989.3,41.2,24.7,8.4,6.6,0.8,5.8,2.9,0.5,3.4,21.4,6.5,5.4,1.6,4.0,50.8,47.2,50.8,47.2,58.3,25.0,0.302,115.1,1.9,12.6,7.5,26.3,12.4,12.4,2.9,1.0,24.5,0.8,1.2,182.2,97.9,84.3,174.8,7.5,2.44,23.2,12.3,87.7,62.3,19.7,18.0,187.7,7.8,3.7,0.6,3.1,0.9,9.0,position (auto),2.3,4.0,,
SLB,2025-2026,Cheshire Phoenix,,Skyler White,,,,,35,864.2,464.0,157.0,355.0,44.2,97.0,242.0,0.0,53.0,73.0,0.0,42.0,138.0,180.0,57.0,23.0,33.0,34.0,95.0,13.257142857142858,24.691428571428574,5.142857142857143,1.6285714285714286,0.6571428571428571,0.9428571428571428,0.9714285714285714,2.7142857142857144,61.7,1813.2,51.8,25.6,3.1,9.9,2.3,7.6,1.3,1.8,1.9,19.6,4.0,13.3,5.3,5.2,59.9,57.9,59.9,57.9,57.7,68.2,0.206,130.7,5.2,17.9,11.3,10.0,8.1,8.1,1.3,3.4,20.6,0.7,1.3,191.9,108.1,83.8,347.4,9.4,1.68,11.9,23.3,76.7,25.9,62.7,11.4,355.1,10.1,3.3,3.1,0.2,1.4,10.5,position (auto),3.3,4.5,,
SLB,2025-2026,Cheshire Phoenix,,Jaxon Brenchley,,,,,35,918.9,355.0,129.0,274.0,47.1,50.0,135.0,0.0,47.0,65.0,0.0,45.0,101.0,146.0,92.0,37.0,8.0,25.0,50.0,10.142857142857142,26.254285714285714,4.171428571428572,2.6285714285714286,1.0571428571428572,0.22857142857142856,0.7142857142857143,1.4285714285714286,65.6,1928.0,55.1,18.4,4.8,7.6,2.3,5.2,1.9,0.4,1.3,14.2,3.4,7.0,2.6,2.6,58.7,56.2,58.7,56.2,57.7,49.3,0.237,129.6,5.2,12.3,8.6,14.3,7.6,7.6,1.9,0.8,15.0,0.6,1.3,219.7,108.1,111.6,332.9,8.2,3.68,21.9,30.8,69.2,44.5,42.3,13.2,331.4,9.5,2.8,2.4,0.4,1.4,9.4,position (auto),2.8,4.4,,
SLB,2025-2026,Surrey 89ers,,Ronald Polite Iii,,,,,35,913.2,496.0,174.0,337.0,51.6,37.0,104.0,0.0,111.0,141.0,0.0,32.0,90.0,122.0,199.0,31.0,9.0,87.0,92.0,14.17142857142857,26.091428571428573,3.4857142857142858,5.685714285714286,0.8857142857142857,0.2571428571428571,2.4857142857142858,2.6285714285714286,65.2,1807.9,51.7,27.4,11.0,6.7,1.8,5.0,1.7,0.5,4.8,18.6,7.8,5.8,2.0,5.1,62.1,57.1,62.1,57.1,57.1,30.9,0.418,147.2,4.1,10.8,7.6,35.6,17.9,17.9,1.7,0.9,23.8,1.1,1.5,208.0,111.5,96.5,395.9,9.9,2.29,29.0,26.2,73.8,55.2,22.4,22.4,419.9,12.0,3.1,3.2,-0.1,1.4,9.5,position (auto),2.2,2.6,,
SLB,2025-2026,Caledonia Gladiators,,Ria'n Holland,,,,,1,32.1,15.0,3.0,6.0,50.0,3.0,5.0,0.0,6.0,7.0,0.0,0.0,5.0,5.0,1.0,2.0,0.0,1.0,2.0,15.0,32.1,5.0,1.0,2.0,0.0,1.0,2.0,80.2,63.9,63.9,23.5,1.6,7.8,0.0,7.8,3.1,0.0,1.6,9.4,11.0,7.8,4.7,3.1,82.6,75.0,82.6,75.0,52.9,83.3,1.167,250.0,0.0,18.1,8.8,4.6,9.9,9.9,3.1,0.0,14.0,0.5,2.5,202.2,116.1,86.1,12.6,9.7,1.0,9.0,0.0,100.0,0.0,60.0,40.0,14.0,14.0,0.0,0.0,0.0,0.0,0.0,none,3.4,4.0,,
SLB,2025-2026,Manchester Basketball,,Jordan Johnson,,,,,34,743.1,477.0,165.0,367.0,45.0,56.0,150.0,0.0,91.0,118.0,0.0,15.0,67.0,82.0,167.0,28.0,2.0,70.0,46.0,14.029411764705882,21.855882352941176,2.411764705882353,4.911764705882353,0.8235294117647058,0.058823529411764705,2.0588235294117645,1.3529411764705883,54.6,1499.5,44.1,31.8,11.1,5.5,1.0,4.5,1.9,0.1,4.7,24.5,7.9,10.0,3.7,3.1,56.9,52.6,56.9,52.6,56.9,40.9,0.322,130.0,2.3,9.8,6.1,38.3,14.3,14.3,1.9,0.2,29.1,1.2,1.3,183.9,107.9,76.0,326.8,10.5,2.39,25.5,18.3,81.7,45.7,35.2,19.1,363.8,10.7,3.7,4.2,-0.5,1.3,10.8,position (auto),1.8,2.7,,
SLB,2025-2026,London Lions,,Chasson Jermar Randle,,,,,13,249.6,117.0,40.0,82.0,48.8,21.0,52.0,0.0,16.0,17.0,0.0,4.0,24.0,28.0,23.0,5.0,1.0,14.0,27.0,9.0,19.2,2.1538461538461537,1.7692307692307692,0.38461538461538464,0.07692307692307693,1.0769230769230769,2.076923076923077,48.0,462.2,35.6,25.3,5.0,6.1,0.9,5.2,1.1,0.2,3.0,17.7,3.7,11.3,4.5,5.8,65.4,61.6,65.4,61.6,58.3,63.4,0.207,142.7,2.1,11.4,6.9,15.3,13.5,13.5,1.1,0.4,19.8,0.7,1.4,200.0,97.9,102.1,72.6,7.3,1.64,18.2,14.3,85.7,32.5,53.8,13.7,82.2,6.3,4.8,2.7,2.0,0.5,8.2,position (team),2.8,4.3,,
SLB,2025-2026,Cheshire Phoenix,,Frankie Policelli,,,,,34,862.0,427.0,139.0,329.0,42.2,93.0,243.0,0.0,56.0,73.0,0.0,34.0,173.0,207.0,36.0,44.0,16.0,44.0,73.0,12.558823529411764,25.352941176470587,6.088235294117647,1.0588235294117647,1.2941176470588236,0.47058823529411764,1.2941176470588236,2.1470588235294117,63.4,1808.6,53.2,23.6,2.0,11.4,1.9,9.6,2.4,0.9,2.4,18.2,4.0,13.4,5.1,4.0,59.1,56.4,59.1,56.4,57.7,73.9,0.222,129.8,4.2,22.4,13.1,6.1,10.9,10.9,2.5,1.7,19.8,0.6,1.3,171.8,108.1,63.7,332.1,8.6,0.82,8.2,16.4,83.6,21.5,65.3,13.1,328.4,9.7,2.4,1.9,0.5,1.2,11.1,position (auto),3.5,4.8,,
SLB,2025-2026,London Lions,,Aaryn Rai,,,,,38,826.6,263.0,105.0,197.0,53.3,18.0,55.0,0.0,35.0,53.0,0.0,67.0,155.0,222.0,59.0,25.0,9.0,36.0,74.0,6.921052631578948,21.75263157894737,5.842105263157895,1.5526315789473684,0.6578947368421053,0.23684210526315788,0.9473684210526315,1.9473684210526316,54.4,1530.5,40.3,17.2,3.9,14.5,4.4,10.1,1.6,0.6,2.4,12.9,3.5,3.6,1.2,4.8,59.7,57.9,59.7,57.9,58.3,27.9,0.269,133.5,10.4,22.1,16.5,11.2,14.0,14.0,1.6,1.2,14.8,0.5,1.3,230.6,97.9,132.7,298.6,7.3,1.64,18.7,30.2,69.8,66.2,20.5,13.3,260.3,6.9,4.5,1.5,2.9,1.6,8.0,position (auto),3.6,4.9,,
SLB,2025-2026,Surrey 89ers,,Isiah Small,,,,,32,939.5,475.0,175.0,360.0,48.6,27.0,76.0,0.0,98.0,137.0,0.0,80.0,188.0,268.0,104.0,36.0,25.0,67.0,94.0,14.84375,29.359375,8.375,3.25,1.125,0.78125,2.09375,2.9375,73.4,1859.9,58.1,25.5,5.6,14.4,4.3,10.1,1.9,1.3,3.6,19.4,7.4,4.1,1.5,5.1,56.5,52.4,56.5,52.4,57.1,21.1,0.381,131.9,10.0,21.9,16.2,18.0,13.7,13.7,1.9,2.5,23.2,0.8,1.3,203.9,111.5,92.4,425.6,9.7,1.55,17.6,29.9,70.1,62.3,17.1,20.6,411.5,12.9,1.6,1.4,0.2,1.0,9.5,position (auto),3.5,4.0,,
SLB,2025-2026,Leicester Riders,,Raequan Battle,,,,,18,543.4,384.0,129.0,274.0,47.1,63.0,147.0,0.0,63.0,71.0,0.0,9.0,66.0,75.0,24.0,18.0,6.0,34.0,49.0,21.333333333333332,30.188888888888886,4.166666666666667,1.3333333333333333,1.0,0.3333333333333333,1.8888888888888888,2.7222222222222223,75.5,1074.8,59.7,35.7,2.2,7.0,0.8,6.1,1.7,0.6,3.2,25.5,6.6,13.7,5.9,4.6,62.9,58.6,62.9,58.6,56.5,53.6,0.259,140.1,1.9,13.5,7.8,8.9,10.0,10.0,1.7,1.0,28.2,0.8,1.4,180.5,110.7,69.8,199.9,10.1,0.71,6.6,12.0,88.0,34.4,49.2,16.4,252.1,14.0,2.5,3.2,-0.7,0.8,11.5,position (team),3.1,4.3,,
SLB,2025-2026,London Lions,,Karolis Lukosiunas,,,,,12,202.0,78.0,27.0,57.0,47.4,24.0,49.0,0.0,0.0,0.0,0.0,2.0,16.0,18.0,13.0,10.0,0.0,11.0,26.0,6.5,16.833333333333332,1.5,1.0833333333333333,0.8333333333333334,0.0,0.9166666666666666,2.1666666666666665,42.1,374.0,31.2,20.9,3.5,4.8,0.5,4.3,2.7,0.0,2.9,15.2,0.0,13.1,6.4,7.0,68.4,68.4,68.4,68.4,58.3,86.0,0.0,136.8,1.3,9.4,5.5,10.2,16.2,16.2,2.7,0.0,16.1,0.5,1.4,179.9,97.9,82.0,48.2,6.0,1.18,16.0,11.1,88.9,7.7,92.3,0.0,52.8,4.4,5.4,2.1,3.3,0.5,8.2,position (team),2.8,4.6,,
SLB,2025-2026,B. Braun Sheffield Sharks,,William Lee,,,,,27,551.1,232.0,88.0,163.0,54.0,33.0,74.0,0.0,23.0,32.0,0.0,31.0,141.0,172.0,23.0,22.0,33.0,21.0,53.0,8.592592592592593,20.41111111111111,6.37037037037037,0.8518518518518519,0.8148148148148148,1.2222222222222223,0.7777777777777778,1.962962962962963,51.0,1067.0,39.5,21.7,2.2,16.1,2.9,13.2,2.1,3.1,2.0,15.3,3.0,6.9,3.1,5.0,65.5,64.1,65.5,64.1,56.7,45.4,0.196,142.3,6.8,29.4,18.4,6.9,10.6,10.6,2.1,6.4,16.7,0.5,1.4,221.8,107.8,114.0,265.0,9.9,1.1,10.4,18.0,82.0,47.4,42.7,9.9,232.5,8.6,5.3,2.7,2.7,1.2,13.2,position (auto),4.0,4.6,,
SLB,2025-2026,London Lions,,Deane Williams,,,,,38,830.6,328.0,114.0,262.0,43.5,35.0,117.0,0.0,65.0,95.0,0.0,49.0,118.0,167.0,65.0,25.0,22.0,49.0,105.0,8.631578947368421,21.857894736842105,4.394736842105263,1.7105263157894737,0.6578947368421053,0.5789473684210527,1.2894736842105263,2.763157894736842,54.6,1537.9,40.5,21.3,4.2,10.9,3.2,7.7,1.6,1.4,3.2,17.0,6.2,7.6,2.3,6.8,54.0,50.2,54.0,50.2,58.3,44.7,0.363,125.2,7.6,16.8,12.4,12.5,13.9,13.9,1.6,2.9,20.3,0.6,1.3,183.2,97.9,85.3,243.9,6.6,1.33,15.6,29.3,70.7,48.2,32.0,19.8,242.8,6.4,2.3,-0.1,2.4,1.1,6.3,position (auto),3.3,4.8,,
SLB,2025-2026,Bristol Flyers,,William Yoakum,,,,,36,906.5,462.0,176.0,328.0,53.7,48.0,120.0,0.0,62.0,83.0,0.0,45.0,108.0,153.0,39.0,46.0,14.0,43.0,69.0,12.833333333333334,25.180555555555557,4.25,1.0833333333333333,1.2777777777777777,0.3888888888888889,1.1944444444444444,1.9166666666666667,63.0,1757.4,48.8,26.3,2.2,8.7,2.6,6.1,2.6,0.8,2.4,18.7,4.7,6.8,2.7,3.9,63.4,61.0,63.4,61.0,52.9,36.6,0.253,140.9,5.5,14.0,9.6,8.1,10.6,10.6,2.6,1.7,20.4,0.6,1.4,214.0,106.6,107.4,332.4,9.2,0.91,8.7,29.4,70.6,55.4,31.2,13.4,370.8,10.3,3.2,1.8,1.4,1.4,11.0,position (auto),3.2,4.0,,
SLB,2025-2026,London Lions,,Mohammad Al-Amin Abdul Adamu,,,,,3,41.8,17.0,6.0,7.0,85.7,3.0,4.0,0.0,2.0,2.0,0.0,0.0,4.0,4.0,5.0,0.0,0.0,5.0,4.0,5.666666666666667,13.933333333333332,1.3333333333333333,1.6666666666666667,0.0,0.0,1.6666666666666667,1.3333333333333333,34.8,77.4,25.8,22.0,6.5,5.2,0.0,5.2,0.0,0.0,6.5,9.0,2.6,5.2,3.9,5.2,107.9,107.1,107.9,107.1,58.3,57.1,0.286,242.9,0.0,11.3,5.9,19.3,38.8,38.8,0.0,0.0,14.7,0.7,2.4,234.7,97.9,136.8,12.0,6.7,1.0,28.0,0.0,100.0,35.3,52.9,11.8,12.6,4.2,0.0,0.0,0.0,0.0,0.0,none,3.3,4.0,,
SLB,2025-2026,B. Braun Sheffield Sharks,,Fahro Alihodzic,,,,,13,290.2,156.0,61.0,103.0,59.2,0.0,0.0,0.0,34.0,51.0,0.0,30.0,42.0,72.0,27.0,19.0,2.0,18.0,44.0,12.0,22.323076923076922,5.538461538461538,2.076923076923077,1.4615384615384615,0.15384615384615385,1.3846153846153846,3.3846153846153846,55.8,561.9,43.2,27.8,4.8,12.8,5.3,7.5,3.4,0.4,3.2,18.3,9.1,0.0,0.0,7.8,62.2,59.2,62.2,59.2,56.7,0.0,0.495,151.5,12.4,16.6,14.6,16.7,12.5,12.5,3.4,0.7,22.9,0.8,1.5,234.5,107.8,126.7,129.1,11.1,1.5,15.8,41.7,58.3,78.2,0.0,21.8,138.8,10.7,3.5,1.6,1.9,0.5,10.2,position (team),3.4,3.9,,
SLB,2025-2026,Cheshire Phoenix,,Laquincy Rideau,,,,,35,896.8,359.0,128.0,320.0,40.0,38.0,121.0,0.0,65.0,95.0,0.0,51.0,112.0,163.0,187.0,59.0,6.0,100.0,128.0,10.257142857142858,25.622857142857143,4.6571428571428575,5.3428571428571425,1.6857142857142857,0.17142857142857143,2.857142857142857,3.657142857142857,64.1,1881.6,53.8,19.1,9.9,8.7,2.7,6.0,3.1,0.3,5.3,17.0,5.0,6.4,2.0,6.8,49.6,45.9,49.6,45.9,57.7,37.8,0.297,112.2,6.0,14.0,9.9,29.8,21.7,21.7,3.2,0.6,21.7,0.9,1.1,170.0,108.1,61.9,306.4,7.2,1.87,28.8,31.3,68.7,50.1,31.8,18.1,286.4,8.2,-0.2,-1.2,1.0,0.5,5.8,position (auto),2.5,3.7,,
SLB,2025-2026,London Lions,,Jonathan Williams,,,,,14,295.2,132.0,57.0,97.0,58.8,0.0,2.0,0.0,18.0,31.0,0.0,23.0,39.0,62.0,19.0,12.0,8.0,29.0,36.0,9.428571428571429,21.085714285714285,4.428571428571429,1.3571428571428572,0.8571428571428571,0.5714285714285714,2.0714285714285716,2.5714285714285716,52.7,546.6,39.0,24.1,3.5,11.3,4.2,7.1,2.2,1.5,5.3,17.7,5.7,0.4,0.0,6.6,59.7,58.8,59.7,58.8,58.3,2.1,0.32,136.1,10.0,15.6,12.9,11.3,20.8,20.8,2.2,3.0,22.6,0.6,1.4,204.7,97.9,106.8,91.9,7.4,0.66,12.0,37.1,62.9,86.4,0.0,13.6,97.0,6.9,1.9,-0.9,2.8,0.3,5.8,position (team),3.3,4.7,,
SLB,2025-2026,Bristol Flyers,,Cameron Holden,,,,,35,977.4,318.0,114.0,273.0,41.8,18.0,65.0,0.0,72.0,141.0,0.0,86.0,104.0,190.0,166.0,58.0,12.0,69.0,102.0,9.085714285714285,27.925714285714285,5.428571428571429,4.742857142857143,1.6571428571428573,0.34285714285714286,1.9714285714285715,2.914285714285714,69.8,1894.8,54.1,16.8,8.8,10.0,4.5,5.5,3.1,0.6,3.6,14.4,7.4,3.4,0.9,5.4,47.5,45.1,47.5,45.1,52.9,23.8,0.516,116.5,9.8,12.5,11.1,27.9,17.1,17.1,3.1,1.3,18.7,0.7,1.2,182.4,106.6,75.8,340.4,7.1,2.41,29.1,45.3,54.7,60.4,17.0,22.6,309.1,8.8,1.1,-0.9,2.0,0.9,6.8,position (auto),2.7,3.7,,
SLB,2025-2026,London Lions,,Ethan Price,,,,,34,566.9,249.0,92.0,165.0,55.8,15.0,50.0,0.0,50.0,65.0,0.0,27.0,101.0,128.0,34.0,13.0,10.0,32.0,96.0,7.323529411764706,16.673529411764704,3.764705882352941,1.0,0.38235294117647056,0.29411764705882354,0.9411764705882353,2.823529411764706,41.7,1049.7,30.9,23.7,3.2,12.2,2.6,9.6,1.2,1.0,3.0,15.7,6.2,4.8,1.4,9.1,64.3,60.3,64.3,60.3,58.3,30.3,0.394,150.9,6.1,21.0,13.9,10.0,14.2,14.2,1.2,2.0,19.0,0.6,1.5,219.2,97.9,121.3,180.6,7.6,1.06,13.1,21.1,78.9,61.8,18.1,20.1,186.9,5.5,2.9,-0.2,3.1,0.8,6.7,position (auto),3.6,4.7,,
SLB,2025-2026,Manchester Basketball,,Gabriel Osbuhein,,,,,11,226.0,73.0,29.0,62.0,46.8,0.0,2.0,0.0,15.0,28.0,0.0,26.0,30.0,56.0,45.0,16.0,6.0,17.0,37.0,6.636363636363637,20.545454545454547,5.090909090909091,4.090909090909091,1.4545454545454546,0.5454545454545454,1.5454545454545454,3.3636363636363638,51.4,456.0,41.5,16.0,9.9,12.3,5.7,6.6,3.5,1.3,3.7,13.6,6.1,0.4,0.0,8.1,49.1,46.8,49.1,46.8,56.9,3.2,0.452,117.7,12.9,14.4,13.7,29.3,18.6,18.6,3.5,2.4,17.9,0.8,1.2,207.9,107.9,100.0,96.0,8.8,2.65,33.0,46.4,53.6,79.5,0.0,20.5,83.1,7.6,3.5,0.4,3.1,0.4,7.1,position (team),3.0,3.8,,
SLB,2025-2026,Manchester Basketball,,Max Jones,,,,,35,967.4,625.0,215.0,514.0,41.8,79.0,225.0,0.0,116.0,144.0,0.0,22.0,85.0,107.0,112.0,23.0,7.0,72.0,82.0,17.857142857142858,27.64,3.057142857142857,3.2,0.6571428571428571,0.2,2.057142857142857,2.342857142857143,69.1,1952.1,55.8,32.0,5.7,5.5,1.1,4.4,1.2,0.4,3.7,26.3,7.4,11.5,4.0,4.2,54.1,49.5,54.1,49.5,56.9,43.8,0.28,121.6,2.6,9.5,6.1,19.7,11.1,11.1,1.2,0.7,29.7,0.9,1.2,168.1,107.9,60.2,300.2,8.4,1.56,14.7,20.6,79.4,43.5,37.9,18.6,382.4,10.9,-0.5,1.2,-1.6,0.5,7.8,position (auto),2.5,3.9,,
SLB,2025-2026,Cheshire Phoenix,,Tobias Cameron,,,,,31,651.5,298.0,109.0,219.0,49.8,39.0,105.0,0.0,41.0,57.0,0.0,53.0,70.0,123.0,66.0,21.0,5.0,47.0,67.0,9.612903225806452,21.016129032258064,3.967741935483871,2.129032258064516,0.6774193548387096,0.16129032258064516,1.5161290322580645,2.161290322580645,52.5,1366.9,44.1,21.8,4.8,9.0,3.9,5.1,1.5,0.4,3.4,16.0,4.2,7.7,2.9,4.9,61.0,58.7,61.0,58.7,57.7,47.9,0.26,136.1,8.6,12.0,10.3,15.0,16.1,16.1,1.6,0.7,18.8,0.7,1.4,206.1,108.1,98.0,229.4,8.3,1.4,18.5,43.1,56.9,47.0,39.3,13.8,236.9,7.6,1.3,1.9,-0.6,0.7,7.2,position (auto),3.0,4.2,,
SLB,2025-2026,London Lions,,Morayo Soluade,,,,,23,346.5,90.0,30.0,71.0,42.3,24.0,59.0,0.0,6.0,7.0,0.0,12.0,27.0,39.0,47.0,12.0,0.0,30.0,29.0,3.9130434782608696,15.065217391304348,1.6956521739130435,2.0434782608695654,0.5217391304347826,0.0,1.3043478260869565,1.2608695652173914,37.7,641.6,27.9,14.0,7.3,6.1,1.9,4.2,1.9,0.0,4.7,11.1,1.1,9.2,3.7,4.5,60.7,59.2,60.7,59.2,58.3,83.1,0.099,126.8,4.5,9.2,6.9,20.1,28.8,28.8,1.9,0.0,14.4,0.6,1.3,167.9,97.9,70.0,80.9,4.6,1.57,31.1,30.8,69.2,13.3,80.0,6.7,71.7,3.1,3.0,0.6,2.3,0.5,5.0,position (auto),2.5,4.3,,
SLB,2025-2026,Surrey 89ers,,Tyrin Lawrence,,,,,21,619.3,320.0,119.0,244.0,48.8,19.0,81.0,0.0,63.0,86.0,0.0,10.0,79.0,89.0,70.0,30.0,8.0,56.0,40.0,15.238095238095237,29.490476190476187,4.238095238095238,3.3333333333333335,1.4285714285714286,0.38095238095238093,2.6666666666666665,1.9047619047619047,73.7,1226.0,58.4,26.1,5.7,7.3,0.8,6.4,2.4,0.7,4.6,19.9,7.0,6.6,1.5,3.3,56.8,52.7,56.8,52.7,57.1,33.2,0.352,131.1,1.9,14.0,8.2,18.5,16.6,16.6,2.4,1.2,24.4,0.8,1.3,180.1,111.5,68.6,206.0,7.8,1.25,17.2,11.2,88.8,62.5,17.8,19.7,230.9,11.0,-0.5,-0.3,-0.2,0.3,8.7,position (auto),2.7,3.9,,
SLB,2025-2026,B. Braun Sheffield Sharks,,Rodney Chatman Iii,,,,,35,775.0,393.0,119.0,304.0,39.1,44.0,126.0,0.0,111.0,137.0,0.0,13.0,82.0,95.0,151.0,42.0,5.0,77.0,75.0,11.228571428571428,22.142857142857142,2.7142857142857144,4.314285714285714,1.2,0.14285714285714285,2.2,2.142857142857143,55.4,1500.6,42.9,26.2,10.1,6.3,0.9,5.5,2.8,0.3,5.1,20.3,9.1,8.4,2.9,5.0,53.9,46.4,53.9,46.4,56.7,41.4,0.451,129.3,2.0,12.2,7.2,31.8,17.4,17.4,2.8,0.7,26.4,1.0,1.3,162.6,107.8,54.8,271.6,8.1,1.96,25.5,13.7,86.3,38.2,33.6,28.2,295.3,8.4,1.3,0.7,0.6,0.8,8.6,position (auto),2.2,3.2,,
SLB,2025-2026,Newcastle Eagles,,Cole Long,,,,,37,1051.4,433.0,157.0,335.0,46.9,64.0,176.0,0.0,55.0,75.0,0.0,58.0,147.0,205.0,69.0,26.0,37.0,39.0,109.0,11.702702702702704,28.41621621621622,5.54054054054054,1.864864864864865,0.7027027027027027,1.0,1.054054054054054,2.945945945945946,71.0,2152.2,58.2,20.1,3.2,9.5,2.7,6.8,1.2,1.7,1.8,15.6,3.5,8.2,3.0,5.1,58.8,56.4,58.8,56.4,56.0,52.5,0.224,129.3,6.0,16.8,11.1,10.8,9.6,9.6,1.2,3.3,17.4,0.6,1.3,190.4,109.2,81.2,360.4,7.8,1.77,14.5,28.3,71.7,43.0,44.3,12.7,355.6,9.6,1.1,1.0,0.1,1.0,8.1,position (auto),3.4,4.5,,
SLB,2025-2026,Manchester Basketball,,Kaiyem Cleary,,,,,21,507.8,269.0,91.0,213.0,42.7,29.0,93.0,0.0,58.0,62.0,0.0,25.0,71.0,96.0,30.0,12.0,14.0,23.0,45.0,12.80952380952381,24.18095238095238,4.571428571428571,1.4285714285714286,0.5714285714285714,0.6666666666666666,1.0952380952380953,2.142857142857143,60.5,1024.7,48.8,26.3,2.9,9.4,2.4,6.9,1.2,1.4,2.2,20.8,6.1,9.1,2.8,4.4,56.0,49.5,56.0,49.5,56.9,43.7,0.291,126.3,5.5,15.1,10.4,9.4,8.7,8.7,1.2,2.5,22.9,0.7,1.3,184.5,107.9,76.6,174.8,8.5,1.3,10.2,26.0,74.0,46.1,32.3,21.6,195.3,9.3,0.7,1.1,-0.4,0.4,8.7,position (auto),3.2,4.6,,
SLB,2025-2026,Leicester Riders,,Kedrian Johnson,,,,,8,284.0,153.0,50.0,103.0,48.5,12.0,28.0,0.0,41.0,46.0,0.0,4.0,22.0,26.0,30.0,8.0,1.0,26.0,18.0,19.125,35.5,3.25,3.75,1.0,0.125,3.25,2.25,88.8,561.7,70.2,27.2,5.3,4.6,0.7,3.9,1.4,0.2,4.6,18.3,8.2,5.0,2.1,3.2,62.1,54.4,62.1,54.4,56.5,27.2,0.447,148.5,1.6,8.6,5.2,18.9,17.4,17.4,1.4,0.3,23.8,0.8,1.5,178.2,110.7,67.5,83.0,7.8,1.15,16.7,15.4,84.6,49.7,23.5,26.8,104.8,13.1,-0.7,0.3,-0.9,0.1,7.1,position (team),2.5,3.9,,
SLB,2025-2026,Leicester Riders,,Travis Evee,,,,,34,924.4,413.0,134.0,323.0,41.5,65.0,172.0,0.0,80.0,102.0,0.0,10.0,75.0,85.0,143.0,42.0,2.0,72.0,55.0,12.147058823529411,27.188235294117646,2.5,4.205882352941177,1.2352941176470589,0.058823529411764705,2.1176470588235294,1.6176470588235294,68.0,1828.4,53.8,22.6,7.8,4.6,0.5,4.1,2.3,0.1,3.9,17.7,5.6,9.4,3.6,3.0,56.1,51.5,56.1,51.5,56.5,53.3,0.316,127.9,1.3,9.0,5.2,26.2,16.4,16.4,2.3,0.2,21.5,0.8,1.3,165.1,110.7,54.4,286.2,7.2,1.99,24.5,11.8,88.2,33.4,47.2,19.4,310.7,9.1,0.5,0.6,-0.1,0.7,8.4,position (auto),2.1,3.7,,
SLB,2025-2026,Newcastle Eagles,,Marco Anthony,,,,,7,235.0,85.0,34.0,69.0,49.3,1.0,5.0,0.0,16.0,27.0,0.0,16.0,37.0,53.0,8.0,10.0,6.0,8.0,10.0,12.142857142857142,33.57142857142857,7.571428571428571,1.1428571428571428,1.4285714285714286,0.8571428571428571,1.1428571428571428,1.4285714285714286,83.9,481.1,68.7,17.7,1.7,11.0,3.3,7.7,2.1,1.2,1.7,14.3,5.6,1.0,0.2,2.1,52.5,50.0,52.5,50.0,56.0,7.2,0.391,123.2,7.4,19.0,12.9,5.6,9.0,9.0,2.1,2.4,17.0,0.4,1.2,191.8,109.2,82.6,77.9,7.4,1.0,8.3,30.2,69.8,77.6,3.5,18.8,76.0,10.9,-0.8,-0.6,-0.2,0.1,8.0,position (team),3.5,4.9,,
SLB,2025-2026,Bristol Flyers,,Zachary Anderson,,,,,36,1049.3,398.0,143.0,331.0,43.2,65.0,192.0,0.0,47.0,62.0,0.0,19.0,153.0,172.0,72.0,22.0,18.0,53.0,44.0,11.055555555555555,29.147222222222222,4.777777777777778,2.0,0.6111111111111112,0.5,1.4722222222222223,1.2222222222222223,72.9,2034.2,56.5,19.6,3.5,8.5,0.9,7.5,1.1,0.9,2.6,16.3,3.0,9.4,3.2,2.2,55.5,53.0,55.5,53.0,52.9,58.0,0.187,120.2,2.0,17.2,9.4,11.6,12.9,12.9,1.1,1.8,17.8,0.6,1.2,167.8,106.6,61.2,297.2,5.9,1.36,14.9,11.0,89.0,39.2,49.0,11.8,291.1,8.1,-0.5,-0.6,0.1,0.5,7.8,position (auto),3.0,4.3,,
SLB,2025-2026,London Lions,,Ciaran Sandy,,,,,32,336.6,108.0,40.0,84.0,47.6,11.0,34.0,0.0,17.0,26.0,0.0,9.0,36.0,45.0,13.0,18.0,9.0,9.0,37.0,3.375,10.51875,1.40625,0.40625,0.5625,0.28125,0.28125,1.15625,26.3,623.2,19.5,17.3,2.1,7.2,1.4,5.8,2.9,1.4,1.4,13.5,4.2,5.5,1.8,5.9,56.6,54.2,56.6,54.2,58.3,40.5,0.31,128.6,3.4,12.6,8.2,6.0,8.6,8.6,2.9,3.0,14.8,0.4,1.3,197.9,97.9,100.0,83.8,6.1,1.44,11.1,20.0,80.0,53.7,30.6,15.7,88.3,2.8,3.7,-0.2,3.9,0.6,7.8,position (auto),3.1,5.0,,
SLB,2025-2026,Surrey 89ers,,Michael Graham,,,,,34,750.2,304.0,140.0,243.0,57.6,0.0,1.0,0.0,24.0,56.0,0.0,103.0,177.0,280.0,32.0,17.0,34.0,26.0,57.0,8.941176470588236,22.064705882352943,8.235294117647058,0.9411764705882353,0.5,1.0,0.7647058823529411,1.6764705882352942,55.2,1485.2,43.7,20.5,2.2,18.9,6.9,11.9,1.1,2.3,1.8,16.4,3.8,0.1,0.0,3.8,56.8,57.6,56.8,57.6,57.1,0.4,0.23,125.1,16.2,25.9,21.2,6.9,8.9,8.9,1.1,4.2,17.5,0.5,1.3,255.0,111.5,143.5,365.0,9.8,1.23,9.8,36.8,63.2,92.1,0.0,7.9,316.7,9.3,0.8,1.6,-0.8,0.6,9.7,position (auto),4.3,4.8,,
SLB,2025-2026,London Lions,,Amin Adamu,,,,,34,513.0,216.0,85.0,179.0,47.5,27.0,72.0,0.0,19.0,23.0,0.0,15.0,60.0,75.0,50.0,12.0,0.0,43.0,59.0,6.352941176470588,15.088235294117647,2.2058823529411766,1.4705882352941178,0.35294117647058826,0.0,1.2647058823529411,1.7352941176470589,37.7,949.9,27.9,22.7,5.3,7.9,1.6,6.3,1.3,0.0,4.5,18.8,2.4,7.6,2.8,6.2,57.1,55.0,57.1,55.0,58.3,40.2,0.128,120.7,3.8,13.8,9.0,16.3,18.5,18.5,1.3,0.0,21.6,0.7,1.2,179.0,97.9,81.1,122.6,5.6,1.16,17.7,20.0,80.0,53.7,37.5,8.8,132.0,3.9,0.6,-0.8,1.4,0.4,4.8,position (auto),2.8,4.5,,
SLB,2025-2026,Leicester Riders,,Spencer Johnson,,,,,24,711.5,287.0,95.0,209.0,45.5,29.0,76.0,0.0,68.0,86.0,0.0,43.0,106.0,149.0,58.0,26.0,5.0,46.0,30.0,11.958333333333334,29.645833333333332,6.208333333333333,2.4166666666666665,1.0833333333333333,0.20833333333333334,1.9166666666666667,1.25,74.1,1407.3,58.6,20.4,4.1,10.6,3.1,7.5,1.8,0.4,3.3,14.9,6.1,5.4,2.1,2.1,58.1,52.4,58.1,52.4,56.5,36.4,0.411,137.3,7.0,16.6,11.9,13.6,15.7,15.7,1.8,0.7,18.6,0.6,1.4,184.2,110.7,73.5,248.5,7.6,1.26,16.5,28.9,71.1,46.0,30.3,23.7,245.5,10.2,0.6,0.9,-0.2,0.6,8.4,position (auto),3.1,4.5,,
SLB,2025-2026,B. Braun Sheffield Sharks,,Prentiss Nixon,,,,,32,734.4,384.0,129.0,324.0,39.8,46.0,146.0,0.0,80.0,92.0,0.0,13.0,85.0,98.0,118.0,21.0,1.0,58.0,62.0,12.0,22.95,3.0625,3.6875,0.65625,0.03125,1.8125,1.9375,57.4,1422.0,44.4,27.0,8.3,6.9,0.9,6.0,1.5,0.1,4.1,22.8,6.5,10.3,3.2,4.4,52.7,46.9,52.7,46.9,56.7,45.1,0.284,118.5,2.1,13.3,7.8,27.2,13.7,13.7,1.5,0.1,26.7,0.9,1.2,165.5,107.8,57.7,234.2,7.4,2.03,21.8,13.3,86.7,43.2,35.9,20.8,260.1,8.1,-0.6,0.3,-1.0,0.3,7.5,position (auto),2.4,3.5,,
SLB,2025-2026,Newcastle Eagles,,Terrell Burden Jr,,,,,23,502.4,228.0,77.0,154.0,50.0,12.0,41.0,0.0,62.0,94.0,0.0,8.0,57.0,65.0,85.0,27.0,4.0,37.0,55.0,9.91304347826087,21.843478260869563,2.8260869565217392,3.6956521739130435,1.173913043478261,0.17391304347826086,1.608695652173913,2.391304347826087,54.6,1028.4,44.7,22.2,8.3,6.3,0.8,5.5,2.6,0.4,3.6,15.0,9.1,4.0,1.2,5.3,58.4,53.9,58.4,53.9,56.0,26.6,0.61,148.1,1.7,13.7,7.4,28.0,15.9,15.9,2.6,0.7,20.8,0.9,1.5,181.7,109.2,72.5,179.5,8.5,2.3,26.8,12.3,87.7,57.0,15.8,27.2,191.2,8.3,1.4,0.2,1.3,0.5,8.4,position (auto),2.5,3.4,,
SLB,2025-2026,Manchester Basketball,,Matthew Nicholson,,,,,35,724.0,204.0,80.0,127.0,63.0,0.0,0.0,0.0,44.0,95.0,0.0,84.0,152.0,236.0,20.0,19.0,47.0,26.0,87.0,5.828571428571428,20.685714285714287,6.742857142857143,0.5714285714285714,0.5428571428571428,1.3428571428571427,0.7428571428571429,2.4857142857142858,51.7,1460.9,41.7,14.0,1.4,16.2,5.7,10.4,1.3,3.2,1.8,8.7,6.5,0.0,0.0,6.0,60.4,63.0,60.4,63.0,56.9,0.0,0.748,160.6,13.1,22.7,18.0,4.0,13.3,13.3,1.3,5.9,11.9,0.4,1.6,242.7,107.9,134.8,287.6,8.1,0.77,9.3,35.6,64.4,78.4,0.0,21.6,236.2,6.7,1.2,-0.2,1.4,0.7,7.3,position (auto),4.1,5.0,,
SLB,2025-2026,B. Braun Sheffield Sharks,,Nick Kern Jr,,,,,35,785.2,432.0,169.0,325.0,52.0,8.0,33.0,0.0,86.0,144.0,0.0,47.0,121.0,168.0,82.0,27.0,14.0,60.0,80.0,12.342857142857143,22.434285714285714,4.8,2.342857142857143,0.7714285714285715,0.4,1.7142857142857142,2.2857142857142856,56.1,1520.3,43.4,28.4,5.4,11.1,3.1,8.0,1.8,0.9,3.9,21.4,9.5,2.2,0.5,5.3,55.6,53.2,55.6,53.2,56.7,10.2,0.443,132.9,7.2,17.7,12.6,19.0,13.4,13.4,1.8,1.9,26.5,0.8,1.3,194.5,107.8,86.7,295.0,9.0,1.37,15.5,28.0,72.0,74.5,5.6,19.9,320.3,9.2,0.2,0.1,0.0,0.5,8.0,position (auto),3.1,3.9,,
SLB,2025-2026,London Lions,,Ryan Mikesell,,,,,7,145.6,53.0,18.0,47.0,38.3,8.0,25.0,0.0,9.0,10.0,0.0,4.0,12.0,16.0,12.0,2.0,0.0,7.0,20.0,7.571428571428571,20.8,2.2857142857142856,1.7142857142857142,0.2857142857142857,0.0,1.0,2.857142857142857,52.0,269.6,38.5,19.7,4.5,5.9,1.5,4.5,0.7,0.0,2.6,17.4,3.7,9.3,3.0,7.4,51.6,46.8,51.6,46.8,58.3,53.2,0.213,112.8,3.5,9.7,6.8,12.9,12.0,12.0,0.7,0.0,19.2,0.6,1.1,168.4,97.9,70.5,24.0,4.2,1.71,17.0,25.0,75.0,37.7,45.3,17.0,28.7,4.1,-1.3,-1.7,0.4,0.0,2.7,position (team),2.9,4.7,,
SLB,2025-2026,Leicester Riders,,Marc Loving,,,,,12,358.4,137.0,49.0,113.0,43.4,15.0,44.0,0.0,24.0,26.0,0.0,10.0,43.0,53.0,24.0,11.0,7.0,11.0,19.0,11.416666666666666,29.866666666666664,4.416666666666667,2.0,0.9166666666666666,0.5833333333333334,0.9166666666666666,1.5833333333333333,74.7,708.9,59.1,19.3,3.4,7.5,1.4,6.1,1.6,1.0,1.6,15.9,3.7,6.2,2.1,2.7,55.0,50.0,55.0,50.0,56.5,38.9,0.23,121.2,3.2,13.3,8.4,11.2,8.1,8.1,1.5,1.9,17.1,0.5,1.2,186.9,110.7,76.2,106.2,6.8,2.18,15.1,18.9,81.1,49.6,32.8,17.5,110.7,9.2,0.1,0.2,-0.0,0.2,8.2,position (team),3.0,4.7,,
SLB,2025-2026,Newcastle Eagles,,Maceo Jack,,,,,34,1042.6,515.0,183.0,385.0,47.5,38.0,115.0,0.0,111.0,135.0,0.0,25.0,118.0,143.0,67.0,26.0,10.0,53.0,79.0,15.147058823529411,30.664705882352937,4.205882352941177,1.9705882352941178,0.7647058823529411,0.29411764705882354,1.5588235294117647,2.323529411764706,76.7,2134.2,62.8,24.1,3.1,6.7,1.2,5.5,1.2,0.5,2.5,18.0,6.3,5.4,1.8,3.7,57.9,52.5,57.9,52.5,56.0,29.9,0.351,133.8,2.6,13.6,7.8,11.0,10.7,10.7,1.2,0.9,21.5,0.7,1.3,177.5,109.2,68.3,299.6,7.5,1.26,11.9,17.5,82.5,56.3,22.1,21.6,357.3,10.5,-1.3,-0.2,-1.1,0.2,7.1,position (auto),3.0,4.4,,
SLB,2025-2026,Manchester Basketball,,Donovan Mitchell,,,,,5,111.0,59.0,22.0,46.0,47.8,5.0,19.0,0.0,10.0,13.0,0.0,5.0,23.0,28.0,6.0,3.0,3.0,9.0,9.0,11.8,22.2,5.6,1.2,0.6,0.6,1.8,1.8,55.5,224.0,44.8,26.3,2.7,12.5,2.2,10.3,1.3,1.3,4.0,20.5,5.8,8.5,2.2,4.0,57.0,53.3,57.0,53.3,56.9,41.3,0.283,128.3,5.1,22.4,13.9,8.9,14.8,14.8,1.3,2.5,24.2,0.7,1.3,176.8,107.9,68.9,40.4,8.3,0.67,9.0,17.9,82.1,57.6,25.4,16.9,41.5,8.3,-0.5,-0.3,-0.2,0.1,8.5,position (team),3.5,4.5,,
SLB,2025-2026,London Lions,,Ovie Soko,,,,,14,172.1,57.0,18.0,33.0,54.5,0.0,1.0,0.0,21.0,32.0,0.0,14.0,34.0,48.0,7.0,9.0,3.0,15.0,34.0,4.071428571428571,12.292857142857143,3.4285714285714284,0.5,0.6428571428571429,0.21428571428571427,1.0714285714285714,2.4285714285714284,30.7,318.7,22.8,17.9,2.2,15.1,4.4,10.7,2.8,0.9,4.7,10.4,10.0,0.3,0.0,10.7,60.5,54.5,60.5,54.5,58.3,3.0,0.97,172.7,10.5,23.3,17.2,6.2,24.2,24.2,2.8,1.9,17.2,0.4,1.7,184.2,97.9,86.3,46.8,6.1,0.47,10.1,29.2,70.8,63.2,0.0,36.8,44.1,3.1,0.0,-3.6,3.6,0.1,3.9,position (team),3.8,4.9,,
SLB,2025-2026,Cheshire Phoenix,,Michael Diggins,,,,,35,824.0,356.0,141.0,322.0,43.8,35.0,124.0,0.0,39.0,57.0,0.0,55.0,102.0,157.0,38.0,21.0,22.0,39.0,76.0,10.17142857142857,23.542857142857144,4.485714285714286,1.0857142857142856,0.6,0.6285714285714286,1.1142857142857143,2.1714285714285713,58.9,1728.9,49.4,20.6,2.2,9.1,3.2,5.9,1.2,1.3,2.3,18.6,3.3,7.2,2.0,4.4,51.3,49.2,51.3,49.2,57.7,38.5,0.177,110.6,7.1,13.8,10.4,6.9,10.1,10.1,1.2,2.4,19.8,0.5,1.1,184.6,108.1,76.5,228.6,6.7,0.97,9.0,35.0,65.0,59.6,29.5,11.0,242.5,6.9,-2.3,-1.0,-1.3,-0.1,5.7,position (auto),3.3,5.0,,
SLB,2025-2026,Manchester Basketball,,Oluwaseyi Adetukasi,,,,,35,926.8,345.0,130.0,256.0,50.8,41.0,107.0,0.0,44.0,55.0,0.0,27.0,122.0,149.0,31.0,19.0,6.0,39.0,57.0,9.857142857142858,26.48,4.257142857142857,0.8857142857142857,0.5428571428571428,0.17142857142857143,1.1142857142857143,1.6285714285714286,66.2,1870.1,53.4,18.4,1.7,8.0,1.4,6.5,1.0,0.3,2.1,13.7,2.9,5.7,2.2,3.0,61.6,58.8,61.6,58.8,56.9,41.8,0.215,134.8,3.3,14.2,8.9,5.0,12.2,12.2,1.0,0.6,15.2,0.5,1.3,196.2,107.9,88.3,239.4,6.1,0.79,8.9,18.1,81.9,51.6,35.7,12.8,252.0,7.2,-0.8,-0.3,-0.5,0.4,6.5,position (auto),3.2,5.0,,
SLB,2025-2026,Caledonia Gladiators,,Rian Holland,,,,,29,730.3,290.0,106.0,245.0,43.3,40.0,99.0,0.0,38.0,54.0,0.0,23.0,68.0,91.0,109.0,66.0,2.0,38.0,64.0,10.0,25.182758620689654,3.1379310344827585,3.7586206896551726,2.2758620689655173,0.06896551724137931,1.3103448275862069,2.206896551724138,63.0,1452.9,50.1,20.0,7.5,6.3,1.6,4.7,4.5,0.1,2.6,16.9,3.7,6.8,2.8,4.4,54.0,51.4,54.0,51.4,52.9,40.4,0.22,118.4,3.4,10.8,7.0,24.0,12.4,12.4,4.6,0.3,18.7,0.8,1.2,185.0,116.1,68.9,267.0,8.3,2.87,26.2,25.3,74.7,45.5,41.4,13.1,271.1,9.3,1.9,0.4,1.5,0.9,10.9,position (auto),2.4,4.0,,
SLB,2025-2026,Newcastle Eagles,,Gus Okafor,,,,,28,719.0,341.0,101.0,257.0,39.3,49.0,127.0,0.0,90.0,130.0,0.0,34.0,98.0,132.0,45.0,20.0,10.0,27.0,59.0,12.178571428571429,25.678571428571427,4.714285714285714,1.6071428571428572,0.7142857142857143,0.35714285714285715,0.9642857142857143,2.107142857142857,64.2,1471.8,52.6,23.2,3.1,9.0,2.3,6.7,1.4,0.7,1.8,17.5,8.8,8.6,3.3,4.0,54.3,48.8,54.3,48.8,56.0,49.4,0.506,132.7,5.1,16.4,10.5,10.1,7.9,7.9,1.4,1.3,21.3,0.6,1.3,161.6,109.2,52.4,225.5,7.6,1.67,11.7,25.8,74.2,30.5,43.1,26.4,246.6,8.8,-0.3,0.7,-1.0,0.4,7.9,position (auto),3.3,4.6,,
SLB,2025-2026,Cheshire Phoenix,,Matthew Zona,,,,,35,465.8,222.0,80.0,177.0,45.2,40.0,110.0,0.0,22.0,38.0,0.0,33.0,74.0,107.0,17.0,16.0,17.0,17.0,73.0,6.3428571428571425,13.30857142857143,3.057142857142857,0.4857142857142857,0.45714285714285713,0.4857142857142857,0.4857142857142857,2.085714285714286,33.3,977.3,27.9,22.7,1.7,10.9,3.4,7.6,1.6,1.7,1.7,18.1,3.9,11.3,4.1,7.5,57.3,56.5,57.3,56.5,57.7,62.1,0.215,125.4,7.5,17.8,12.5,5.4,8.1,8.1,1.7,3.3,19.1,0.6,1.3,194.3,108.1,86.2,160.0,8.3,1.0,7.5,30.8,69.2,36.0,54.1,9.9,162.6,4.6,0.5,0.6,-0.1,0.4,8.0,position (auto),3.6,4.9,,
SLB,2025-2026,London Lions,,Nigel Hawkins,,,,,9,126.5,31.0,9.0,30.0,30.0,3.0,11.0,0.0,10.0,13.0,0.0,6.0,12.0,18.0,8.0,4.0,2.0,4.0,18.0,3.4444444444444446,14.055555555555555,2.0,0.8888888888888888,0.4444444444444444,0.2222222222222222,0.4444444444444444,2.0,35.1,234.2,26.0,13.2,3.4,7.7,2.6,5.1,1.7,0.9,1.7,12.8,5.6,4.7,1.3,7.7,43.4,35.0,43.4,35.0,58.3,36.7,0.433,103.3,6.1,11.2,8.8,9.1,10.1,10.1,1.7,1.8,15.0,0.4,1.0,159.8,97.9,61.9,19.6,3.6,2.0,16.8,33.3,66.7,38.7,29.0,32.3,20.0,2.2,-1.4,-3.1,1.7,0.0,2.2,position (team),3.2,5.0,,
SLB,2025-2026,Bristol Flyers,,Owen Mccormack,,,,,33,761.8,281.0,95.0,218.0,43.6,52.0,135.0,0.0,39.0,53.0,0.0,39.0,139.0,178.0,65.0,16.0,11.0,52.0,77.0,8.515151515151516,23.084848484848482,5.393939393939394,1.9696969696969697,0.48484848484848486,0.3333333333333333,1.5757575757575757,2.3333333333333335,57.7,1476.8,44.8,19.0,4.4,12.1,2.6,9.4,1.1,0.7,3.5,14.8,3.6,9.1,3.5,5.2,58.2,55.5,58.2,55.5,52.9,61.9,0.243,128.9,5.7,21.5,13.3,14.2,17.7,17.7,1.1,1.5,17.5,0.6,1.3,172.2,106.6,65.6,242.4,6.3,1.25,18.1,21.9,78.1,30.6,55.5,13.9,216.2,6.6,-0.4,-0.9,0.5,0.4,6.7,position (auto),3.4,4.1,,
SLB,2025-2026,Caledonia Gladiators,,Charles Jett Speelman,,,,,1,30.3,17.0,6.0,11.0,54.5,3.0,4.0,0.0,2.0,2.0,0.0,1.0,2.0,3.0,0.0,2.0,0.0,3.0,2.0,17.0,30.3,3.0,0.0,2.0,0.0,3.0,2.0,75.8,60.3,60.3,28.2,0.0,5.0,1.7,3.3,3.3,0.0,5.0,18.2,3.3,6.6,5.0,3.3,71.5,68.2,71.5,68.2,52.9,36.4,0.182,154.5,3.6,7.7,5.6,0.0,20.2,20.2,3.3,0.0,21.8,0.6,1.5,178.3,116.1,62.2,8.5,8.1,0.0,0.0,33.3,66.7,35.3,52.9,11.8,11.2,11.2,0.0,0.0,0.0,0.0,0.0,none,3.4,4.0,,
SLB,2025-2026,B. Braun Sheffield Sharks,,Jalen Deloach,,,,,20,371.4,156.0,60.0,99.0,60.6,3.0,13.0,0.0,33.0,67.0,0.0,29.0,77.0,106.0,28.0,8.0,15.0,29.0,53.0,7.8,18.57,5.3,1.4,0.4,0.75,1.45,2.65,46.4,719.1,36.0,21.7,3.9,14.7,4.0,10.7,1.1,2.1,4.0,13.8,9.3,1.8,0.4,7.4,60.7,62.1,60.7,62.1,56.7,13.1,0.677,157.6,9.4,23.8,16.8,12.5,18.4,18.4,1.1,4.3,19.7,0.6,1.6,204.2,107.8,96.4,138.9,8.1,0.97,15.1,27.4,72.6,73.1,5.8,21.2,128.4,6.4,-0.2,-1.2,1.0,0.2,6.5,position (team),3.8,4.3,,
SLB,2025-2026,Newcastle Eagles,,Deion Hammond,,,,,30,827.3,330.0,120.0,298.0,40.3,71.0,187.0,0.0,19.0,23.0,0.0,9.0,78.0,87.0,40.0,35.0,8.0,27.0,85.0,11.0,27.576666666666664,2.9,1.3333333333333333,1.1666666666666667,0.26666666666666666,0.9,2.8333333333333335,68.9,1693.5,56.5,19.5,2.4,5.1,0.5,4.6,2.1,0.5,1.6,17.6,1.4,11.0,4.2,5.0,53.6,52.2,53.6,52.2,56.0,62.8,0.077,110.7,1.2,11.4,6.0,7.9,8.1,8.1,2.1,0.9,18.2,0.5,1.1,147.7,109.2,38.5,178.9,5.6,1.48,10.7,10.3,89.7,29.7,64.5,5.8,205.1,6.8,-1.5,-1.0,-0.5,0.1,6.8,position (auto),3.0,4.8,,
SLB,2025-2026,Leicester Riders,,Nathaniel Martin,,,,,24,622.2,209.0,89.0,163.0,54.6,0.0,0.0,0.0,31.0,55.0,0.0,68.0,114.0,182.0,42.0,13.0,12.0,26.0,51.0,8.708333333333334,25.925,7.583333333333333,1.75,0.5416666666666666,0.5,1.0833333333333333,2.125,64.8,1230.7,51.3,17.0,3.4,14.8,5.5,9.3,1.1,1.0,2.1,13.2,4.5,0.0,0.0,4.1,55.8,54.6,55.8,54.6,56.5,0.0,0.337,128.2,12.7,20.4,16.6,11.4,12.2,12.2,1.0,1.8,15.5,0.5,1.3,230.6,110.7,119.9,235.1,7.8,1.62,16.5,37.4,62.6,85.2,0.0,14.8,207.1,8.6,-0.2,-0.0,-0.2,0.3,6.9,position (auto),3.7,4.8,,
SLB,2025-2026,Manchester Basketball,,Zak Irvin,,,,,34,696.0,217.0,99.0,179.0,55.3,7.0,26.0,0.0,12.0,21.0,0.0,33.0,127.0,160.0,35.0,28.0,3.0,35.0,51.0,6.382352941176471,20.470588235294116,4.705882352941177,1.0294117647058822,0.8235294117647058,0.08823529411764706,1.0294117647058822,1.5,51.2,1404.4,41.3,15.5,2.5,11.4,2.3,9.0,2.0,0.2,2.5,12.7,1.5,1.9,0.5,3.6,57.6,57.3,57.6,57.3,56.9,14.5,0.117,121.2,5.3,19.7,12.7,7.5,15.7,15.7,2.0,0.4,14.2,0.4,1.2,210.4,107.9,102.5,208.6,6.3,1.0,13.6,20.6,79.4,84.8,9.7,5.5,188.1,5.5,-0.6,-1.4,0.8,0.3,6.8,position (auto),3.4,5.0,,
SLB,2025-2026,Newcastle Eagles,,Mitch Clarke,,,,,37,902.2,309.0,104.0,266.0,39.1,36.0,130.0,0.0,65.0,85.0,0.0,28.0,91.0,119.0,114.0,52.0,6.0,57.0,117.0,8.35135135135135,24.383783783783784,3.2162162162162162,3.081081081081081,1.4054054054054055,0.16216216216216217,1.5405405405405406,3.1621621621621623,61.0,1846.8,49.9,16.7,6.2,6.4,1.5,4.9,2.8,0.3,3.1,14.4,4.6,7.0,1.9,6.3,50.9,45.9,50.9,45.9,56.0,48.9,0.32,116.2,3.4,12.1,7.5,19.7,15.8,15.8,2.8,0.6,18.0,0.7,1.2,157.7,109.2,48.5,230.4,5.9,2.0,24.0,23.5,76.5,44.0,35.0,21.0,235.5,6.4,-1.5,-2.2,0.8,0.1,5.7,position (auto),2.7,4.3,,
SLB,2025-2026,B. Braun Sheffield Sharks,,Jordan Ratinho,,,,,35,893.8,164.0,60.0,134.0,44.8,28.0,76.0,0.0,16.0,28.0,0.0,30.0,63.0,93.0,39.0,30.0,7.0,20.0,62.0,4.685714285714286,25.537142857142857,2.657142857142857,1.1142857142857143,0.8571428571428571,0.2,0.5714285714285714,1.7714285714285714,63.8,1730.6,49.4,9.5,2.3,5.4,1.7,3.6,1.7,0.4,1.2,7.7,1.6,4.4,1.6,3.6,56.0,55.2,56.0,55.2,56.7,56.7,0.209,122.4,4.0,8.1,6.1,6.2,12.0,12.0,1.7,0.8,8.6,0.3,1.2,192.4,107.8,84.6,155.2,3.9,1.95,19.0,32.3,67.7,39.0,51.2,9.8,146.7,4.2,-1.5,-1.6,0.1,0.1,4.5,position (auto),2.9,5.0,,
SLB,2025-2026,Caledonia Gladiators,,Ethan Wright,,,,,34,853.2,432.0,162.0,369.0,43.9,54.0,156.0,0.0,54.0,69.0,0.0,60.0,138.0,198.0,99.0,44.0,13.0,69.0,68.0,12.705882352941176,25.094117647058823,5.823529411764706,2.911764705882353,1.2941176470588236,0.38235294117647056,2.0294117647058822,2.0,62.7,1697.4,49.9,25.5,5.8,11.7,3.5,8.1,2.6,0.8,4.1,21.7,4.1,9.2,3.2,4.0,54.1,51.2,54.1,51.2,52.9,42.3,0.187,117.1,7.7,18.8,13.0,20.1,14.7,14.7,2.6,1.4,24.4,0.8,1.2,177.3,116.1,61.2,345.9,8.8,1.43,17.4,30.3,69.7,50.0,37.5,12.5,342.1,10.1,0.4,1.1,-0.7,0.6,9.8,position (auto),3.1,4.1,,
SLB,2025-2026,Cheshire Phoenix,,Damiri Lindo,,,,,34,570.3,216.0,75.0,182.0,41.2,16.0,66.0,0.0,50.0,55.0,0.0,23.0,63.0,86.0,36.0,28.0,5.0,35.0,71.0,6.352941176470588,16.773529411764706,2.5294117647058822,1.0588235294117647,0.8235294117647058,0.14705882352941177,1.0294117647058822,2.088235294117647,41.9,1196.6,35.2,18.1,3.0,7.2,1.9,5.3,2.3,0.4,2.9,15.2,4.6,5.5,1.3,5.9,52.4,45.6,52.4,45.6,57.7,36.3,0.302,118.7,4.3,12.4,8.2,8.9,14.5,14.5,2.4,0.8,17.8,0.5,1.2,170.7,108.1,62.6,127.6,5.7,1.03,13.0,26.7,73.3,54.6,22.2,23.1,144.9,4.3,-2.8,-2.7,-0.1,-0.1,4.8,position (auto),3.1,4.9,,
SLB,2025-2026,London Lions,,Matthew Goodwin,,,,,28,159.3,40.0,13.0,41.0,31.7,7.0,26.0,0.0,7.0,7.0,0.0,4.0,16.0,20.0,8.0,4.0,1.0,11.0,19.0,1.4285714285714286,5.689285714285715,0.7142857142857143,0.2857142857142857,0.14285714285714285,0.03571428571428571,0.39285714285714285,0.6785714285714286,14.2,295.0,10.5,13.6,2.7,6.8,1.4,5.4,1.4,0.3,3.7,13.9,2.4,8.8,2.4,6.4,45.4,40.2,45.4,40.2,58.3,63.4,0.171,97.6,3.2,11.9,7.7,7.4,20.0,20.0,1.3,0.7,16.5,0.4,1.0,127.2,97.9,29.3,15.1,2.0,0.73,12.7,20.0,80.0,30.0,52.5,17.5,15.8,0.6,-3.8,-4.3,0.6,-0.1,0.9,position (auto),3.1,5.0,,
SLB,2025-2026,Caledonia Gladiators,,Kevin Allen,,,,,12,295.5,205.0,79.0,136.0,58.1,0.0,4.0,0.0,47.0,54.0,0.0,25.0,57.0,82.0,20.0,4.0,4.0,30.0,21.0,17.083333333333332,24.625,6.833333333333333,1.6666666666666667,0.3333333333333333,0.3333333333333333,2.5,1.75,61.6,587.9,49.0,34.9,3.4,13.9,4.3,9.7,0.7,0.7,5.1,23.1,9.2,0.7,0.0,3.6,64.2,58.1,64.2,58.1,52.9,2.9,0.397,150.7,9.2,22.4,15.6,13.6,15.8,15.8,0.7,1.3,28.5,0.9,1.5,215.3,116.1,99.2,138.0,11.4,0.67,9.5,30.5,69.5,77.1,0.0,22.9,155.6,13.0,-0.2,1.7,-1.9,0.2,9.6,position (team),3.5,4.1,,
SLB,2025-2026,B. Braun Sheffield Sharks,,Troy D'amico,,,,,8,141.3,42.0,14.0,32.0,43.8,6.0,21.0,0.0,8.0,10.0,0.0,8.0,20.0,28.0,9.0,5.0,0.0,6.0,12.0,5.25,17.6625,3.5,1.125,0.625,0.0,0.75,1.5,44.2,273.6,34.2,15.4,3.3,10.2,2.9,7.3,1.8,0.0,2.2,11.7,3.7,7.7,2.2,4.4,57.7,53.1,57.7,53.1,56.7,65.6,0.312,131.2,6.8,16.3,11.7,9.6,14.2,14.2,1.8,0.0,13.9,0.5,1.3,189.5,107.8,81.7,39.2,5.9,1.5,17.5,28.6,71.4,38.1,42.9,19.0,36.5,4.6,-0.5,-0.4,-0.1,0.1,6.7,position (team),3.3,4.6,,
SLB,2025-2026,Surrey 89ers,,Kareem Queeley,,,,,7,153.3,54.0,19.0,46.0,41.3,4.0,21.0,0.0,12.0,20.0,0.0,7.0,17.0,24.0,20.0,5.0,0.0,11.0,7.0,7.714285714285714,21.900000000000002,3.4285714285714284,2.857142857142857,0.7142857142857143,0.0,1.5714285714285714,1.0,54.8,303.5,43.4,17.8,6.6,7.9,2.3,5.6,1.6,0.0,3.6,15.2,6.6,6.9,1.3,2.3,49.3,45.7,49.3,45.7,57.1,45.7,0.435,117.4,5.4,12.2,8.9,19.2,16.7,16.7,1.6,0.0,19.2,0.7,1.2,171.6,111.5,60.1,42.2,5.6,1.82,23.3,29.2,70.8,55.6,22.2,22.2,41.4,5.9,-2.6,-1.0,-1.5,-0.0,5.7,position (team),2.8,4.3,,
SLB,2025-2026,Newcastle Eagles,,Brett Reed,,,,,4,82.5,29.0,11.0,18.0,61.1,0.0,0.0,0.0,7.0,15.0,0.0,5.0,15.0,20.0,8.0,5.0,2.0,9.0,9.0,7.25,20.625,5.0,2.0,1.25,0.5,2.25,2.25,51.6,168.9,42.2,17.2,4.7,11.8,3.0,8.9,3.0,1.2,5.3,10.7,8.9,0.0,0.0,5.3,58.9,61.1,58.9,61.1,56.0,0.0,0.833,161.1,6.6,21.9,13.8,15.5,26.8,26.8,3.0,2.2,18.3,0.6,1.6,174.4,109.2,65.2,27.6,7.0,0.89,19.2,25.0,75.0,75.9,0.0,24.1,25.0,6.2,-0.8,-2.4,1.7,0.0,6.3,position (team),3.4,4.2,,
SLB,2025-2026,Leicester Riders,,Flynn Boardman-Raffet,,,,,32,661.7,334.0,113.0,228.0,49.6,24.0,82.0,0.0,84.0,113.0,0.0,27.0,75.0,102.0,40.0,17.0,3.0,34.0,33.0,10.4375,20.678125,3.1875,1.25,0.53125,0.09375,1.0625,1.03125,51.7,1308.8,40.9,25.5,3.1,7.8,2.1,5.7,1.3,0.2,2.6,17.4,8.6,6.3,1.8,2.5,60.1,54.8,60.1,54.8,56.5,36.0,0.496,146.5,4.7,12.6,8.8,10.7,10.9,10.9,1.3,0.4,21.3,0.7,1.5,194.3,110.7,83.6,213.4,8.2,1.18,11.4,26.5,73.5,53.3,21.6,25.1,249.3,7.8,0.0,1.0,-1.0,0.4,8.6,position (auto),3.0,4.5,,
SLB,2025-2026,London Lions,,Jordan Kevin Williams,,,,,1,2.7,0.0,0.0,0.0,0.0,0.0,0.0,0.0,0.0,0.0,0.0,0.0,0.0,0.0,0.0,0.0,0.0,0.0,1.0,0.0,2.7,0.0,0.0,0.0,0.0,0.0,1.0,6.8,5.0,5.0,0.0,0.0,0.0,0.0,0.0,0.0,0.0,0.0,0.0,0.0,0.0,0.0,20.0,0.0,0.0,0.0,0.0,58.3,0.0,0.0,0.0,0.0,0.0,0.0,0.0,0.0,0.0,0.0,0.0,0.0,0.0,0.0,0.0,97.9,-97.9,-0.5,-2.4,0.0,0.0,0.0,0.0,0.0,0.0,0.0,-0.4,-0.4,0.0,0.0,0.0,0.0,0.0,none,3.3,4.0,,
SLB,2025-2026,London Lions,,Jordan Williams,,,,,9,52.7,10.0,4.0,8.0,50.0,0.0,0.0,0.0,2.0,8.0,0.0,2.0,5.0,7.0,5.0,1.0,0.0,4.0,16.0,1.1111111111111112,5.855555555555556,0.7777777777777778,0.5555555555555556,0.1111111111111111,0.0,0.4444444444444444,1.7777777777777777,14.6,97.6,10.8,10.2,5.1,7.2,2.0,5.1,1.0,0.0,4.1,8.2,8.2,0.0,0.0,16.4,43.4,50.0,43.4,50.0,58.3,0.0,1.0,125.0,4.9,11.2,8.2,13.8,25.8,25.8,1.0,0.0,14.1,0.4,1.2,150.4,97.9,52.5,0.8,0.7,1.25,24.4,28.6,71.4,80.0,0.0,20.0,0.6,0.1,-7.7,-9.2,1.5,-0.1,-6.4,position (team),3.2,4.5,,
SLB,2025-2026,Manchester Basketball,,Duke Shelton,,,,,29,232.2,105.0,36.0,49.0,73.5,0.0,0.0,0.0,33.0,46.0,0.0,29.0,61.0,90.0,7.0,3.0,11.0,14.0,41.0,3.6206896551724137,8.006896551724138,3.103448275862069,0.2413793103448276,0.10344827586206896,0.3793103448275862,0.4827586206896552,1.4137931034482758,20.0,468.5,16.2,22.4,1.5,19.2,6.2,13.0,0.6,2.3,3.0,10.5,9.8,0.0,0.0,8.8,75.8,73.5,75.8,73.5,56.9,0.0,0.939,214.3,14.1,28.4,21.4,4.6,16.8,16.8,0.6,4.3,15.9,0.5,2.1,264.9,107.9,157.0,112.2,10.8,0.5,7.8,32.2,67.8,68.6,0.0,31.4,103.7,3.6,2.0,0.9,1.2,0.3,8.3,position (auto),4.4,4.6,,
SLB,2025-2026,Bristol Flyers,,Cameron Christon,,,,,14,287.1,126.0,44.0,98.0,44.9,18.0,50.0,0.0,20.0,24.0,0.0,12.0,17.0,29.0,14.0,7.0,3.0,16.0,38.0,9.0,20.50714285714286,2.0714285714285716,1.0,0.5,0.21428571428571427,1.1428571428571428,2.7142857142857144,51.3,556.6,39.8,22.6,2.5,5.2,2.2,3.1,1.3,0.5,2.9,17.6,4.3,9.0,3.2,6.8,58.0,54.1,58.0,54.1,52.9,51.0,0.245,128.6,4.6,7.0,5.8,8.5,12.8,12.8,1.3,1.1,19.7,0.6,1.3,177.4,106.6,70.8,57.2,5.7,0.88,10.1,41.4,58.6,41.3,42.9,15.9,74.6,5.3,-2.4,-1.8,-0.6,-0.0,4.5,position (team),3.0,4.3,,
SLB,2025-2026,Surrey 89ers,,Owen Koonce,,,,,12,178.5,57.0,21.0,51.0,41.2,6.0,23.0,0.0,9.0,13.0,0.0,9.0,19.0,28.0,19.0,12.0,4.0,12.0,21.0,4.75,14.875,2.3333333333333335,1.5833333333333333,1.0,0.3333333333333333,1.0,1.75,37.2,353.4,29.4,16.1,5.4,7.9,2.5,5.4,3.4,1.1,3.4,14.4,3.7,6.5,1.7,5.9,50.2,47.1,50.2,47.1,57.1,45.1,0.255,111.8,5.9,11.7,8.9,15.6,17.5,17.5,3.4,2.1,17.2,0.6,1.1,173.4,111.5,61.9,49.6,6.0,1.58,21.7,32.1,67.9,52.6,31.6,15.8,47.8,4.0,-0.6,-1.7,1.1,0.1,6.7,position (team),3.0,4.5,,
SLB,2025-2026,B. Braun Sheffield Sharks,,Mervin James,,,,,19,319.4,202.0,74.0,163.0,45.4,9.0,27.0,0.0,45.0,55.0,0.0,20.0,73.0,93.0,15.0,6.0,5.0,31.0,26.0,10.631578947368421,16.810526315789474,4.894736842105263,0.7894736842105263,0.3157894736842105,0.2631578947368421,1.631578947368421,1.368421052631579,42.0,618.4,32.5,32.7,2.4,15.0,3.2,11.8,1.0,0.8,5.0,26.4,8.9,4.4,1.5,4.2,54.0,48.2,54.0,48.2,56.7,16.6,0.337,123.9,7.5,26.3,17.1,8.8,14.2,14.2,1.0,1.7,31.7,0.7,1.2,169.4,107.8,61.6,115.9,8.5,0.48,6.4,21.5,78.5,64.4,13.4,22.3,128.0,6.7,-3.5,-1.5,-1.9,-0.1,7.3,position (team),3.7,4.5,,
SLB,2025-2026,Manchester Basketball,,Gabriel Osabuohien,,,,,17,237.2,39.0,16.0,37.0,43.2,0.0,2.0,0.0,7.0,21.0,0.0,31.0,42.0,73.0,47.0,18.0,10.0,38.0,64.0,2.2941176470588234,13.952941176470588,4.294117647058823,2.764705882352941,1.0588235294117647,0.5882352941176471,2.235294117647059,3.764705882352941,34.9,478.6,28.2,8.1,9.8,15.3,6.5,8.8,3.8,2.1,7.9,7.7,4.4,0.4,0.0,13.4,42.2,43.2,42.2,43.2,56.9,5.4,0.568,105.4,14.7,19.2,17.0,26.7,45.1,45.1,3.8,3.8,15.7,0.7,1.1,160.8,107.9,52.9,70.9,4.8,1.24,35.8,42.5,57.5,82.1,0.0,17.9,42.5,2.5,-1.8,-5.9,4.2,0.0,0.3,position (team),3.5,4.2,,
SLB,2025-2026,Bristol Flyers,,Darnell Brodie,,,,,36,622.4,283.0,108.0,215.0,50.2,1.0,5.0,0.0,66.0,104.0,0.0,70.0,130.0,200.0,39.0,15.0,19.0,59.0,76.0,7.861111111111111,17.288888888888888,5.555555555555555,1.0833333333333333,0.4166666666666667,0.5277777777777778,1.6388888888888888,2.111111111111111,43.2,1206.6,33.5,23.5,3.2,16.6,5.8,10.8,1.2,1.6,4.9,17.8,8.6,0.4,0.1,6.3,54.3,50.5,54.3,50.5,52.9,2.3,0.484,131.6,12.5,24.6,18.4,11.3,18.5,18.5,1.2,3.3,23.3,0.6,1.3,185.2,106.6,78.6,226.2,7.7,0.66,10.9,35.0,65.0,75.6,1.1,23.3,214.7,6.0,-2.6,-2.6,0.1,-0.1,5.2,position (auto),3.9,4.2,,
SLB,2025-2026,Caledonia Gladiators,,Lloyd Bryan Jr,,,,,1,19.3,13.0,4.0,7.0,57.1,0.0,1.0,0.0,5.0,6.0,0.0,2.0,8.0,10.0,1.0,0.0,0.0,0.0,5.0,13.0,19.3,10.0,1.0,0.0,0.0,0.0,5.0,48.3,38.4,38.4,33.9,2.6,26.0,5.2,20.8,0.0,0.0,0.0,18.2,15.6,2.6,0.0,13.0,67.4,57.1,67.4,57.1,52.9,14.3,0.857,185.7,11.3,48.1,29.1,9.3,0.0,0.0,0.0,0.0,22.2,0.8,1.9,270.4,116.1,154.3,12.0,14.1,1.0,9.4,20.0,80.0,61.5,0.0,38.5,11.8,11.8,0.0,0.0,0.0,0.0,0.0,none,3.4,4.0,,
SLB,2025-2026,Surrey 89ers,,Andrew Lawrence,,,,,28,294.4,65.0,23.0,62.0,37.1,9.0,35.0,0.0,10.0,14.0,0.0,4.0,21.0,25.0,64.0,17.0,1.0,17.0,33.0,2.3214285714285716,10.514285714285714,0.8928571428571429,2.2857142857142856,0.6071428571428571,0.03571428571428571,0.6071428571428571,1.1785714285714286,26.3,582.8,20.8,11.2,11.0,4.3,0.7,3.6,2.9,0.2,2.9,10.6,2.4,6.0,1.5,5.7,47.7,44.4,47.7,44.4,57.1,56.5,0.226,104.8,1.6,7.8,4.8,30.0,20.0,20.0,2.9,0.3,12.9,0.8,1.0,185.3,111.5,73.8,81.5,5.4,3.76,42.9,16.0,84.0,43.1,41.5,15.4,70.6,2.5,0.0,-1.2,1.3,0.2,6.2,position (auto),2.3,3.8,,
SLB,2025-2026,Manchester Basketball,,Kyle Carey,,,,,35,452.6,142.0,56.0,129.0,43.4,26.0,81.0,0.0,4.0,9.0,0.0,3.0,35.0,38.0,16.0,14.0,6.0,14.0,46.0,4.057142857142857,12.931428571428572,1.0857142857142856,0.45714285714285713,0.4,0.17142857142857143,0.4,1.3142857142857143,32.3,913.3,26.1,15.5,1.8,4.2,0.3,3.8,1.5,0.7,1.5,14.1,1.0,8.9,2.8,5.0,53.4,53.5,53.4,53.5,56.9,62.8,0.07,110.1,0.7,8.4,4.6,5.2,9.5,9.5,1.5,1.2,14.4,0.4,1.1,161.9,107.9,54.0,70.1,4.1,1.14,9.8,7.9,92.1,42.3,54.9,2.8,81.7,2.3,-2.6,-2.3,-0.3,-0.1,4.6,position (auto),2.9,5.0,,
SLB,2025-2026,Surrey 89ers,,Nedas Cholevinskas,,,,,35,667.1,253.0,78.0,197.0,39.6,41.0,108.0,0.0,56.0,73.0,0.0,21.0,68.0,89.0,28.0,13.0,2.0,28.0,68.0,7.228571428571429,19.060000000000002,2.5428571428571427,0.8,0.37142857142857144,0.05714285714285714,0.8,1.9428571428571428,47.7,1320.7,37.7,19.2,2.1,6.7,1.6,5.1,1.0,0.2,2.1,14.9,5.5,8.2,3.1,5.1,55.2,50.0,55.2,50.0,57.1,54.8,0.371,128.4,3.7,11.2,7.6,6.1,10.9,10.9,1.0,0.3,17.2,0.5,1.3,166.8,111.5,55.3,130.9,4.9,1.0,9.8,23.6,76.4,29.2,48.6,22.1,153.4,4.4,-3.6,-1.5,-2.1,-0.3,4.6,position (auto),3.2,4.9,,
SLB,2025-2026,Caledonia Gladiators,,Matthew Ragsdale,,,,,34,914.6,490.0,186.0,436.0,42.7,88.0,263.0,0.0,30.0,36.0,0.0,9.0,59.0,68.0,54.0,19.0,3.0,44.0,39.0,14.411764705882353,26.900000000000002,2.0,1.588235294117647,0.5588235294117647,0.08823529411764706,1.2941176470588236,1.1470588235294117,67.2,1819.6,53.5,26.9,3.0,3.7,0.5,3.2,1.0,0.2,2.4,24.0,2.0,14.5,4.8,2.1,54.2,52.8,54.2,52.8,52.9,60.3,0.083,112.4,1.1,7.5,4.2,10.5,8.9,8.9,1.0,0.3,24.1,0.7,1.1,163.8,116.1,47.7,215.2,6.3,1.23,9.8,13.2,86.8,40.0,53.9,6.1,280.1,8.2,-3.4,0.1,-3.5,-0.4,7.6,position (auto),2.6,4.7,,
SLB,2025-2026,B. Braun Sheffield Sharks,,Rodney Glasgow Jr,,,,,35,550.2,135.0,54.0,131.0,41.2,17.0,54.0,0.0,10.0,10.0,0.0,6.0,25.0,31.0,43.0,8.0,2.0,18.0,27.0,3.857142857142857,15.72,0.8857142857142857,1.2285714285714286,0.22857142857142856,0.05714285714285714,0.5142857142857142,0.7714285714285715,39.3,1065.3,30.4,12.7,4.0,2.9,0.6,2.3,0.8,0.2,1.7,12.3,0.9,5.1,1.6,2.5,49.9,47.7,49.9,47.7,56.7,41.2,0.076,103.1,1.3,5.2,3.3,11.7,11.7,11.7,0.7,0.4,12.9,0.4,1.0,170.6,107.8,62.8,79.2,3.4,2.39,21.9,19.4,80.6,54.8,37.8,7.4,87.3,2.5,-3.6,-2.2,-1.3,-0.3,3.3,position (auto),2.5,4.9,,
SLB,2025-2026,Cheshire Phoenix,,Lukasz Paradysz,,,,,28,2.7,2.0,1.0,1.0,100.0,0.0,0.0,0.0,0.0,0.0,0.0,0.0,0.0,0.0,0.0,1.0,0.0,0.0,0.0,0.07142857142857142,0.09642857142857143,0.0,0.0,0.03571428571428571,0.0,0.0,0.0,0.2,5.7,0.2,35.3,0.0,0.0,0.0,0.0,17.7,0.0,0.0,17.7,0.0,0.0,0.0,0.0,100.0,100.0,100.0,100.0,57.7,0.0,0.0,200.0,0.0,0.0,0.0,0.0,0.0,0.0,17.8,0.0,15.6,0.7,2.0,866.1,108.1,758.0,2.2,24.1,0.0,0.0,0.0,0.0,100.0,0.0,0.0,2.7,0.1,0.0,0.0,0.0,0.0,0.0,none,3.3,4.0,,
SLB,2025-2026,Surrey 89ers,,Tayo Ogedengbe,,,,,35,636.3,166.0,55.0,143.0,38.5,25.0,83.0,0.0,31.0,50.0,0.0,18.0,38.0,56.0,35.0,18.0,4.0,18.0,44.0,4.742857142857143,18.18,1.6,1.0,0.5142857142857142,0.11428571428571428,0.5142857142857142,1.2571428571428571,45.4,1259.7,36.0,13.2,2.8,4.4,1.4,3.0,1.4,0.3,1.4,11.4,4.0,6.6,2.0,3.5,50.3,47.2,50.3,47.2,57.1,58.0,0.35,116.1,3.3,6.5,5.0,7.7,9.8,9.8,1.4,0.6,12.8,0.4,1.2,169.2,111.5,57.7,103.5,3.9,1.94,16.1,32.1,67.9,36.1,45.2,18.7,114.0,3.3,-3.5,-1.9,-1.6,-0.3,4.1,position (auto),2.9,5.0,,
SLB,2025-2026,Cheshire Phoenix,,Greg Wild,,,,,31,87.2,13.0,3.0,12.0,25.0,2.0,11.0,0.0,5.0,6.0,0.0,1.0,5.0,6.0,5.0,2.0,0.0,3.0,9.0,0.41935483870967744,2.8129032258064517,0.1935483870967742,0.16129032258064516,0.06451612903225806,0.0,0.0967741935483871,0.2903225806451613,7.0,183.0,5.9,7.1,2.7,3.3,0.5,2.7,1.1,0.0,1.6,6.6,3.3,6.0,1.1,4.9,44.4,33.3,44.4,33.3,57.7,91.7,0.5,108.3,1.2,6.4,3.7,7.1,17.0,17.0,1.1,0.0,8.5,0.3,1.1,133.3,108.1,25.2,6.0,1.7,1.67,22.1,16.7,83.3,15.4,46.2,38.5,6.5,0.2,-5.5,-4.3,-1.2,-0.1,0.7,position (auto),2.9,4.9,,
SLB,2025-2026,B. Braun Sheffield Sharks,,Mike Ochereobia,,,,,35,480.0,123.0,50.0,84.0,59.5,0.0,0.0,0.0,23.0,40.0,0.0,65.0,58.0,123.0,16.0,12.0,4.0,26.0,75.0,3.5142857142857142,13.714285714285714,3.5142857142857142,0.45714285714285713,0.34285714285714286,0.11428571428571428,0.7428571428571429,2.142857142857143,34.3,929.4,26.6,13.2,1.7,13.2,7.0,6.2,1.3,0.4,2.8,9.0,4.3,0.0,0.0,8.1,60.5,59.5,60.5,59.5,56.7,0.0,0.476,146.4,16.3,13.9,15.1,5.0,20.4,20.4,1.3,0.9,12.3,0.3,1.5,233.5,107.8,125.7,122.0,5.7,0.62,11.1,52.8,47.2,81.3,0.0,18.7,110.3,3.2,-3.3,-2.4,-0.9,-0.2,2.2,position (auto),3.9,5.0,,
SLB,2025-2026,Newcastle Eagles,,Josh Ward-Hibbert,,,,,14,166.4,48.0,17.0,44.0,38.6,5.0,19.0,0.0,9.0,10.0,0.0,4.0,16.0,20.0,8.0,10.0,5.0,4.0,8.0,3.4285714285714284,11.885714285714286,1.4285714285714286,0.5714285714285714,0.7142857142857143,0.35714285714285715,0.2857142857142857,0.5714285714285714,29.7,340.6,24.3,14.1,2.3,5.9,1.2,4.7,2.9,1.5,1.2,12.9,2.9,5.6,1.5,2.3,49.6,44.3,49.6,44.3,56.0,43.2,0.227,109.1,2.6,11.6,6.9,7.3,7.6,7.6,2.9,2.8,14.2,0.4,1.1,159.0,109.2,49.8,42.2,5.9,2.0,13.2,20.0,80.0,50.0,31.2,18.8,43.1,3.1,-0.1,-1.0,0.9,0.1,8.1,position (team),3.1,4.9,,
SLB,2025-2026,Leicester Riders,,Xavier Bledson,,,,,7,201.2,82.0,24.0,78.0,30.8,9.0,32.0,0.0,25.0,33.0,0.0,7.0,18.0,25.0,23.0,9.0,0.0,15.0,12.0,11.714285714285714,28.74285714285714,3.5714285714285716,3.2857142857142856,1.2857142857142858,0.0,2.142857142857143,1.7142857142857142,71.9,398.0,56.9,20.6,5.8,6.3,1.8,4.5,2.3,0.0,3.8,19.6,8.3,8.0,2.3,3.0,44.3,36.5,44.3,36.5,56.5,41.0,0.423,105.1,4.0,9.9,7.1,18.6,14.0,14.0,2.2,0.0,24.2,0.7,1.1,137.4,110.7,26.7,42.6,4.9,1.53,17.6,28.0,72.0,36.6,32.9,30.5,49.4,7.1,-4.5,-2.8,-1.6,-0.2,4.7,position (team),2.7,4.5,,
SLB,2025-2026,Newcastle Eagles,,Terrell Burden,,,,,1,19.4,3.0,1.0,4.0,25.0,0.0,2.0,0.0,1.0,2.0,0.0,0.0,2.0,2.0,5.0,3.0,0.0,3.0,5.0,3.0,19.4,2.0,5.0,3.0,0.0,3.0,5.0,48.5,39.7,39.7,7.6,12.6,5.0,0.0,5.0,7.6,0.0,7.6,10.1,5.0,5.0,0.0,12.6,30.7,25.0,30.7,25.0,56.0,50.0,0.5,75.0,0.0,12.4,5.9,36.5,38.1,38.1,7.5,0.0,18.3,0.8,0.8,108.5,109.2,-0.7,3.2,2.9,1.67,38.8,0.0,100.0,66.7,0.0,33.3,2.3,2.3,0.0,0.0,0.0,0.0,0.0,none,3.4,4.0,,
SLB,2025-2026,Manchester Basketball,,Luca Lara-Sanchez,,,,,1,0.0,0.0,0.0,0.0,0.0,0.0,0.0,0.0,0.0,0.0,0.0,0.0,0.0,0.0,0.0,0.0,0.0,0.0,0.0,0.0,0.0,0.0,0.0,0.0,0.0,0.0,0.0,0.2,0.1,0.1,0.0,0.0,0.0,0.0,0.0,0.0,0.0,0.0,0.0,0.0,0.0,0.0,0.0,0.0,0.0,0.0,0.0,56.9,0.0,0.0,0.0,0.0,0.0,0.0,0.0,0.0,0.0,0.0,0.0,0.0,0.0,0.0,0.0,107.9,-107.9,0.0,0.0,0.0,0.0,0.0,0.0,0.0,0.0,0.0,0.0,0.0,0.0,0.0,0.0,0.0,0.0,none,3.0,4.0,,
SLB,2025-2026,Cheshire Phoenix,,Rafi Pierre-Louis,,,,,20,0.0,0.0,0.0,0.0,0.0,0.0,0.0,0.0,0.0,0.0,0.0,0.0,0.0,0.0,0.0,0.0,0.0,0.0,0.0,0.0,0.0,0.0,0.0,0.0,0.0,0.0,0.0,0.0,0.1,0.0,0.0,0.0,0.0,0.0,0.0,0.0,0.0,0.0,0.0,0.0,0.0,0.0,0.0,0.0,0.0,0.0,0.0,57.7,0.0,0.0,0.0,0.0,0.0,0.0,0.0,0.0,0.0,0.0,0.0,0.0,0.0,0.0,0.0,108.1,-108.1,0.0,0.0,0.0,0.0,0.0,0.0,0.0,0.0,0.0,0.0,0.0,0.0,0.0,0.0,0.0,0.0,none,3.0,4.0,,
SLB,2025-2026,Caledonia Gladiators,,Cael Sweeney,,,,,7,0.0,0.0,0.0,0.0,0.0,0.0,0.0,0.0,0.0,0.0,0.0,0.0,0.0,0.0,0.0,0.0,0.0,0.0,0.0,0.0,0.0,0.0,0.0,0.0,0.0,0.0,0.0,0.0,0.1,0.0,0.0,0.0,0.0,0.0,0.0,0.0,0.0,0.0,0.0,0.0,0.0,0.0,0.0,0.0,0.0,0.0,0.0,52.9,0.0,0.0,0.0,0.0,0.0,0.0,0.0,0.0,0.0,0.0,0.0,0.0,0.0,0.0,0.0,116.1,-116.1,0.0,0.0,0.0,0.0,0.0,0.0,0.0,0.0,0.0,0.0,0.0,0.0,0.0,0.0,0.0,0.0,none,3.0,4.0,,
SLB,2025-2026,Caledonia Gladiators,,Jamie Adair,,,,,10,0.0,0.0,0.0,0.0,0.0,0.0,0.0,0.0,0.0,0.0,0.0,0.0,0.0,0.0,0.0,0.0,0.0,0.0,0.0,0.0,0.0,0.0,0.0,0.0,0.0,0.0,0.0,0.0,0.1,0.0,0.0,0.0,0.0,0.0,0.0,0.0,0.0,0.0,0.0,0.0,0.0,0.0,0.0,0.0,0.0,0.0,0.0,52.9,0.0,0.0,0.0,0.0,0.0,0.0,0.0,0.0,0.0,0.0,0.0,0.0,0.0,0.0,0.0,116.1,-116.1,0.0,0.0,0.0,0.0,0.0,0.0,0.0,0.0,0.0,0.0,0.0,0.0,0.0,0.0,0.0,0.0,none,3.0,4.0,,
SLB,2025-2026,Surrey 89ers,,Kieran Otabor,,,,,1,0.0,0.0,0.0,0.0,0.0,0.0,0.0,0.0,0.0,0.0,0.0,0.0,0.0,0.0,0.0,0.0,0.0,0.0,0.0,0.0,0.0,0.0,0.0,0.0,0.0,0.0,0.0,0.2,0.1,0.1,0.0,0.0,0.0,0.0,0.0,0.0,0.0,0.0,0.0,0.0,0.0,0.0,0.0,0.0,0.0,0.0,0.0,57.1,0.0,0.0,0.0,0.0,0.0,0.0,0.0,0.0,0.0,0.0,0.0,0.0,0.0,0.0,0.0,111.5,-111.5,0.0,0.0,0.0,0.0,0.0,0.0,0.0,0.0,0.0,0.0,0.0,0.0,0.0,0.0,0.0,0.0,none,3.0,4.0,,
SLB,2025-2026,Leicester Riders,,Emmanuel Akot,,,,,7,204.9,58.0,23.0,61.0,37.7,7.0,20.0,0.0,5.0,6.0,0.0,9.0,21.0,30.0,17.0,4.0,0.0,9.0,13.0,8.285714285714286,29.271428571428572,4.285714285714286,2.4285714285714284,0.5714285714285714,0.0,1.2857142857142858,1.8571428571428572,73.2,405.3,57.9,14.3,4.2,7.4,2.2,5.2,1.0,0.0,2.2,15.1,1.5,4.9,1.7,3.2,45.6,43.4,45.6,43.4,56.5,32.8,0.098,95.1,5.1,11.4,8.3,13.3,12.4,12.4,1.0,0.0,16.0,0.5,1.0,163.1,110.7,52.4,40.2,4.0,1.89,19.0,30.0,70.0,55.2,36.2,8.6,38.4,5.5,-4.4,-2.6,-1.8,-0.2,3.4,position (team),2.9,4.8,,
SLB,2025-2026,Surrey 89ers,,Haydn Ling,,,,,32,309.8,136.0,51.0,81.0,63.0,0.0,3.0,0.0,34.0,53.0,0.0,36.0,73.0,109.0,13.0,2.0,17.0,31.0,59.0,4.25,9.68125,3.40625,0.40625,0.0625,0.53125,0.96875,1.84375,24.2,613.3,19.2,22.2,2.1,17.8,5.9,11.9,0.3,2.8,5.1,13.2,8.6,0.5,0.0,9.6,65.2,63.0,65.2,63.0,57.1,3.7,0.654,167.9,13.7,25.8,20.0,6.6,22.9,22.9,0.3,5.1,19.5,0.5,1.7,212.0,111.5,100.5,117.6,8.1,0.42,8.8,33.0,67.0,75.0,0.0,25.0,107.6,3.4,-3.1,-2.7,-0.4,-0.1,4.4,position (auto),4.4,4.5,,
SLB,2025-2026,Leicester Riders,,Olutomiwa Sulaiman,,,,,27,503.9,155.0,61.0,148.0,41.2,15.0,56.0,0.0,18.0,23.0,0.0,29.0,84.0,113.0,31.0,15.0,13.0,29.0,40.0,5.7407407407407405,18.66296296296296,4.185185185185185,1.1481481481481481,0.5555555555555556,0.48148148148148145,1.0740740740740742,1.4814814814814814,46.7,996.7,36.9,15.6,3.1,11.3,2.9,8.4,1.5,1.3,2.9,14.8,2.3,5.6,1.5,4.0,49.0,46.3,49.0,46.3,56.5,37.8,0.155,104.7,6.7,18.5,12.7,10.0,15.5,15.5,1.5,2.4,16.8,0.5,1.0,166.6,110.7,55.9,137.4,5.4,1.07,14.2,25.7,74.3,59.4,29.0,11.6,120.1,4.4,-2.5,-2.3,-0.2,-0.1,5.6,position (auto),3.4,5.0,,
SLB,2025-2026,Bristol Flyers,,Jonathan Brown,,,,,34,651.2,273.0,94.0,260.0,36.2,31.0,112.0,0.0,54.0,71.0,0.0,21.0,59.0,80.0,52.0,14.0,6.0,58.0,31.0,8.029411764705882,19.15294117647059,2.3529411764705883,1.5294117647058822,0.4117647058823529,0.17647058823529413,1.7058823529411764,0.9117647058823529,47.9,1262.4,37.1,21.6,4.1,6.3,1.7,4.7,1.1,0.5,4.6,20.6,5.6,8.9,2.5,2.5,46.9,42.1,46.9,42.1,52.9,43.1,0.273,105.0,3.6,10.7,7.0,13.7,16.6,16.6,1.1,1.0,24.3,0.6,1.1,138.1,106.6,31.5,115.1,4.1,0.9,13.0,26.2,73.8,46.2,34.1,19.8,138.4,4.1,-5.5,-3.5,-2.0,-0.7,3.2,position (auto),2.8,4.4,,
SLB,2025-2026,Bristol Flyers,,Marcus Delpeche,,,,,36,433.3,188.0,76.0,152.0,50.0,1.0,1.0,0.0,35.0,60.0,0.0,58.0,62.0,120.0,19.0,14.0,5.0,30.0,58.0,5.222222222222222,12.036111111111111,3.3333333333333335,0.5277777777777778,0.3888888888888889,0.1388888888888889,0.8333333333333334,1.6111111111111112,30.1,840.0,23.3,22.4,2.3,14.3,6.9,7.4,1.7,0.6,3.6,18.1,7.1,0.1,0.1,6.9,52.7,50.3,52.7,50.3,52.9,0.7,0.395,123.7,14.9,16.8,15.8,8.0,14.4,14.4,1.7,1.2,21.8,0.5,1.2,197.9,106.6,91.3,135.0,7.3,0.63,8.4,48.3,51.7,79.8,1.6,18.6,138.8,3.9,-3.4,-2.6,-0.8,-0.2,4.2,position (auto),3.8,4.5,,
SLB,2025-2026,Manchester Basketball,,Kayne Henry,,,,,15,135.9,35.0,15.0,41.0,36.6,3.0,20.0,0.0,2.0,5.0,0.0,4.0,15.0,19.0,6.0,5.0,0.0,5.0,10.0,2.3333333333333335,9.06,1.2666666666666666,0.4,0.3333333333333333,0.0,0.3333333333333333,0.6666666666666666,22.7,274.2,18.3,12.8,2.2,6.9,1.5,5.5,1.8,0.0,1.8,15.0,1.8,7.3,1.1,3.6,40.5,40.2,40.5,40.2,56.9,48.8,0.122,85.4,3.3,11.9,7.7,6.3,10.4,10.4,1.8,0.0,15.7,0.4,0.9,143.5,107.9,35.6,18.6,3.0,1.2,11.1,21.1,78.9,68.6,25.7,5.7,18.6,1.2,-5.7,-4.3,-1.4,-0.2,3.1,position (team),3.1,5.0,,
SLB,2025-2026,Leicester Riders,,Aaron Menzies,,,,,30,479.8,161.0,63.0,109.0,57.8,0.0,1.0,0.0,35.0,55.0,0.0,55.0,104.0,159.0,23.0,6.0,17.0,40.0,70.0,5.366666666666666,15.993333333333334,5.3,0.7666666666666667,0.2,0.5666666666666667,1.3333333333333333,2.3333333333333335,40.0,949.0,31.6,17.0,2.4,16.8,5.8,11.0,0.6,1.8,4.2,11.5,5.8,0.1,0.0,7.4,60.4,57.8,60.4,57.8,56.5,0.9,0.505,147.7,13.3,24.1,18.8,7.9,23.1,23.1,0.6,3.4,16.3,0.5,1.5,204.9,110.7,94.2,162.6,6.8,0.57,11.7,34.6,65.4,78.3,0.0,21.7,137.6,4.6,-3.0,-2.8,-0.2,-0.1,3.9,position (auto),4.1,4.9,,
SLB,2025-2026,Manchester Basketball,,Oluwademilade Babalola,,,,,17,10.9,6.0,1.0,2.0,50.0,1.0,2.0,0.0,3.0,3.0,0.0,0.0,1.0,1.0,0.0,0.0,0.0,0.0,4.0,0.35294117647058826,0.6411764705882353,0.058823529411764705,0.0,0.0,0.0,0.0,0.23529411764705882,1.6,22.0,1.3,27.3,0.0,4.5,0.0,4.5,0.0,0.0,0.0,9.1,13.6,9.1,4.5,18.2,90.4,75.0,90.4,75.0,56.9,100.0,1.5,300.0,0.0,9.9,5.1,0.0,0.0,0.0,0.0,0.0,13.5,0.6,3.0,248.7,107.9,140.8,2.1,8.3,0.0,0.0,0.0,100.0,0.0,50.0,50.0,3.7,0.2,0.0,0.0,0.0,0.0,0.0,none,3.3,4.0,,
SLB,2025-2026,Newcastle Eagles,,Emmanuel Kanwei,,,,,35,469.9,174.0,66.0,133.0,49.6,4.0,12.0,0.0,38.0,65.0,0.0,34.0,46.0,80.0,22.0,7.0,10.0,27.0,55.0,4.9714285714285715,13.425714285714285,2.2857142857142856,0.6285714285714286,0.2,0.2857142857142857,0.7714285714285715,1.5714285714285714,33.6,961.9,27.5,18.1,2.3,8.3,3.5,4.8,0.7,1.0,2.8,13.8,6.8,1.2,0.4,5.7,53.8,51.1,53.8,51.1,56.0,9.0,0.489,130.8,7.8,11.8,9.7,7.6,14.3,14.3,0.7,2.0,18.0,0.5,1.3,181.4,109.2,72.2,102.9,5.6,0.81,10.4,42.5,57.5,71.3,6.9,21.8,114.5,3.3,-4.5,-2.8,-1.7,-0.4,2.6,position (auto),3.4,4.8,,
SLB,2025-2026,Newcastle Eagles,,Sauveur Kande,,,,,33,200.3,64.0,21.0,42.0,50.0,18.0,32.0,0.0,4.0,6.0,0.0,3.0,16.0,19.0,3.0,4.0,3.0,1.0,24.0,1.9393939393939394,6.06969696969697,0.5757575757575758,0.09090909090909091,0.12121212121212122,0.09090909090909091,0.030303030303030304,0.7272727272727273,15.2,410.0,12.4,15.6,0.7,4.6,0.7,3.9,1.0,0.7,0.2,10.2,1.5,7.8,4.4,5.9,71.7,71.4,71.7,71.4,56.0,76.2,0.143,152.4,1.6,9.6,5.4,2.3,2.2,2.2,1.0,1.4,10.2,0.4,1.5,207.8,109.2,98.6,42.2,5.6,3.0,6.2,15.8,84.2,9.4,84.4,6.2,46.7,1.4,0.1,0.5,-0.3,0.1,6.2,position (auto),3.2,4.8,,
SLB,2025-2026,Manchester Basketball,,Judson Martindale,,,,,34,76.0,12.0,4.0,20.0,20.0,2.0,8.0,0.0,2.0,2.0,0.0,4.0,4.0,8.0,3.0,1.0,1.0,3.0,13.0,0.35294117647058826,2.235294117647059,0.23529411764705882,0.08823529411764706,0.029411764705882353,0.029411764705882353,0.08823529411764706,0.38235294117647056,5.6,153.4,4.5,7.8,2.0,5.2,2.6,2.6,0.7,0.7,2.0,13.0,1.3,5.2,1.3,8.5,28.7,25.0,28.7,25.0,56.9,40.0,0.1,60.0,5.9,5.7,5.8,5.2,12.6,12.6,0.7,1.2,13.9,0.3,0.6,110.0,107.9,2.1,-1.2,-0.2,1.0,11.2,50.0,50.0,33.3,50.0,16.7,-0.8,-0.0,-10.7,-7.9,-2.9,-0.2,-4.1,position (auto),3.2,5.0,,
SLB,2025-2026,Surrey 89ers,,Timothy Nwankwo,,,,,16,150.8,32.0,15.0,32.0,46.9,1.0,6.0,0.0,1.0,2.0,0.0,10.0,14.0,24.0,9.0,3.0,4.0,9.0,18.0,2.0,9.425,1.5,0.5625,0.1875,0.25,0.5625,1.125,23.6,298.5,18.7,10.7,3.0,8.0,3.3,4.7,1.0,1.3,3.0,10.7,0.7,2.0,0.3,6.0,48.7,48.4,48.7,48.4,57.1,18.8,0.062,100.0,7.8,10.2,9.0,8.5,21.5,21.5,1.0,2.5,12.4,0.4,1.0,185.8,111.5,74.3,25.8,3.5,1.0,17.7,41.7,58.3,87.5,9.4,3.1,22.3,1.4,-5.2,-3.9,-1.3,-0.1,1.2,position (team),3.3,4.9,,
SLB,2025-2026,Bristol Flyers,,Evan Walshe,,,,,18,263.2,62.0,22.0,56.0,39.3,4.0,16.0,0.0,14.0,20.0,0.0,5.0,27.0,32.0,25.0,12.0,0.0,21.0,39.0,3.4444444444444446,14.622222222222222,1.7777777777777777,1.3888888888888888,0.6666666666666666,0.0,1.1666666666666667,2.1666666666666665,36.6,510.2,28.3,12.2,4.9,6.3,1.0,5.3,2.4,0.0,4.1,11.0,3.9,3.1,0.8,7.6,47.8,42.9,47.8,42.9,52.9,28.6,0.357,110.7,2.1,12.1,6.9,14.8,24.5,24.5,2.4,0.0,14.8,0.5,1.1,142.2,106.6,35.6,34.2,2.8,1.19,22.6,15.6,84.4,58.1,19.4,22.6,33.7,1.9,-5.8,-6.7,1.0,-0.3,1.3,position (team),2.9,4.5,,
SLB,2025-2026,B. Braun Sheffield Sharks,,Reyad West,,,,,30,20.2,7.0,2.0,6.0,33.3,1.0,3.0,0.0,2.0,2.0,0.0,0.0,0.0,0.0,1.0,0.0,0.0,4.0,2.0,0.23333333333333334,0.6733333333333333,0.0,0.03333333333333333,0.0,0.0,0.13333333333333333,0.06666666666666667,1.7,39.1,1.3,17.9,2.6,0.0,0.0,0.0,0.0,0.0,10.2,15.3,5.1,7.7,2.6,5.1,50.9,41.7,50.9,41.7,56.7,50.0,0.333,116.7,0.0,0.0,0.0,7.4,36.8,36.8,0.0,0.0,25.0,0.5,1.2,88.5,107.8,-19.3,-2.2,-1.5,0.25,8.4,0.0,0.0,28.6,42.9,28.6,-0.5,-0.0,0.0,0.0,0.0,0.0,0.0,none,3.3,4.0,,
SLB,2025-2026,London Lions,,Johnathan Williams,,,,,1,15.0,2.0,1.0,5.0,20.0,0.0,0.0,0.0,0.0,0.0,0.0,1.0,3.0,4.0,1.0,0.0,1.0,2.0,2.0,2.0,15.0,4.0,1.0,0.0,1.0,2.0,2.0,37.5,27.8,27.8,7.2,3.6,14.4,3.6,10.8,0.0,3.6,7.2,18.0,0.0,0.0,0.0,7.2,20.0,20.0,20.0,20.0,58.3,0.0,0.0,40.0,8.6,23.6,16.4,9.6,28.6,28.6,0.0,7.4,22.3,0.3,0.4,87.5,97.9,-10.4,0.5,-1.7,0.5,12.5,25.0,75.0,100.0,0.0,0.0,-0.9,-0.9,0.0,0.0,0.0,0.0,0.0,none,3.3,4.0,,
SLB,2025-2026,Leicester Riders,,Tomiwa Sulaiman,,,,,1,17.2,4.0,2.0,3.0,66.7,0.0,0.0,0.0,0.0,0.0,0.0,0.0,1.0,1.0,0.0,0.0,0.0,0.0,1.0,4.0,17.2,1.0,0.0,0.0,0.0,0.0,1.0,43.0,34.0,34.0,11.8,0.0,2.9,0.0,2.9,0.0,0.0,0.0,8.8,0.0,0.0,0.0,2.9,66.7,66.7,66.7,66.7,56.5,0.0,0.0,133.3,0.0,6.5,3.3,0.0,0.0,0.0,0.0,0.0,7.9,0.2,1.3,321.9,110.7,211.2,2.0,3.5,0.0,0.0,0.0,100.0,100.0,0.0,0.0,2.6,2.6,0.0,0.0,0.0,0.0,0.0,none,3.3,4.0,,
SLB,2025-2026,Surrey 89ers,,Timothy Nwanko,,,,,19,135.6,29.0,13.0,30.0,43.3,0.0,3.0,0.0,3.0,6.0,0.0,11.0,20.0,31.0,3.0,8.0,4.0,13.0,23.0,1.5263157894736843,7.136842105263158,1.631578947368421,0.15789473684210525,0.42105263157894735,0.21052631578947367,0.6842105263157895,1.2105263157894737,17.8,268.4,14.1,10.8,1.1,11.5,4.1,7.5,3.0,1.5,4.8,11.2,2.2,1.1,0.0,8.6,44.4,43.3,44.4,43.3,57.1,10.0,0.2,96.7,9.6,16.2,13.0,3.1,28.5,28.5,3.0,2.7,15.0,0.3,1.0,146.6,111.5,35.1,20.8,3.0,0.23,6.2,35.5,64.5,89.7,0.0,10.3,16.4,0.9,-7.6,-7.2,-0.4,-0.2,0.7,position (team),3.8,5.0,,
SLB,2025-2026,Surrey 89ers,,Joshua Smith-White,,,,,26,9.2,6.0,2.0,6.0,33.3,1.0,5.0,0.0,1.0,2.0,0.0,0.0,2.0,2.0,0.0,0.0,0.0,0.0,1.0,0.23076923076923078,0.3538461538461538,0.07692307692307693,0.0,0.0,0.0,0.0,0.038461538461538464,0.9,18.2,0.7,32.9,0.0,11.0,0.0,11.0,0.0,0.0,0.0,32.9,11.0,27.5,5.5,5.5,43.6,41.7,43.6,41.7,57.1,83.3,0.333,100.0,0.0,23.8,12.3,0.0,0.0,0.0,0.0,0.0,33.4,0.7,1.0,131.7,111.5,20.2,1.8,4.8,0.0,0.0,0.0,100.0,33.3,50.0,16.7,2.4,0.1,0.0,0.0,0.0,0.0,0.0,none,3.4,4.0,,
SLB,2025-2026,Leicester Riders,,Michael Joiner,,,,,10,164.1,46.0,15.0,43.0,34.9,6.0,19.0,0.0,10.0,13.0,0.0,4.0,23.0,27.0,8.0,1.0,0.0,4.0,11.0,4.6,16.41,2.7,0.8,0.1,0.0,0.4,1.1,41.0,324.6,32.5,14.2,2.5,8.3,1.2,7.1,0.3,0.0,1.2,13.2,4.0,5.9,1.8,3.4,47.2,41.9,47.2,41.9,56.5,44.2,0.302,107.0,2.8,15.6,9.3,7.6,7.6,7.6,0.3,0.0,14.5,0.4,1.1,154.3,110.7,43.6,29.6,3.7,2.0,13.2,14.8,85.2,39.1,39.1,21.7,28.6,2.9,-5.0,-2.9,-2.1,-0.1,3.5,position (team),3.2,5.0,,
SLB,2025-2026,Surrey 89ers,,Maximilian Coupe,,,,,17,16.5,5.0,1.0,3.0,33.3,0.0,1.0,0.0,3.0,3.0,0.0,0.0,1.0,1.0,3.0,0.0,0.0,3.0,6.0,0.29411764705882354,0.9705882352941176,0.058823529411764705,0.17647058823529413,0.0,0.0,0.17647058823529413,0.35294117647058826,2.4,32.7,1.9,15.3,9.2,3.1,0.0,3.1,0.0,0.0,9.2,9.2,9.2,3.1,0.0,18.4,57.9,33.3,57.9,33.3,57.1,33.3,1.0,166.7,0.0,6.6,3.4,24.5,41.0,41.0,0.0,0.0,19.8,0.8,1.7,129.5,111.5,18.0,-0.6,0.2,1.0,29.1,0.0,100.0,40.0,0.0,60.0,0.3,0.0,0.0,0.0,0.0,0.0,0.0,none,3.4,4.0,,
SLB,2025-2026,Caledonia Gladiators,,Charles Jet Speelman,,,,,33,778.1,335.0,126.0,285.0,44.2,47.0,119.0,0.0,36.0,45.0,0.0,43.0,104.0,147.0,47.0,10.0,2.0,57.0,72.0,10.151515151515152,23.578787878787878,4.454545454545454,1.4242424242424243,0.30303030303030304,0.06060606060606061,1.7272727272727273,2.1818181818181817,58.9,1548.0,46.9,21.6,3.0,9.5,2.8,6.7,0.6,0.1,3.7,18.4,2.9,7.7,3.0,4.7,55.0,52.5,55.0,52.5,52.9,41.8,0.158,117.5,6.0,15.5,10.6,10.0,15.8,15.8,0.6,0.2,20.7,0.6,1.2,167.9,116.1,51.8,191.4,5.6,0.82,11.5,29.3,70.7,47.2,42.1,10.7,202.1,6.1,-5.5,-2.2,-3.3,-0.8,4.2,position (auto),3.3,4.8,,
SLB,2025-2026,Bristol Flyers,,Milos Dugalic,,,,,17,261.1,64.0,22.0,78.0,28.2,6.0,26.0,0.0,14.0,24.0,0.0,15.0,42.0,57.0,17.0,11.0,3.0,21.0,32.0,3.764705882352941,15.358823529411765,3.3529411764705883,1.0,0.6470588235294118,0.17647058823529413,1.2352941176470589,1.8823529411764706,38.4,506.2,29.8,12.6,3.4,11.3,3.0,8.3,2.2,0.6,4.1,15.4,4.7,5.1,1.2,6.3,36.1,32.1,36.1,32.1,52.9,33.3,0.308,82.1,6.4,18.9,12.5,10.1,19.2,19.2,2.2,1.2,19.0,0.4,0.8,119.1,106.6,12.5,37.0,2.2,0.81,13.4,26.3,73.7,50.0,28.1,21.9,28.5,1.7,-7.9,-7.6,-0.4,-0.5,0.7,position (team),3.4,5.0,,
SLB,2025-2026,Leicester Riders,,Michael Akintomide Akinsiku,,,,,17,127.2,35.0,16.0,32.0,50.0,0.0,0.0,0.0,3.0,12.0,0.0,13.0,29.0,42.0,4.0,5.0,4.0,7.0,17.0,2.0588235294117645,7.482352941176471,2.4705882352941178,0.23529411764705882,0.29411764705882354,0.23529411764705882,0.4117647058823529,1.0,18.7,251.6,14.8,13.9,1.6,16.7,5.2,11.5,2.0,1.6,2.8,12.7,4.8,0.0,0.0,6.8,46.9,50.0,46.9,50.0,56.5,0.0,0.375,109.4,11.9,25.4,18.8,5.2,15.8,15.8,2.0,3.0,15.7,0.4,1.1,184.6,110.7,73.9,38.8,5.7,0.57,8.3,31.0,69.0,91.4,0.0,8.6,30.0,1.8,-4.1,-4.0,-0.2,-0.1,4.5,position (team),4.0,5.0,,
SLB,2025-2026,Leicester Riders,,Victor Ndoukou,,,,,31,446.3,113.0,37.0,97.0,38.1,19.0,58.0,0.0,20.0,25.0,0.0,10.0,41.0,51.0,14.0,5.0,4.0,19.0,39.0,3.6451612903225805,14.396774193548387,1.6451612903225807,0.45161290322580644,0.16129032258064516,0.12903225806451613,0.6129032258064516,1.2580645161290323,36.0,882.8,28.5,12.8,1.6,5.8,1.1,4.6,0.6,0.5,2.2,11.0,2.8,6.6,2.2,4.4,52.3,47.9,52.3,47.9,56.5,59.8,0.258,116.5,2.6,10.2,6.5,4.8,15.0,15.0,0.6,0.9,12.9,0.3,1.2,146.1,110.7,35.4,56.1,2.9,0.74,9.9,19.6,80.4,31.9,50.4,17.7,60.2,1.9,-5.3,-3.5,-1.8,-0.4,2.2,position (auto),3.1,5.0,,
SLB,2025-2026,Caledonia Gladiators,,Lloyd Alvin Bryan Jr,,,,,21,420.6,186.0,69.0,142.0,48.6,2.0,7.0,0.0,46.0,63.0,0.0,56.0,49.0,105.0,33.0,4.0,11.0,36.0,54.0,8.857142857142858,20.02857142857143,5.0,1.5714285714285714,0.19047619047619047,0.5238095238095238,1.7142857142857142,2.5714285714285716,50.1,836.8,39.8,22.2,3.9,12.5,6.7,5.9,0.5,1.3,4.3,17.0,7.5,0.8,0.2,6.5,54.8,49.3,54.8,49.3,52.9,4.9,0.444,131.0,14.5,13.5,14.0,13.0,17.5,17.5,0.5,2.4,21.7,0.6,1.3,194.7,116.1,78.6,133.6,7.4,0.92,13.8,53.3,46.7,72.0,3.2,24.7,138.5,6.6,-4.9,-2.0,-2.9,-0.4,3.1,position (auto),3.6,4.6,,
SLB,2025-2026,Manchester Basketball,,Cody John,,,,,3,54.7,17.0,8.0,21.0,38.1,0.0,7.0,0.0,1.0,1.0,0.0,0.0,5.0,5.0,3.0,2.0,0.0,4.0,7.0,5.666666666666667,18.233333333333334,1.6666666666666667,1.0,0.6666666666666666,0.0,1.3333333333333333,2.3333333333333335,45.6,110.4,36.8,15.4,2.7,4.5,0.0,4.5,1.8,0.0,3.6,19.0,0.9,6.3,0.0,6.3,39.6,38.1,39.6,38.1,56.9,33.3,0.048,81.0,0.0,9.9,5.0,8.3,15.7,15.7,1.8,0.0,20.6,0.4,0.8,127.8,107.9,19.9,2.1,1.5,0.75,10.5,0.0,100.0,94.1,0.0,5.9,4.3,1.4,-10.3,-8.3,-2.0,-0.1,-0.6,position (team),3.1,4.8,,
SLB,2025-2026,Caledonia Gladiators,,Fraser Malcolm,,,,,34,723.8,190.0,66.0,183.0,36.1,35.0,125.0,0.0,23.0,29.0,0.0,21.0,82.0,103.0,42.0,11.0,12.0,15.0,37.0,5.588235294117647,21.288235294117644,3.0294117647058822,1.2352941176470589,0.3235294117647059,0.35294117647058826,0.4411764705882353,1.088235294117647,53.2,1440.0,42.4,13.2,2.9,7.2,1.5,5.7,0.8,0.8,1.0,12.7,2.0,8.7,2.4,2.6,48.5,45.6,48.5,45.6,52.9,68.3,0.158,103.8,3.2,13.1,8.0,8.6,7.1,7.1,0.8,1.5,12.9,0.4,1.0,164.0,116.1,47.9,155.9,4.3,2.8,16.6,20.4,79.6,32.6,55.3,12.1,144.2,4.2,-4.3,-2.0,-2.3,-0.5,5.5,position (auto),3.1,5.0,,
SLB,2025-2026,Newcastle Eagles,,Darius Defoe,,,,,21,152.4,43.0,17.0,39.0,43.6,1.0,5.0,0.0,8.0,10.0,0.0,2.0,9.0,11.0,9.0,3.0,2.0,11.0,27.0,2.0476190476190474,7.257142857142857,0.5238095238095238,0.42857142857142855,0.14285714285714285,0.09523809523809523,0.5238095238095238,1.2857142857142858,18.1,312.0,14.9,13.8,2.9,3.5,0.6,2.9,1.0,0.6,3.5,12.5,3.2,1.6,0.3,8.7,49.5,44.9,49.5,44.9,56.0,12.8,0.256,110.3,1.4,7.1,4.1,9.1,20.2,20.2,1.0,1.2,16.0,0.4,1.1,141.6,109.2,32.4,8.2,2.2,0.82,14.2,18.2,81.8,74.4,7.0,18.6,14.7,0.7,-8.3,-6.9,-1.4,-0.3,-1.6,position (auto),3.1,4.8,,
SLB,2025-2026,Leicester Riders,,Michael Mitchell Jr,,,,,4,62.0,14.0,5.0,18.0,27.8,3.0,11.0,0.0,1.0,3.0,0.0,0.0,3.0,3.0,8.0,3.0,1.0,6.0,6.0,3.5,15.5,0.75,2.0,0.75,0.25,1.5,1.5,38.8,122.6,30.7,11.4,6.5,2.4,0.0,2.4,2.4,0.8,4.9,14.7,2.4,9.0,2.4,4.9,36.2,36.1,36.2,36.1,56.5,61.1,0.167,77.8,0.0,5.4,2.7,19.7,23.7,23.7,2.4,1.5,18.5,0.5,0.8,101.7,110.7,-9.0,4.6,1.2,1.33,24.0,0.0,100.0,28.6,64.3,7.1,4.4,1.1,-7.2,-6.1,-1.1,-0.1,0.5,position (team),2.7,4.4,,
SLB,2025-2026,Bristol Flyers,,Pasquale Landolfi,,,,,36,78.8,11.0,4.0,19.0,21.1,2.0,15.0,0.0,1.0,2.0,0.0,2.0,3.0,5.0,3.0,0.0,0.0,5.0,10.0,0.3055555555555556,2.1888888888888887,0.1388888888888889,0.08333333333333333,0.0,0.0,0.1388888888888889,0.2777777777777778,5.5,152.8,4.2,7.2,2.0,3.3,1.3,2.0,0.0,0.0,3.3,12.4,1.3,9.8,1.3,6.5,27.7,26.3,27.7,26.3,52.9,78.9,0.105,57.9,2.8,4.5,3.6,5.6,20.1,20.1,0.0,0.0,14.3,0.2,0.6,83.8,106.6,-22.8,-6.8,-2.0,0.6,10.8,40.0,60.0,36.4,54.5,9.1,-5.7,-0.2,-14.0,-10.3,-3.8,-0.3,-5.6,position (auto),3.1,5.0,,
SLB,2025-2026,Surrey 89ers,,Di-Jani Parkinson,,,,,3,12.3,2.0,0.0,4.0,0.0,0.0,1.0,0.0,2.0,2.0,0.0,0.0,0.0,0.0,1.0,0.0,0.0,0.0,2.0,0.6666666666666666,4.1000000000000005,0.0,0.3333333333333333,0.0,0.0,0.0,0.6666666666666666,10.2,24.4,8.1,8.2,4.1,0.0,0.0,0.0,0.0,0.0,0.0,16.4,8.2,4.1,0.0,8.2,20.5,0.0,20.5,0.0,57.1,25.0,0.5,50.0,0.0,0.0,0.0,10.1,0.0,0.0,0.0,0.0,17.7,0.4,0.5,84.2,111.5,-27.3,-1.8,-2.4,1.0,17.0,0.0,0.0,0.0,0.0,100.0,-0.9,-0.3,0.0,0.0,0.0,0.0,0.0,none,3.4,4.0,,
SLB,2025-2026,Caledonia Gladiators,,Dwaine Jones Jr,,,,,20,478.3,138.0,58.0,157.0,36.9,8.0,46.0,0.0,14.0,26.0,0.0,12.0,37.0,49.0,91.0,15.0,3.0,47.0,41.0,6.9,23.915,2.45,4.55,0.75,0.15,2.35,2.05,59.8,951.6,47.6,14.5,9.6,5.1,1.3,3.9,1.6,0.3,4.9,16.5,2.7,4.8,0.8,4.3,41.0,39.5,41.0,39.5,52.9,29.3,0.166,87.9,2.7,9.0,5.8,29.5,21.8,21.8,1.6,0.6,20.0,0.8,0.9,146.6,116.1,30.5,91.8,3.5,1.94,29.7,24.5,75.5,72.5,17.4,10.1,83.4,4.2,-7.4,-4.8,-2.6,-0.8,1.8,position (team),2.3,3.9,,
SLB,2025-2026,Leicester Riders,,Seth Wylie,,,,,24,19.0,6.0,2.0,4.0,50.0,2.0,2.0,0.0,0.0,0.0,0.0,0.0,0.0,0.0,0.0,0.0,0.0,1.0,2.0,0.25,0.7916666666666666,0.0,0.0,0.0,0.0,0.041666666666666664,0.08333333333333333,2.0,37.6,1.6,16.0,0.0,0.0,0.0,0.0,0.0,0.0,2.7,10.6,0.0,5.3,5.3,5.3,75.0,75.0,75.0,75.0,56.5,50.0,0.0,150.0,0.0,0.0,0.0,0.0,20.0,20.0,0.0,0.0,11.9,0.3,1.5,148.9,110.7,38.2,1.0,2.6,0.0,0.0,0.0,0.0,0.0,100.0,0.0,2.2,0.1,0.0,0.0,0.0,0.0,0.0,none,3.3,4.0,,
SLB,2025-2026,Surrey 89ers,,Rj Eytle-Rock,,,,,7,100.0,24.0,7.0,23.0,30.4,1.0,7.0,0.0,9.0,11.0,0.0,5.0,8.0,13.0,4.0,2.0,0.0,9.0,14.0,3.4285714285714284,14.285714285714286,1.8571428571428572,0.5714285714285714,0.2857142857142857,0.0,1.2857142857142858,2.0,35.7,198.0,28.3,12.1,2.0,6.6,2.5,4.0,1.0,0.0,4.5,11.6,5.6,3.5,0.5,7.1,43.1,32.6,43.1,32.6,57.1,30.4,0.478,104.3,5.9,8.8,7.4,5.5,24.4,24.4,1.0,0.0,16.4,0.3,1.0,126.5,111.5,15.0,3.6,1.1,0.44,9.8,38.5,61.5,50.0,12.5,37.5,6.0,0.9,-10.9,-7.7,-3.3,-0.3,-2.9,position (team),3.3,5.0,,
SLB,2025-2026,Leicester Riders,,Tomide Akinsiku,,,,,1,1.4,0.0,0.0,0.0,0.0,0.0,0.0,0.0,0.0,0.0,0.0,0.0,0.0,0.0,0.0,0.0,0.0,0.0,0.0,0.0,1.4,0.0,0.0,0.0,0.0,0.0,0.0,3.5,2.8,2.8,0.0,0.0,0.0,0.0,0.0,0.0,0.0,0.0,0.0,0.0,0.0,0.0,0.0,0.0,0.0,0.0,0.0,56.5,0.0,0.0,0.0,0.0,0.0,0.0,0.0,0.0,0.0,0.0,0.0,0.0,0.0,0.0,0.0,110.7,-110.7,0.0,0.0,0.0,0.0,0.0,0.0,0.0,0.0,0.0,0.0,0.0,0.0,0.0,0.0,0.0,0.0,none,3.3,4.0,,
SLB,2025-2026,Leicester Riders,,Oscar Curran,,,,,18,11.2,0.0,0.0,1.0,0.0,0.0,1.0,0.0,0.0,0.0,0.0,0.0,1.0,1.0,1.0,0.0,0.0,1.0,1.0,0.0,0.6222222222222222,0.05555555555555555,0.05555555555555555,0.0,0.0,0.05555555555555555,0.05555555555555555,1.6,22.2,1.2,0.0,4.5,4.5,0.0,4.5,0.0,0.0,4.5,4.5,0.0,4.5,0.0,4.5,0.0,0.0,0.0,0.0,56.5,100.0,0.0,0.0,0.0,9.9,5.1,12.2,50.0,50.0,0.0,0.0,8.1,0.2,0.0,53.2,110.7,-57.5,-0.5,-2.5,1.0,33.3,0.0,100.0,0.0,0.0,0.0,-1.1,-0.1,0.0,0.0,0.0,0.0,0.0,none,3.3,4.0,,
SLB,2025-2026,Caledonia Gladiators,,Malcolm Delpeche,,,,,21,314.7,133.0,58.0,110.0,52.7,0.0,2.0,0.0,17.0,44.0,0.0,41.0,48.0,89.0,20.0,10.0,4.0,19.0,43.0,6.333333333333333,14.985714285714286,4.238095238095238,0.9523809523809523,0.47619047619047616,0.19047619047619047,0.9047619047619048,2.0476190476190474,37.5,626.1,29.8,21.2,3.2,14.2,6.5,7.7,1.6,0.6,3.0,17.6,7.0,0.3,0.0,6.9,51.4,52.7,51.4,52.7,52.9,1.8,0.4,120.9,14.2,17.7,15.9,10.9,12.8,12.8,1.6,1.2,21.0,0.6,1.2,203.7,116.1,87.6,104.5,7.5,1.05,11.9,46.1,53.9,87.2,0.0,12.8,102.1,4.9,-4.9,-2.5,-2.4,-0.3,4.5,position (auto),3.8,4.8,,
SLB,2025-2026,Newcastle Eagles,,Malcolm Smith,,,,,9,95.4,31.0,9.0,36.0,25.0,0.0,1.0,0.0,13.0,18.0,0.0,8.0,6.0,14.0,5.0,1.0,1.0,7.0,13.0,3.4444444444444446,10.600000000000001,1.5555555555555556,0.5555555555555556,0.1111111111111111,0.1111111111111111,0.7777777777777778,1.4444444444444444,26.5,195.3,21.7,15.9,2.6,7.2,4.1,3.1,0.5,0.5,3.6,18.4,9.2,0.5,0.0,6.7,35.3,25.0,35.3,25.0,56.0,2.8,0.5,86.1,9.1,7.6,8.4,7.9,13.7,13.7,0.5,1.0,24.0,0.5,0.9,120.9,109.2,11.7,3.2,1.4,0.71,8.9,57.1,42.9,58.1,0.0,41.9,7.8,0.9,-13.0,-8.2,-4.8,-0.3,-4.4,position (team),3.3,5.0,,
SLB,2025-2026,Leicester Riders,,Duke Shelton,,,,,4,58.3,25.0,9.0,20.0,45.0,0.0,1.0,0.0,7.0,11.0,0.0,5.0,11.0,16.0,1.0,0.0,2.0,7.0,9.0,6.25,14.575,4.0,0.25,0.0,0.5,1.75,2.25,36.4,115.3,28.8,21.7,0.9,13.9,4.3,9.5,0.0,1.7,6.1,17.3,9.5,0.9,0.0,7.8,50.3,45.0,50.3,45.0,56.5,5.0,0.55,125.0,10.0,21.0,15.6,3.0,22.0,22.0,0.0,3.3,24.7,0.5,1.2,148.9,110.7,38.2,10.6,4.2,0.14,3.0,31.2,68.8,72.0,0.0,28.0,11.3,2.8,-10.2,-7.2,-3.0,-0.1,-1.0,position (team),3.8,4.8,,
SLB,2025-2026,Caledonia Gladiators,,Totonitoluwa Fagbenle,,,,,31,409.2,108.0,45.0,96.0,46.9,5.0,17.0,0.0,13.0,26.0,0.0,22.0,43.0,65.0,19.0,22.0,18.0,29.0,48.0,3.4838709677419355,13.2,2.096774193548387,0.6129032258064516,0.7096774193548387,0.5806451612903226,0.9354838709677419,1.5483870967741935,33.0,814.1,26.3,13.3,2.3,8.0,2.7,5.3,2.7,2.2,3.6,11.8,3.2,2.1,0.6,5.9,50.3,49.5,50.3,49.5,52.9,17.7,0.271,112.5,5.9,12.2,8.9,7.1,21.3,21.3,2.7,4.1,14.8,0.4,1.1,160.9,116.1,44.8,86.5,4.7,0.66,12.2,33.8,66.2,74.1,13.9,12.0,81.6,2.6,-4.9,-4.7,-0.2,-0.4,4.1,position (auto),3.3,5.0,,
SLB,2025-2026,Caledonia Gladiators,,Kyle Jimenez,,,,,31,502.4,72.0,23.0,76.0,30.3,5.0,30.0,0.0,21.0,24.0,0.0,16.0,37.0,53.0,98.0,10.0,0.0,42.0,63.0,2.3225806451612905,16.206451612903226,1.7096774193548387,3.161290322580645,0.3225806451612903,0.0,1.3548387096774193,2.032258064516129,40.5,999.5,32.2,7.2,9.8,5.3,1.6,3.7,1.0,0.0,4.2,7.6,2.4,3.0,0.5,6.3,41.6,33.6,41.6,33.6,52.9,39.5,0.316,94.7,3.5,8.5,5.9,27.1,32.7,32.7,1.0,0.0,11.4,0.6,0.9,156.3,116.1,40.2,84.2,2.6,2.33,43.3,30.2,69.8,50.0,20.8,29.2,60.5,2.0,-7.4,-5.4,-2.0,-0.8,0.1,position (auto),2.4,4.1,,
SLB,2025-2026,Caledonia Gladiators,,Daylen Williams,,,,,7,140.9,32.0,11.0,27.0,40.7,0.0,4.0,0.0,10.0,17.0,0.0,4.0,28.0,32.0,17.0,4.0,1.0,14.0,16.0,4.571428571428571,20.12857142857143,4.571428571428571,2.4285714285714284,0.5714285714285714,0.14285714285714285,2.0,2.2857142857142856,50.3,280.3,40.0,11.4,6.1,11.4,1.4,10.0,1.4,0.4,5.0,9.6,6.1,1.4,0.0,5.7,46.4,40.7,46.4,40.7,52.9,14.8,0.63,118.5,3.1,23.1,12.8,17.5,28.9,28.9,1.4,0.7,15.3,0.5,1.2,140.8,116.1,24.7,30.4,3.3,1.21,26.0,12.5,87.5,68.8,0.0,31.2,22.1,3.2,-7.4,-6.4,-1.0,-0.2,1.8,position (team),3.3,4.5,,
SLB,2025-2026,Caledonia Gladiators,,Daniel Carr,,,,,34,208.4,74.0,32.0,69.0,46.4,7.0,20.0,0.0,3.0,6.0,0.0,17.0,35.0,52.0,18.0,0.0,4.0,11.0,15.0,2.176470588235294,6.129411764705883,1.5294117647058822,0.5294117647058824,0.0,0.11764705882352941,0.3235294117647059,0.4411764705882353,15.3,414.6,12.2,17.8,4.3,12.5,4.1,8.4,0.0,1.0,2.7,16.6,1.4,4.8,1.7,3.6,51.6,51.4,51.6,51.4,52.9,29.0,0.087,107.2,8.9,19.5,14.0,14.1,13.3,13.3,0.0,1.8,17.6,0.6,1.1,194.0,116.1,77.9,66.8,6.2,1.64,17.9,32.7,67.3,67.6,28.4,4.1,58.1,1.7,-4.0,-1.1,-2.9,-0.1,5.0,position (auto),3.4,4.6,,
SLB,2025-2026,Caledonia Gladiators,,Nino Satha,,,,,10,15.6,6.0,2.0,4.0,50.0,1.0,3.0,0.0,1.0,2.0,0.0,0.0,0.0,0.0,0.0,0.0,0.0,3.0,2.0,0.6,1.56,0.0,0.0,0.0,0.0,0.3,0.2,3.9,31.0,3.1,19.3,0.0,0.0,0.0,0.0,0.0,0.0,9.7,12.9,6.4,9.7,3.2,6.4,61.5,62.5,61.5,62.5,52.9,75.0,0.5,150.0,0.0,0.0,0.0,0.0,38.1,38.1,0.0,0.0,22.5,0.4,1.5,95.2,116.1,-20.9,-1.8,-1.0,0.0,0.0,0.0,0.0,33.3,50.0,16.7,-0.2,-0.0,0.0,0.0,0.0,0.0,0.0,none,3.4,4.0,,
SLB,2025-2026,Caledonia Gladiators,,Andrew Michael Gordon,,,,,3,38.8,12.0,6.0,11.0,54.5,0.0,2.0,0.0,0.0,3.0,0.0,2.0,7.0,9.0,2.0,1.0,3.0,6.0,11.0,4.0,12.933333333333332,3.0,0.6666666666666666,0.3333333333333333,1.0,2.0,3.6666666666666665,32.3,77.2,25.7,15.5,2.6,11.7,2.6,9.1,1.3,3.9,7.8,14.3,3.9,2.6,0.0,14.3,48.7,54.5,48.7,54.5,52.9,18.2,0.273,109.1,5.6,20.9,13.0,8.4,32.8,32.8,1.3,7.2,21.0,0.4,1.1,132.1,116.1,16.0,4.4,2.2,0.33,9.8,22.2,77.8,100.0,0.0,0.0,3.1,1.0,0.0,0.0,0.0,0.0,0.0,none,3.4,4.0,,
SLB,2025-2026,Leicester Riders,,Kendrian Johnson,,,,,1,31.5,8.0,2.0,8.0,25.0,0.0,4.0,0.0,4.0,6.0,0.0,0.0,1.0,1.0,2.0,1.0,1.0,4.0,5.0,8.0,31.5,1.0,2.0,1.0,1.0,4.0,5.0,78.8,62.3,62.3,12.8,3.2,1.6,0.0,1.6,1.6,1.6,6.4,12.8,9.6,6.4,0.0,8.0,37.6,25.0,37.6,25.0,56.5,50.0,0.75,100.0,0.0,3.5,1.8,9.5,27.3,27.3,1.6,3.0,21.0,0.4,1.0,89.8,110.7,-20.9,-2.0,-0.6,0.5,12.0,0.0,100.0,50.0,0.0,50.0,-0.2,-0.2,0.0,0.0,0.0,0.0,0.0,none,3.3,4.0,,
