type,league,season,team,GP,MIN,PTS,PPG,POSS,PACE,FGM,FGA,FG_pct,eFG_pct,TS_pct,ThreePM,ThreePA,ThreeP_pct,ThreePA_rate,FTM,FTA,FT_pct,OREB,DREB,REB,AST,STL,BLK,TOV,PF,OFF_RTG,DEF_RTG,NET_RTG,PTS_PER_TSA,team_url
Team,SLB,2025-2026,Bristol Flyers,36,7200,2863.0,79.5,2791.6,77.5,1046.0,2396.0,43.7,50.0,52.9,305.0,928.0,32.9,38.7,466.0,699.0,66.7,385.0,906.0,1291.0,676.0,272.0,92.0,473.0,625.0,102.6,106.6,-4.0,1.059,
Team,SLB,2025-2026,B. Braun Sheffield Sharks,35,7000,2946.0,84.2,2710.7,77.4,1072.0,2273.0,47.2,53.3,56.7,280.0,784.0,35.7,34.5,522.0,738.0,70.7,307.0,909.0,1216.0,650.0,234.0,117.0,420.0,631.0,108.7,107.8,0.9,1.134,
Team,SLB,2025-2026,Leicester Riders,34,6800,2883.0,84.8,2690.0,79.1,999.0,2218.0,45.0,51.8,56.5,301.0,839.0,35.9,37.8,584.0,759.0,76.9,316.0,897.0,1213.0,607.0,212.0,78.0,454.0,509.0,107.2,110.7,-3.5,1.13,
Team,SLB,2025-2026,London Lions,39,7800,3244.0,83.2,2888.5,74.1,1190.0,2457.0,48.4,54.9,58.3,318.0,888.0,35.8,36.1,546.0,742.0,73.6,374.0,990.0,1364.0,758.0,271.0,89.0,479.0,873.0,112.3,97.9,14.4,1.165,
Team,SLB,2025-2026,Manchester Basketball,35,7000,3109.0,88.8,2825.0,80.7,1132.0,2422.0,46.7,53.5,56.9,329.0,934.0,35.2,38.6,516.0,709.0,72.8,339.0,942.0,1281.0,653.0,227.0,122.0,430.0,656.0,110.1,107.9,2.2,1.137,
Team,SLB,2025-2026,Cheshire Phoenix,35,7000,3353.0,95.8,2937.4,83.9,1180.0,2572.0,45.9,54.4,57.7,439.0,1226.0,35.8,47.7,554.0,760.0,72.9,381.0,925.0,1306.0,676.0,281.0,116.0,412.0,695.0,114.1,108.1,6.0,1.154,
Team,SLB,2025-2026,Caledonia Gladiators,34,6800,2748.0,80.8,2705.7,79.6,1042.0,2370.0,44.0,50.3,52.9,298.0,907.0,32.9,38.3,366.0,513.0,71.3,354.0,807.0,1161.0,671.0,224.0,80.0,464.0,603.0,101.6,116.1,-14.5,1.059,
Team,SLB,2025-2026,Newcastle Eagles,37,7400,3259.0,88.1,3029.6,81.9,1121.0,2521.0,44.5,51.8,56.0,370.0,1063.0,34.8,42.2,647.0,881.0,73.4,262.0,867.0,1129.0,651.0,282.0,107.0,383.0,747.0,107.6,109.2,-1.6,1.12,
Team,SLB,2025-2026,Surrey 89ers,35,7000,3062.0,87.5,2771.6,79.2,1123.0,2360.0,47.6,53.9,57.1,299.0,840.0,35.6,35.6,517.0,731.0,70.7,364.0,884.0,1248.0,753.0,232.0,113.0,454.0,618.0,110.5,111.5,-1.0,1.142,
Opponent,SLB,2025-2026,Bristol Flyers,36,7200,2970.0,82.5,2785.0,77.4,1059.0,2340.0,45.3,53.1,56.3,368.0,994.0,37.0,42.5,484.0,675.0,71.7,317.0,913.0,1230.0,619.0,282.0,120.0,465.0,640.0,106.6,102.6,4.0,1.126,
Opponent,SLB,2025-2026,B. Braun Sheffield Sharks,35,7000,2931.0,83.7,2718.5,77.7,1036.0,2318.0,44.7,52.1,55.6,343.0,1012.0,33.9,43.7,516.0,717.0,72.0,309.0,856.0,1165.0,660.0,232.0,101.0,394.0,638.0,107.8,108.7,-0.9,1.113,
Opponent,SLB,2025-2026,Leicester Riders,34,6800,3005.0,88.4,2713.4,79.8,1127.0,2404.0,46.9,54.0,56.7,341.0,970.0,35.2,40.3,410.0,560.0,73.2,326.0,855.0,1181.0,689.0,258.0,117.0,389.0,687.0,110.7,107.2,3.5,1.134,
Opponent,SLB,2025-2026,London Lions,39,7800,2841.0,72.8,2902.4,74.4,962.0,2320.0,41.5,47.7,52.2,289.0,913.0,31.7,39.4,628.0,910.0,69.0,331.0,839.0,1170.0,574.0,276.0,97.0,513.0,733.0,97.9,112.3,-14.4,1.044,
Opponent,SLB,2025-2026,Manchester Basketball,35,7000,3046.0,87.0,2823.7,80.7,1097.0,2445.0,44.9,51.6,55.1,330.0,908.0,36.3,37.1,522.0,722.0,72.3,352.0,905.0,1257.0,665.0,228.0,81.0,413.0,647.0,107.9,110.1,-2.2,1.103,
Opponent,SLB,2025-2026,Cheshire Phoenix,35,7000,3143.0,89.8,2908.2,83.1,1137.0,2450.0,46.4,52.9,56.6,320.0,881.0,36.3,36.0,549.0,739.0,74.3,327.0,939.0,1266.0,689.0,202.0,122.0,460.0,685.0,108.1,114.1,-6.0,1.133,
Opponent,SLB,2025-2026,Caledonia Gladiators,34,6800,3124.0,91.9,2691.1,79.2,1164.0,2391.0,48.7,55.5,58.4,324.0,926.0,35.0,38.7,472.0,648.0,72.8,365.0,893.0,1258.0,717.0,271.0,95.0,380.0,501.0,116.1,101.6,14.5,1.167,
Opponent,SLB,2025-2026,Newcastle Eagles,37,7400,3312.0,89.5,3032.7,82.0,1190.0,2463.0,48.3,54.3,58.2,296.0,862.0,34.3,35.0,636.0,872.0,72.9,362.0,1103.0,1465.0,755.0,223.0,103.0,548.0,784.0,109.2,107.6,1.6,1.163,
Opponent,SLB,2025-2026,Surrey 89ers,35,7000,3095.0,88.4,2775.2,79.3,1133.0,2458.0,46.1,52.8,56.0,328.0,943.0,34.8,38.4,501.0,689.0,72.7,393.0,824.0,1217.0,727.0,263.0,78.0,407.0,642.0,111.5,110.5,1.0,1.121,
