game_id,game_date,team,points,fgm,fga,fg2m,fg2a,fg3m,fg3a,ftm,fta,oreb,dreb,treb,ast,stl,blk,tov,pf,pf_drawn,blk_against,poss,pace
2742274,2025-09-27,Liverpool Senior Men,108,38,93,28,56,10,37,22,41,19,31,50,16,15,4,23,24,26,3,116.3,89.5
2742274,2025-09-27,St Helens Saints Senior Men,105,35,96,24,50,11,46,24,30,23,44,67,17,14,3,26,26,24,4,107.4,89.5
2742395,2025-09-27,Greenwich Titans Senior Men,61,25,73,23,49,2,24,9,12,11,31,42,12,10,5,27,22,15,1,92.7,92.1
2742395,2025-09-27,Solent Kestrels Senior Men,91,35,87,28,53,7,34,14,22,19,34,53,26,16,1,16,15,22,5,91.5,92.1
2742276,2025-09-27,Cardiff Met Archers Senior Men I,71,26,63,20,47,6,16,13,18,9,28,37,18,11,2,16,17,16,2,77.8,79.3
2742276,2025-09-27,Myerscough Basketball Academy Senior Men I,75,29,74,18,39,11,35,6,9,14,30,44,20,8,2,19,16,16,2,80.9,79.3
2742267,2025-09-27,Birmingham City University Senior Men,89,36,84,22,44,14,40,3,5,12,44,56,19,14,2,21,25,9,2,93.8,95.8
2742267,2025-09-27,Sheffield Arrows Senior Men,74,26,81,22,51,4,30,18,29,15,34,49,14,14,2,19,9,24,2,97.8,95.8
2742394,2025-09-27,London Stars Senior Men,95,35,83,26,53,9,30,16,23,22,37,59,28,7,6,25,15,20,5,91.2,90.8
2742394,2025-09-27,London Elite Senior Men I,70,27,74,19,44,8,30,8,12,4,20,24,13,18,5,16,21,15,6,90.4,90.8
2742273,2025-09-27,Manchester Magic Senior Men I,79,34,83,27,55,7,28,4,13,18,19,37,17,14,6,10,13,14,6,79.1,76.8
2742273,2025-09-27,Oxford Hoops Senior Men,53,20,55,16,40,4,15,9,12,11,30,41,12,6,6,28,14,13,6,74.5,76.8
2742272,2025-09-27,Teesside Lions Senior Men,53,19,77,13,51,6,26,9,14,16,29,45,9,8,1,13,15,12,3,76.3,78.5
2742272,2025-09-27,Leicester Warriors Senior Men,81,33,75,26,53,7,22,8,12,14,34,48,23,10,3,15,12,15,1,80.6,78.5
2742271,2025-09-27,Worcester Wolves Senior Men,70,25,81,19,55,6,26,14,23,20,23,43,12,19,4,14,25,20,5,82.1,82.1
2742271,2025-09-27,Sheffield Sharks Senior Men,60,18,54,13,31,5,23,19,34,13,32,45,16,7,5,27,20,25,4,82.1,82.1
2742393,2025-09-28,Cobham Cobras Senior Men,61,20,55,15,36,5,19,16,24,7,23,30,15,4,1,23,18,21,0,80.1,81.1
2742393,2025-09-28,Barking Abbey Senior Men I,66,26,78,25,55,1,23,13,21,19,24,43,11,15,0,20,21,17,1,82.1,81.1
2742392,2025-10-04,Barnet Bulldogs Senior Men,95,35,82,27,52,8,30,17,29,14,23,37,27,17,2,22,18,23,3,101.8,98.9
2742392,2025-10-04,Greenwich Titans Senior Men,86,34,72,28,47,6,25,12,26,14,33,47,22,15,3,28,23,18,2,96.1,98.9
2742391,2025-10-04,Barking Abbey Senior Men I,72,24,68,22,49,2,19,22,26,17,30,47,21,14,3,22,19,24,4,81.4,84.7
2742391,2025-10-04,CoLA Southwark Pride Senior Men,61,19,61,10,37,9,24,14,25,11,23,34,11,13,4,28,24,19,3,87.9,84.7
2742265,2025-10-04,Cardiff Met Archers Senior Men I,47,18,42,18,30,0,12,11,12,2,14,16,13,8,0,22,14,17,0,66.9,85.2
2742265,2025-10-04,Birmingham City University Senior Men,69,29,58,20,33,9,25,2,8,11,20,31,18,12,0,18,17,13,0,65.9,85.2
2742390,2025-10-04,London Lions Senior Men II,79,25,66,16,39,9,27,20,30,13,31,44,14,11,2,17,14,21,1,78.9,80.8
2742390,2025-10-04,Richmond Knights Senior Men,60,26,72,23,54,3,18,5,8,11,20,31,10,11,1,20,21,14,2,82.6,80.8
2742264,2025-10-04,Leicester Warriors Senior Men,113,39,84,26,52,13,32,22,30,13,42,55,21,9,0,13,12,23,0,96.0,95.3
2742264,2025-10-04,Liverpool Senior Men,82,31,79,18,38,13,41,7,14,4,31,35,18,6,0,14,25,12,0,94.7,95.3
2742263,2025-10-04,Sheffield Arrows Senior Men,76,28,64,19,36,9,28,11,21,8,35,43,24,8,2,17,13,20,1,81.7,82.9
2742263,2025-10-04,Worcester Wolves Senior Men,73,29,78,20,48,9,30,6,12,13,28,41,14,11,1,15,20,13,2,84.1,82.9
2742266,2025-10-04,Sheffield Sharks Senior Men,78,32,77,22,45,10,32,4,7,13,28,41,19,9,2,16,14,14,6,81.9,79.6
2742266,2025-10-04,Teesside Lions Senior Men,69,25,65,18,40,7,25,12,19,11,31,42,17,11,6,16,14,13,2,77.3,79.6
2742262,2025-10-10,Worcester Wolves Senior Men,94,32,65,21,34,11,31,19,30,10,38,48,21,17,0,17,18,18,2,84.5,83.9
2742262,2025-10-10,Cardiff Met Archers Senior Men I,40,16,65,15,51,1,14,7,14,11,23,34,12,10,2,24,21,18,0,83.4,83.9
2742376,2025-10-11,CoLA Southwark Pride Senior Men,74,29,70,25,52,4,18,12,22,16,28,44,17,6,1,17,13,17,3,78.2,75.0
2742376,2025-10-11,London Elite Senior Men I,64,24,65,17,42,7,23,9,16,12,22,34,8,12,3,13,18,13,1,71.9,75.0
2742261,2025-10-11,Oxford Hoops Senior Men,60,25,67,20,52,5,15,5,9,11,32,43,15,4,1,22,17,13,2,80.6,80.7
2742261,2025-10-11,St Helens Saints Senior Men,86,32,79,22,49,10,30,12,19,13,29,42,20,14,2,8,13,17,1,80.8,80.7
2742250,2025-10-11,Liverpool Senior Men,80,31,70,22,39,9,31,9,14,5,30,35,13,15,4,15,14,15,2,85.9,84.4
2742250,2025-10-11,Sheffield Sharks Senior Men,69,25,65,15,34,10,31,9,18,7,35,42,14,7,2,18,15,14,4,82.8,84.4
2742260,2025-10-11,Birmingham City University Senior Men,80,26,62,22,40,4,22,24,32,4,19,23,18,12,0,11,27,21,4,82.9,82.2
2742260,2025-10-11,Myerscough Basketball Academy Senior Men I,78,29,71,21,44,8,27,12,31,24,33,57,24,5,4,22,22,27,0,81.6,82.2
2742259,2025-10-11,Teesside Lions Senior Men,76,29,76,18,42,11,34,7,11,4,31,35,22,7,0,6,12,11,1,82.4,83.3
2742259,2025-10-11,Sheffield Arrows Senior Men,90,36,79,24,41,12,38,6,12,11,41,52,25,4,1,12,11,12,0,84.2,83.3
2742387,2025-10-11,Solent Kestrels Senior Men,71,25,68,18,37,7,31,14,27,16,22,38,11,13,1,13,10,21,1,77.9,79.3
2742387,2025-10-11,Barking Abbey Senior Men I,90,36,73,22,50,14,23,4,8,13,33,46,23,8,1,19,21,10,1,80.8,79.3
2742388,2025-10-11,Richmond Knights Senior Men,76,32,74,26,54,6,20,6,13,14,28,42,14,10,7,22,23,15,2,86.0,87.1
2742388,2025-10-11,Barnet Bulldogs Senior Men,92,31,74,23,49,8,25,22,33,17,26,43,13,15,2,17,15,23,7,88.1,87.1
2742373,2025-10-11,London Lions Senior Men II,51,22,74,17,48,5,26,2,9,17,37,54,12,6,4,17,11,10,5,76.8,76.7
2742373,2025-10-11,London Stars Senior Men,62,22,73,12,39,10,34,8,10,9,35,44,17,12,5,10,10,11,4,76.7,76.7
2742258,2025-10-11,Manchester Magic Senior Men I,82,36,68,32,53,4,15,6,16,7,31,38,19,6,2,18,13,14,2,85.3,85.0
2742258,2025-10-11,Leicester Warriors Senior Men,78,28,68,19,43,9,25,13,15,7,24,31,23,11,2,18,14,13,2,84.7,85.0
2742248,2025-10-12,Myerscough Basketball Academy Senior Men I,83,31,84,21,52,10,32,11,12,21,33,54,21,13,9,14,15,7,5,78.5,80.3
2742248,2025-10-12,Oxford Hoops Senior Men,60,23,70,18,50,5,20,9,19,13,27,40,9,8,5,18,7,15,9,82.1,80.3
2742230,2025-10-18,Cardiff Met Archers Senior Men I,82,29,63,24,48,5,15,19,26,8,33,41,16,9,1,20,20,23,3,85.6,85.4
2742230,2025-10-18,Teesside Lions Senior Men,67,22,65,15,39,7,26,16,20,10,25,35,10,10,3,22,23,20,1,85.1,85.4
2742244,2025-10-18,Sheffield Sharks Senior Men,58,22,69,17,39,5,30,9,14,15,26,41,15,10,4,21,16,15,2,79.0,79.2
2742244,2025-10-18,Manchester Magic Senior Men I,77,29,62,23,40,6,22,13,23,10,29,39,19,16,2,17,15,16,4,79.3,79.2
2742246,2025-10-18,Birmingham City University Senior Men,76,25,75,17,35,8,40,18,25,24,27,51,16,17,1,25,17,16,3,85.8,86.8
2742246,2025-10-18,Worcester Wolves Senior Men,73,28,76,21,46,7,30,10,16,15,27,42,18,10,3,23,16,17,1,87.7,86.8
2742239,2025-10-18,Myerscough Basketball Academy Senior Men I,63,18,69,12,40,6,29,21,31,13,25,38,14,8,1,16,21,24,4,82.5,81.4
2742239,2025-10-18,St Helens Saints Senior Men,71,23,70,19,48,4,22,21,31,20,31,51,17,9,4,19,25,21,1,80.3,81.4
2742370,2025-10-18,London Lions Senior Men II,71,25,61,12,25,13,36,8,14,9,20,29,13,12,0,27,28,18,2,82.6,84.0
2742370,2025-10-18,Cobham Cobras Senior Men,85,27,66,19,40,8,26,23,42,17,21,38,18,13,2,20,19,28,0,85.3,84.0
2742233,2025-10-18,Sheffield Arrows Senior Men,82,29,83,25,52,4,31,20,27,17,27,44,15,13,4,14,14,24,1,88.4,88.4
2742233,2025-10-18,Liverpool Senior Men,84,33,67,22,35,11,32,7,16,5,31,36,26,7,1,20,24,14,4,88.4,88.4
2742368,2025-10-18,Richmond Knights Senior Men,80,29,72,23,53,6,19,16,31,14,30,44,15,10,3,19,18,23,6,89.7,86.5
2742368,2025-10-18,London Stars Senior Men,73,27,71,17,36,10,35,9,16,10,29,39,12,9,6,17,23,17,3,83.3,86.5
2742227,2025-10-24,Worcester Wolves Senior Men,74,31,80,24,52,7,28,5,13,19,24,43,21,19,3,14,14,10,3,79.0,79.5
2742227,2025-10-24,Myerscough Basketball Academy Senior Men I,72,28,61,16,33,12,28,4,13,9,29,38,19,9,3,23,10,14,3,80.1,79.5
2742224,2025-10-25,Oxford Hoops Senior Men,61,23,79,18,51,5,28,10,19,24,31,55,11,11,3,13,13,15,4,72.7,76.3
2742224,2025-10-25,Sheffield Sharks Senior Men,62,25,69,20,42,5,27,7,14,11,28,39,18,6,4,17,15,12,3,79.8,76.3
2742249,2025-10-25,Liverpool Senior Men,63,24,68,19,40,5,28,10,14,8,32,40,9,10,4,23,17,11,0,88.0,87.1
2742249,2025-10-25,Cardiff Met Archers Senior Men I,69,26,67,18,48,8,19,9,20,9,33,42,13,17,0,20,11,17,4,86.2,87.1
2742362,2025-10-25,Greenwich Titans Senior Men,108,41,83,24,40,17,43,9,12,14,36,50,29,7,4,30,15,12,0,102.6,103.6
2742362,2025-10-25,London Elite Senior Men I,98,36,88,27,54,9,34,17,20,10,26,36,23,20,0,20,12,15,4,104.7,103.6
2742366,2025-10-25,London Stars Senior Men,71,25,60,18,33,7,27,14,19,10,26,36,12,8,2,20,21,15,1,78.2,79.8
2742366,2025-10-25,Barnet Bulldogs Senior Men,83,28,61,19,38,9,23,18,29,11,27,38,17,13,1,18,15,21,2,81.3,79.8
2742364,2025-10-25,CoLA Southwark Pride Senior Men,72,28,75,21,45,7,30,9,20,17,23,40,17,8,2,12,20,15,4,77.2,76.1
2742364,2025-10-25,London Lions Senior Men II,75,24,55,17,39,7,16,20,29,7,29,36,14,7,4,15,16,20,2,75.0,76.1
2742247,2025-10-25,Teesside Lions Senior Men,53,19,61,15,39,4,22,11,19,11,21,32,13,11,6,22,13,17,1,78.4,79.2
2742247,2025-10-25,Birmingham City University Senior Men,71,27,71,17,43,10,28,7,12,17,27,44,17,14,1,23,17,13,6,78.2,78.3
2742360,2025-10-26,Cobham Cobras Senior Men,60,22,57,18,39,4,18,12,21,14,24,38,17,9,2,26,17,18,1,75.9,78.2
2742360,2025-10-26,Richmond Knights Senior Men,58,22,60,19,41,3,19,11,23,15,18,33,10,10,1,26,18,16,2,80.5,78.2
2742245,2025-10-26,St Helens Saints Senior Men,94,33,67,24,48,9,19,19,29,11,25,36,17,13,3,18,19,18,2,86.6,84.7
2742245,2025-10-26,Leicester Warriors Senior Men,83,33,66,29,47,4,19,13,21,8,25,33,16,9,2,16,18,19,3,82.7,84.7
2742375,2025-11-01,Barnet Bulldogs Senior Men,72,26,55,16,30,10,25,10,16,3,23,26,20,10,0,17,17,14,0,75.5,76.5
2742375,2025-11-01,Barking Abbey Senior Men I,70,26,57,19,36,7,21,11,17,6,23,29,17,13,0,20,14,17,0,77.6,76.5
2742228,2025-11-01,Birmingham City University Senior Men,85,35,93,25,51,10,42,5,9,19,32,51,26,20,4,13,24,14,1,88.1,89.7
2742228,2025-11-01,Liverpool Senior Men,63,24,64,17,37,7,27,8,18,7,35,42,13,4,1,27,14,24,4,91.2,89.7
2742231,2025-11-01,Cardiff Met Archers Senior Men I,63,21,59,15,38,6,21,15,19,8,21,29,14,10,2,21,13,17,3,79.6,79.8
2742231,2025-11-01,Manchester Magic Senior Men I,76,28,60,16,35,12,25,8,15,7,29,36,23,15,3,22,18,13,2,80.0,79.8
2742358,2025-11-01,London Stars Senior Men,80,30,79,21,49,9,30,11,14,8,27,35,10,11,4,11,14,16,1,85.9,83.9
2742358,2025-11-01,Cobham Cobras Senior Men,70,29,70,22,47,7,23,5,9,8,33,41,8,7,1,18,16,14,4,81.9,83.9
2742234,2025-11-01,Myerscough Basketball Academy Senior Men I,70,27,73,21,46,6,27,10,15,20,33,53,17,11,4,21,13,12,1,75.4,77.3
2742234,2025-11-01,Leicester Warriors Senior Men,69,27,68,19,42,8,26,7,9,6,19,25,21,11,1,14,12,13,4,79.2,77.3
2742237,2025-11-01,Sheffield Arrows Senior Men,96,36,74,28,44,8,30,16,23,10,20,30,18,13,6,11,13,13,5,84.1,85.9
2742237,2025-11-01,Oxford Hoops Senior Men,75,27,62,21,41,6,21,15,19,6,27,33,9,6,5,26,14,13,6,87.7,85.9
2742374,2025-11-01,Solent Kestrels Senior Men,102,40,76,28,48,12,28,10,14,14,31,45,22,12,2,12,7,17,3,78.8,80.1
2742374,2025-11-01,London Lions Senior Men II,46,20,62,14,42,6,20,0,6,7,21,28,7,5,3,25,17,7,2,81.4,80.1
2742377,2025-11-01,Richmond Knights Senior Men,61,23,78,22,59,1,19,14,22,21,28,49,9,15,3,19,21,17,3,84.2,86.2
2742377,2025-11-01,CoLA Southwark Pride Senior Men,69,28,63,24,48,4,15,9,20,5,34,39,19,11,3,22,17,21,3,88.1,86.2
2742240,2025-11-01,Worcester Wolves Senior Men,88,37,76,31,53,6,23,8,22,12,33,45,26,12,0,13,13,16,6,86.2,84.1
2742240,2025-11-01,Teesside Lions Senior Men,67,24,71,16,44,8,27,11,15,11,28,39,12,9,6,17,16,13,0,82.0,84.1
2742232,2025-11-08,Oxford Hoops Senior Men,57,22,69,16,39,6,30,7,13,18,36,54,17,5,4,23,12,14,2,75.6,76.7
2742232,2025-11-08,Cardiff Met Archers Senior Men I,65,28,83,24,56,4,27,5,11,16,23,39,17,14,2,8,14,12,4,77.7,76.7
2742222,2025-11-08,Leicester Warriors Senior Men,71,28,71,23,47,5,24,10,26,7,33,40,20,10,1,18,19,20,4,93.0,92.5
2742222,2025-11-08,Sheffield Sharks Senior Men,72,26,73,21,53,5,20,15,24,12,36,48,20,9,4,22,21,19,1,92.1,92.5
2742365,2025-11-08,Barking Abbey Senior Men I,81,28,62,20,38,8,24,17,27,12,25,37,10,13,1,23,23,18,2,84.0,83.2
2742365,2025-11-08,London Elite Senior Men I,57,20,65,16,49,4,16,13,28,15,22,37,11,16,2,23,19,23,1,82.3,83.2
2742367,2025-11-08,London Lions Senior Men II,69,26,70,22,48,4,22,13,23,20,35,55,13,5,3,25,14,20,3,81.0,81.4
2742367,2025-11-08,Greenwich Titans Senior Men,63,25,87,18,47,7,40,6,7,19,19,38,13,14,3,15,20,13,3,81.7,81.4
2742363,2025-11-08,CoLA Southwark Pride Senior Men,80,30,61,27,48,3,13,17,30,11,29,40,14,10,4,18,11,22,0,82.3,82.4
2742363,2025-11-08,London Stars Senior Men,69,27,66,17,39,10,27,5,12,9,26,35,12,7,0,21,22,11,4,82.4,82.4
2742236,2025-11-08,Teesside Lions Senior Men,63,22,69,15,34,7,35,12,19,13,16,29,15,8,1,15,17,17,2,77.2,77.2
2742236,2025-11-08,Myerscough Basketball Academy Senior Men I,95,36,78,27,55,9,23,14,23,24,30,54,21,10,2,16,17,17,1,77.2,77.2
2742371,2025-11-08,Solent Kestrels Senior Men,96,37,85,29,56,8,29,14,22,21,31,52,25,15,7,11,17,17,0,82.2,82.0
2742371,2025-11-08,Richmond Knights Senior Men,55,20,62,14,45,6,17,9,20,14,25,39,11,7,0,25,19,17,7,81.8,82.0
2742243,2025-11-08,Worcester Wolves Senior Men,81,33,74,26,51,7,23,8,14,11,26,37,18,15,2,22,13,18,5,88.4,77.4
2742243,2025-11-08,Liverpool Senior Men,74,31,69,24,42,7,27,5,11,11,24,35,22,14,5,24,18,13,2,85.8,77.4
2742238,2025-11-08,Manchester Magic Senior Men I,89,34,71,28,51,6,20,15,21,9,31,40,23,16,1,17,23,23,4,87.6,88.5
2742238,2025-11-08,Birmingham City University Senior Men,60,20,66,15,36,5,30,15,29,20,28,48,10,9,4,30,23,23,1,89.5,88.5
2742361,2025-11-09,Cobham Cobras Senior Men,69,25,55,20,40,5,15,14,19,9,30,39,20,8,5,24,16,13,3,77.7,82.1
2742361,2025-11-09,Barnet Bulldogs Senior Men,86,34,81,28,52,6,29,12,22,17,21,38,11,17,3,14,14,15,5,86.5,82.1
2742229,2025-11-09,St Helens Saints Senior Men,87,34,85,21,55,13,30,6,10,19,30,49,24,12,3,18,19,12,4,84.4,85.2
2742229,2025-11-09,Sheffield Arrows Senior Men,88,35,76,24,45,11,31,7,12,13,26,39,16,6,4,18,12,19,3,86.0,85.2
2742226,2025-11-14,Worcester Wolves Senior Men,73,30,72,25,50,5,22,8,18,18,20,38,14,15,3,16,16,17,4,77.1,75.3
2742226,2025-11-14,Manchester Magic Senior Men I,71,26,62,16,37,10,25,9,10,10,25,35,14,6,4,20,17,16,3,73.6,75.3
2742219,2025-11-15,Cardiff Met Archers Senior Men I,61,24,55,18,38,6,17,7,10,6,21,27,9,5,1,19,22,15,1,72.0,74.6
2742219,2025-11-15,St Helens Saints Senior Men,101,39,65,29,41,10,24,13,15,4,25,29,16,11,1,10,15,20,1,77.1,74.6
2742357,2025-11-15,Barnet Bulldogs Senior Men,101,37,77,28,49,9,28,18,24,19,23,42,19,19,4,14,16,16,5,81.2,81.8
2742357,2025-11-15,London Elite Senior Men I,63,21,53,14,41,7,12,14,19,7,21,28,15,8,5,29,17,16,4,82.4,81.8
2742220,2025-11-15,Birmingham City University Senior Men,97,37,86,25,56,12,30,11,17,14,30,44,18,11,3,13,22,12,3,90.5,88.3
2742220,2025-11-15,Oxford Hoops Senior Men,68,18,54,11,34,7,20,25,35,6,32,38,17,8,3,23,12,22,3,86.0,88.3
2742359,2025-11-15,London Lions Senior Men II,53,16,55,10,29,6,26,15,21,10,29,39,6,7,5,11,20,16,4,63.3,64.6
2742359,2025-11-15,Barking Abbey Senior Men I,55,19,68,9,36,10,32,7,19,20,25,45,13,6,4,11,16,20,5,66.0,64.6
2742218,2025-11-15,Teesside Lions Senior Men,62,24,66,15,34,9,32,5,9,6,33,39,18,6,3,17,17,14,5,80.7,82.0
2742218,2025-11-15,Liverpool Senior Men,71,26,73,17,40,9,33,10,22,12,37,49,23,8,5,14,14,17,3,83.3,82.0
2742223,2025-11-15,Sheffield Arrows Senior Men,93,37,79,24,44,13,35,6,12,13,48,61,25,4,4,17,19,8,3,87.0,86.6
2742223,2025-11-15,Leicester Warriors Senior Men,59,23,80,20,53,3,27,10,26,12,28,40,7,9,3,7,9,19,4,86.2,86.6
2742350,2025-11-15,Richmond Knights Senior Men,73,29,85,24,65,5,20,10,17,17,34,51,14,12,1,23,24,13,10,97.0,95.3
2742350,2025-11-15,Greenwich Titans Senior Men,65,26,76,24,59,2,17,11,24,17,38,55,9,12,10,25,13,24,1,93.7,95.3
2742146,2025-11-15,Sheffield Sharks Senior Men,71,25,72,17,44,8,28,13,21,9,25,34,13,8,1,14,16,16,5,85.8,82.5
2742146,2025-11-15,Myerscough Basketball Academy Senior Men I,78,29,74,18,46,11,28,9,16,16,39,55,16,4,5,17,17,15,1,79.2,82.5
2742344,2025-11-16,Cobham Cobras Senior Men,67,25,58,20,39,5,19,12,19,12,32,44,20,7,3,19,20,15,1,72.5,74.9
2742344,2025-11-16,CoLA Southwark Pride Senior Men,61,22,62,17,39,5,23,12,29,9,21,30,14,8,1,12,15,20,3,77.4,74.9
2742214,2025-11-16,Cardiff Met Archers Senior Men I,71,23,60,18,40,5,20,20,27,8,20,28,13,13,4,16,11,20,2,78.6,77.3
2742214,2025-11-16,Worcester Wolves Senior Men,83,31,62,19,31,12,31,9,12,9,26,35,16,9,2,19,20,10,4,76.0,77.3
2742216,2025-11-16,Sheffield Sharks Senior Men,75,27,63,19,36,8,27,13,21,9,34,43,17,5,5,23,17,21,4,84.7,84.2
2742216,2025-11-16,Birmingham City University Senior Men,79,29,78,22,51,7,27,14,22,15,24,39,9,14,4,12,21,17,5,83.6,84.2
2742335,2025-11-22,CoLA Southwark Pride Senior Men,71,25,56,21,36,4,20,17,31,11,18,29,12,12,3,27,22,24,2,85.2,84.0
2742335,2025-11-22,Barnet Bulldogs Senior Men,90,29,63,18,39,11,24,21,31,14,21,35,13,15,2,22,24,21,3,82.7,84.0
2742209,2025-11-22,Oxford Hoops Senior Men,63,26,66,22,47,4,19,7,16,12,21,33,15,9,2,18,13,15,5,79.1,78.2
2742209,2025-11-22,Worcester Wolves Senior Men,89,36,69,32,43,4,26,13,17,11,31,42,26,13,5,13,15,13,2,77.3,78.2
2742203,2025-11-22,Leicester Warriors Senior Men,75,29,79,23,51,6,28,11,17,26,24,50,24,16,3,20,15,19,1,78.7,79.8
2742203,2025-11-22,Cardiff Met Archers Senior Men I,64,29,65,26,51,3,14,3,7,11,24,35,15,10,1,25,19,15,3,81.0,79.8
2742206,2025-11-22,Liverpool Senior Men,80,28,74,15,38,13,36,11,12,15,26,41,13,11,2,20,21,11,2,82.1,85.1
2742206,2025-11-22,Myerscough Basketball Academy Senior Men I,94,36,72,30,49,6,23,16,29,16,28,44,7,13,2,18,11,19,2,88.1,85.1
2742342,2025-11-22,Greenwich Titans Senior Men,95,36,84,29,59,7,25,16,23,13,32,45,15,12,2,15,26,23,2,95.2,94.5
2742342,2025-11-22,London Stars Senior Men,109,37,78,26,48,11,30,24,32,14,35,49,25,8,2,15,23,26,2,93.7,94.5
2742212,2025-11-22,Sheffield Sharks Senior Men,59,20,76,13,43,7,33,12,21,20,27,47,10,12,6,14,12,16,3,77.5,78.0
2742212,2025-11-22,Sheffield Arrows Senior Men,70,27,70,14,32,13,38,3,7,8,35,43,18,7,3,16,16,12,6,78.6,78.0
2742338,2025-11-22,Solent Kestrels Senior Men,67,27,72,21,44,6,28,7,18,16,26,42,13,8,2,11,11,19,4,75.5,75.2
2742338,2025-11-22,Cobham Cobras Senior Men,64,27,64,20,41,7,23,3,7,9,34,43,15,7,4,18,19,11,2,74.9,75.2
2742200,2025-11-22,Manchester Magic Senior Men I,77,28,71,17,41,11,30,10,14,18,26,44,19,13,4,16,14,12,6,71.9,73.1
2742200,2025-11-22,Teesside Lions Senior Men,61,21,55,12,27,9,28,10,18,8,21,29,14,5,6,20,12,14,4,74.4,73.1
2742197,2025-11-23,St Helens Saints Senior Men,92,33,76,23,46,10,30,16,27,16,21,37,15,13,4,13,22,25,3,83.4,83.7
2742197,2025-11-23,Birmingham City University Senior Men,76,25,53,18,32,7,21,19,31,10,26,36,12,7,3,27,25,22,4,84.0,83.7
2742217,2025-11-29,Oxford Hoops Senior Men,68,26,75,21,54,5,21,11,18,13,30,43,14,7,4,15,12,15,2,82.4,82.4
2742217,2025-11-29,Liverpool Senior Men,86,33,83,21,39,12,44,8,12,15,31,46,26,9,2,12,16,11,4,82.4,82.4
2742326,2025-11-29,Greenwich Titans Senior Men,84,29,70,22,42,7,28,19,27,6,26,32,13,18,0,18,27,18,2,92.6,92.6
2742326,2025-11-29,CoLA Southwark Pride Senior Men,82,31,65,29,50,2,15,18,35,11,30,41,15,12,2,23,18,27,0,92.6,92.6
2742354,2025-11-29,Barking Abbey Senior Men I,61,25,72,21,39,4,33,7,15,11,32,43,11,4,3,21,23,18,2,86.4,85.6
2742354,2025-11-29,London Stars Senior Men,75,23,69,12,37,11,32,18,23,12,31,43,17,9,2,19,18,22,3,84.7,85.6
2742215,2025-11-29,Manchester Magic Senior Men I,62,24,68,19,42,5,26,9,20,11,23,34,18,13,2,15,17,14,5,80.0,77.2
2742215,2025-11-29,Myerscough Basketball Academy Senior Men I,65,23,62,20,44,3,18,16,21,14,33,47,16,13,5,19,14,17,2,74.5,77.2
2742352,2025-11-29,London Elite Senior Men I,81,30,75,27,61,3,14,18,22,14,20,34,12,12,4,23,24,14,6,91.2,90.3
2742352,2025-11-29,Richmond Knights Senior Men,98,39,71,31,54,8,17,12,23,17,27,44,26,12,6,24,16,23,4,89.4,90.3
2742329,2025-11-29,Solent Kestrels Senior Men,82,29,69,18,42,11,27,13,17,12,33,45,19,10,6,22,17,17,1,83.4,83.3
2742329,2025-11-29,Barnet Bulldogs Senior Men,66,24,67,16,41,8,26,10,20,11,22,33,10,14,1,19,18,17,6,83.3,83.3
2742210,2025-11-30,Leicester Warriors Senior Men,87,35,62,31,50,4,12,13,19,11,18,29,23,15,1,17,12,22,2,76.8,76.9
2742210,2025-11-30,Worcester Wolves Senior Men,79,31,66,26,48,5,18,12,14,15,19,34,12,14,2,22,22,12,1,77.1,76.9
2742213,2025-11-30,St Helens Saints Senior Men,70,27,78,19,44,8,34,8,14,13,38,51,19,12,2,13,11,16,3,81.4,82.9
2742213,2025-11-30,Teesside Lions Senior Men,57,21,69,11,40,10,29,5,12,8,32,40,15,7,3,19,16,11,2,84.3,82.9
2742191,2025-12-06,Liverpool Senior Men,76,31,71,25,50,6,21,8,15,8,30,38,10,15,5,15,15,15,2,82.8,82.9
2742191,2025-12-06,Manchester Magic Senior Men I,68,21,65,13,33,8,32,18,22,11,27,38,15,10,2,21,15,14,5,83.0,82.9
2742201,2025-12-06,Cardiff Met Archers Senior Men I,63,25,65,19,42,6,23,7,11,9,26,35,9,8,0,17,15,11,2,76.4,75.3
2742201,2025-12-06,Sheffield Sharks Senior Men,73,26,68,14,34,12,34,9,15,10,28,38,10,10,2,12,11,14,0,74.1,75.3
2742198,2025-12-06,Birmingham City University Senior Men,115,43,81,33,48,10,33,19,23,12,22,34,27,26,1,22,30,14,3,99.2,101.9
2742198,2025-12-06,Leicester Warriors Senior Men,81,31,62,27,46,4,16,15,34,10,23,33,16,14,3,38,15,30,1,104.6,101.9
2742343,2025-12-06,CoLA Southwark Pride Senior Men,78,27,56,21,39,6,17,18,27,6,23,29,19,12,3,18,22,18,2,80.1,78.1
2742343,2025-12-06,Solent Kestrels Senior Men,71,27,74,21,56,6,18,11,19,23,26,49,12,9,2,19,18,21,3,76.2,78.1
2742207,2025-12-06,Myerscough Basketball Academy Senior Men I,71,25,75,15,48,10,27,11,13,11,35,46,16,7,1,16,12,12,3,82.7,84.2
2742207,2025-12-06,Sheffield Arrows Senior Men,78,29,79,19,50,10,29,10,17,11,31,42,18,11,3,12,12,10,1,85.7,84.2
2742204,2025-12-06,Teesside Lions Senior Men,82,28,79,14,35,14,44,12,21,11,22,33,28,8,5,7,22,18,5,83.2,82.4
2742204,2025-12-06,Oxford Hoops Senior Men,79,28,58,21,39,7,19,16,24,10,39,49,14,3,5,23,19,22,5,81.5,82.4
2742341,2025-12-06,Richmond Knights Senior Men,70,27,62,25,44,2,18,14,23,5,27,32,17,8,2,20,16,15,1,86.3,83.9
2742341,2025-12-06,Barking Abbey Senior Men I,82,29,66,20,43,9,23,15,22,8,27,35,19,13,1,15,15,16,2,81.6,83.9
2742349,2025-12-06,London Elite Senior Men I,60,20,69,13,52,7,17,13,28,17,20,37,13,18,5,20,20,24,9,81.1,81.8
2742349,2025-12-06,London Lions Senior Men II,71,24,60,18,39,6,21,17,26,14,27,41,13,11,9,27,27,20,5,82.6,81.8
2742195,2025-12-06,Worcester Wolves Senior Men,76,33,78,30,55,3,23,7,16,20,26,46,12,13,5,18,22,24,3,81.2,83.2
2742195,2025-12-06,St Helens Saints Senior Men,75,26,68,16,37,10,31,13,21,13,24,37,18,8,3,23,25,21,5,85.3,83.2
2742337,2025-12-07,Cobham Cobras Senior Men,72,26,67,17,41,9,26,11,15,10,27,37,23,10,1,18,19,16,1,80.4,81.4
2742337,2025-12-07,Greenwich Titans Senior Men,78,29,70,17,41,12,29,8,16,12,29,41,19,7,1,19,17,19,1,82.5,81.4
2742202,2025-12-13,Oxford Hoops Senior Men,68,26,74,22,58,4,16,12,16,19,31,50,15,5,2,8,10,14,0,67.4,68.5
2742202,2025-12-13,Manchester Magic Senior Men I,64,25,74,17,34,8,40,6,9,14,26,40,17,4,0,8,14,9,2,69.6,68.5
2742208,2025-12-13,Myerscough Basketball Academy Senior Men I,76,28,76,19,38,9,38,11,18,21,25,46,16,9,3,18,9,14,0,75.0,73.2
2742208,2025-12-13,Cardiff Met Archers Senior Men I,54,23,60,19,40,4,20,4,9,8,19,27,15,11,0,17,15,9,3,71.4,73.2
2742205,2025-12-13,Sheffield Arrows Senior Men,79,26,67,17,39,9,28,18,21,11,29,40,16,3,1,19,17,20,2,80.2,84.4
2742205,2025-12-13,Birmingham City University Senior Men,111,42,81,30,48,12,33,15,26,10,21,31,13,14,2,7,20,17,1,88.7,84.4
2742211,2025-12-13,Leicester Warriors Senior Men,74,27,71,24,51,3,20,17,26,9,28,37,6,7,0,13,13,23,1,86.0,83.7
2742211,2025-12-13,Teesside Lions Senior Men,76,30,80,25,55,5,25,11,15,20,36,56,17,8,1,17,23,13,0,81.3,83.7
2742334,2025-12-13,Solent Kestrels Senior Men,85,34,77,26,44,8,33,9,11,16,34,50,18,7,8,20,14,15,3,84.3,87.3
2742334,2025-12-13,Greenwich Titans Senior Men,75,31,71,27,51,4,20,9,22,5,26,31,16,14,3,15,15,14,8,90.2,87.3
2742199,2025-12-13,Sheffield Sharks Senior Men,75,28,59,18,36,10,23,9,12,12,29,41,19,11,2,34,15,11,1,84.6,83.3
2742199,2025-12-13,Worcester Wolves Senior Men,72,26,63,19,45,7,18,13,20,6,17,23,21,25,1,17,11,15,2,82.0,83.3
2742330,2025-12-13,London Elite Senior Men I,88,32,71,27,53,5,18,19,27,13,30,43,15,9,5,23,20,18,1,92.3,92.9
2742330,2025-12-13,London Stars Senior Men,95,34,74,27,48,7,26,20,28,9,27,36,17,14,1,17,19,18,5,93.4,92.9
2742196,2025-12-14,St Helens Saints Senior Men,78,28,71,20,45,8,26,14,22,10,18,28,13,14,2,18,22,18,1,83.3,86.9
2742196,2025-12-14,Liverpool Senior Men,82,30,64,24,47,6,17,16,33,9,20,29,17,6,1,24,19,22,2,90.4,86.9
2742325,2025-12-20,Greenwich Titans Senior Men,56,20,69,14,38,6,31,10,19,12,20,32,12,7,3,25,17,16,1,88.7,87.4
2742325,2025-12-20,Barnet Bulldogs Senior Men,110,44,86,35,63,9,23,13,19,18,34,52,24,13,1,13,17,17,3,86.1,87.4
2742356,2025-12-20,Cobham Cobras Senior Men,80,31,76,22,45,9,31,9,15,12,34,46,21,14,1,18,14,13,2,87.2,88.6
2742356,2025-12-20,London Elite Senior Men I,67,27,64,24,45,3,19,10,16,5,31,36,14,5,2,24,13,13,1,90.0,88.6
2742192,2025-12-20,Worcester Wolves Senior Men,78,30,78,25,52,5,26,13,21,18,38,56,17,12,1,23,26,16,4,90.1,88.9
2742192,2025-12-20,Sheffield Arrows Senior Men,72,24,64,15,38,9,26,15,29,9,28,37,8,7,4,19,16,26,1,87.6,88.9
2742355,2025-12-21,CoLA Southwark Pride Senior Men,68,23,91,21,58,2,33,20,31,22,30,52,10,17,1,23,19,24,10,100.5,88.5
2742355,2025-12-21,Barking Abbey Senior Men I,70,25,71,19,39,6,32,14,23,15,37,52,15,7,10,34,24,19,1,98.7,88.5
2742178,2026-01-03,Leicester Warriors Senior Men,65,25,71,22,51,3,20,12,19,11,19,30,10,4,7,14,14,16,3,81.3,80.9
2742178,2026-01-03,Manchester Magic Senior Men I,106,39,80,30,50,9,30,19,23,17,34,51,27,10,3,11,16,14,7,80.4,80.9
2742181,2026-01-03,Sheffield Sharks Senior Men,51,16,81,8,48,8,33,11,20,24,34,58,11,9,6,20,20,16,11,78.9,79.1
2742181,2026-01-03,Liverpool Senior Men,60,22,77,18,52,4,25,12,16,16,30,46,18,10,11,14,16,20,6,79.2,79.0
2742340,2026-01-03,London Stars Senior Men,96,34,74,22,41,12,33,16,22,6,33,39,25,14,3,15,18,15,4,91.1,89.4
2742340,2026-01-03,London Lions Senior Men II,75,28,72,21,47,7,25,12,17,11,28,39,16,7,4,20,15,18,3,87.7,89.4
2742351,2026-01-03,Barking Abbey Senior Men I,59,23,57,19,41,4,16,9,12,4,38,42,7,5,5,26,18,13,3,83.1,82.2
2742351,2026-01-03,Solent Kestrels Senior Men,71,26,81,20,53,6,28,13,25,19,24,43,17,18,3,9,13,18,5,81.4,82.2
2742190,2026-01-03,Sheffield Arrows Senior Men,98,37,90,25,57,12,33,12,18,21,26,47,16,5,1,9,17,18,3,84.0,82.9
2742190,2026-01-03,Teesside Lions Senior Men,83,28,61,19,44,9,17,18,26,6,31,37,6,4,3,16,19,17,1,81.8,82.9
2742177,2026-01-09,Worcester Wolves Senior Men,74,29,71,25,50,4,21,12,26,15,26,41,11,16,2,23,28,24,2,90.8,89.8
2742177,2026-01-09,Birmingham City University Senior Men,69,22,67,16,37,6,30,19,36,17,31,48,13,17,2,25,24,27,2,88.8,89.8
2742167,2026-01-10,Oxford Hoops Senior Men,86,31,92,23,63,8,29,16,16,22,40,62,17,5,7,20,19,16,5,92.9,75.1
2742167,2026-01-10,Leicester Warriors Senior Men,79,31,91,24,59,7,32,10,16,16,33,49,22,11,5,15,16,19,7,94.7,75.1
2742170,2026-01-10,Liverpool Senior Men,102,36,73,24,41,12,32,18,29,11,31,42,17,6,1,20,22,23,5,94.3,94.8
2742170,2026-01-10,Sheffield Arrows Senior Men,111,35,73,22,42,13,31,28,34,5,27,32,20,13,5,13,24,22,1,95.3,94.8
2742333,2026-01-10,Barking Abbey Senior Men I,78,31,70,24,38,7,32,9,11,17,44,61,16,4,3,22,15,9,0,77.1,78.9
2742333,2026-01-10,Greenwich Titans Senior Men,57,22,77,18,44,4,33,9,20,14,19,33,10,11,0,9,9,15,3,80.6,78.9
2742339,2026-01-10,London Stars Senior Men,84,27,73,12,35,15,38,15,18,9,23,32,20,19,8,16,16,13,3,85.6,85.9
2742339,2026-01-10,Richmond Knights Senior Men,76,32,74,26,61,6,13,6,9,18,30,48,23,12,3,28,13,16,8,86.2,85.9
2742173,2026-01-10,Teesside Lions Senior Men,87,33,82,23,50,10,32,11,13,14,26,40,18,9,5,10,14,16,4,81.0,80.1
2742173,2026-01-10,Cardiff Met Archers Senior Men I,75,31,62,28,51,3,11,10,15,5,30,35,21,8,4,16,16,14,5,79.2,80.1
2742336,2026-01-10,Solent Kestrels Senior Men,79,31,76,24,45,7,31,10,16,10,37,47,24,14,5,20,16,15,3,91.0,89.7
2742336,2026-01-10,London Elite Senior Men I,61,23,75,20,57,3,18,12,16,12,30,42,10,10,3,20,16,16,5,88.4,89.7
2742164,2026-01-10,Manchester Magic Senior Men I,101,37,75,27,44,10,31,17,20,4,33,37,26,18,0,11,17,13,6,89.9,88.2
2742164,2026-01-10,Sheffield Sharks Senior Men,49,18,61,15,39,3,22,10,19,9,29,38,15,7,6,27,13,17,0,86.5,88.2
2742327,2026-01-11,Cobham Cobras Senior Men,72,26,82,19,56,7,26,13,32,25,23,48,19,7,3,11,20,21,5,82.5,81.9
2742327,2026-01-11,London Lions Senior Men II,98,35,71,25,47,10,24,18,29,14,36,50,23,9,5,12,21,20,3,81.2,81.9
2742161,2026-01-11,St Helens Saints Senior Men,107,39,80,17,36,22,44,7,12,11,30,41,33,11,5,13,23,10,2,85.9,86.7
2742161,2026-01-11,Oxford Hoops Senior Men,81,30,73,22,56,8,17,13,26,16,28,44,12,5,2,19,11,22,5,87.4,86.7
2742189,2026-01-11,Teesside Lions Senior Men,84,30,69,17,35,13,34,11,20,10,20,30,14,13,2,10,20,17,2,77.4,78.3
2742189,2026-01-11,Sheffield Sharks Senior Men,75,28,64,25,44,3,20,16,26,13,30,43,17,7,2,19,17,20,2,79.3,78.3
2742158,2026-01-16,Birmingham City University Senior Men,104,35,93,18,46,17,47,17,29,23,39,62,31,14,2,14,24,22,3,93.8,92.8
2742158,2026-01-16,Cardiff Met Archers Senior Men I,68,25,72,22,51,3,21,15,23,10,32,42,18,8,3,20,22,24,2,91.9,92.8
2742168,2026-01-17,Cardiff Met Archers Senior Men I,68,25,77,16,50,9,27,9,17,17,29,46,14,9,2,19,20,17,6,82.9,82.3
2742168,2026-01-17,Liverpool Senior Men,78,26,62,14,27,12,35,14,27,9,29,38,12,11,6,17,18,20,2,81.8,82.3
2742171,2026-01-17,Leicester Warriors Senior Men,78,30,72,28,59,2,13,16,23,16,25,41,22,6,0,17,16,19,2,82.8,83.2
2742171,2026-01-17,St Helens Saints Senior Men,84,33,67,24,42,9,25,9,19,8,28,36,23,11,2,17,21,16,0,83.5,83.2
2742322,2026-01-17,Barnet Bulldogs Senior Men,79,22,64,12,29,10,35,25,32,10,28,38,10,13,2,18,25,23,1,82.9,86.2
2742322,2026-01-17,London Stars Senior Men,69,20,58,13,26,7,32,22,31,4,24,28,14,2,1,23,23,24,2,89.6,86.2
2742331,2026-01-17,Greenwich Titans Senior Men,83,26,68,11,25,15,43,16,24,7,19,26,21,15,3,18,12,15,1,88.1,87.2
2742331,2026-01-17,Barking Abbey Senior Men I,99,40,82,28,53,12,29,7,13,19,30,49,28,9,1,21,15,12,3,86.2,87.2
2742175,2026-01-17,Birmingham City University Senior Men,86,31,78,17,41,14,37,10,12,15,28,43,19,15,1,20,13,14,0,84.9,86.5
2742175,2026-01-17,Teesside Lions Senior Men,78,29,72,19,40,10,32,10,12,9,26,35,18,10,0,22,14,13,1,88.1,86.5
2742182,2026-01-17,Sheffield Sharks Senior Men,78,29,65,26,48,3,17,17,19,10,30,40,11,7,4,11,14,14,2,72.3,73.7
2742182,2026-01-17,Oxford Hoops Senior Men,68,27,75,22,52,5,23,9,14,15,22,37,11,6,2,11,14,14,4,75.0,73.7
2742323,2026-01-17,London Lions Senior Men II,58,24,65,17,40,7,25,3,8,13,28,41,11,7,4,20,22,6,1,73.5,76.0
2742323,2026-01-17,CoLA Southwark Pride Senior Men,66,20,62,12,41,8,21,18,35,10,25,35,14,9,1,13,6,22,4,78.6,76.0
2742174,2026-01-17,Sheffield Arrows Senior Men,75,28,72,15,35,13,37,6,11,7,30,37,12,5,3,12,17,17,0,80.8,80.9
2742174,2026-01-17,Manchester Magic Senior Men I,71,27,67,19,42,8,25,9,16,5,34,39,5,5,0,13,17,17,3,80.9,80.9
2742324,2026-01-17,Richmond Knights Senior Men,88,31,67,25,48,6,19,20,29,15,28,43,22,19,3,27,15,21,4,91.1,90.7
2742324,2026-01-17,Cobham Cobras Senior Men,74,28,76,17,47,11,29,7,15,17,22,39,19,11,4,27,22,14,3,90.2,90.7
2742179,2026-01-17,Myerscough Basketball Academy Senior Men I,63,25,66,17,38,8,28,5,14,12,25,37,16,8,7,18,17,16,0,76.3,76.9
2742179,2026-01-17,Worcester Wolves Senior Men,85,30,69,19,44,11,25,14,20,16,26,42,23,10,0,16,16,17,7,77.5,76.9
2742319,2026-01-18,Barking Abbey Senior Men I,57,21,68,16,33,5,35,10,22,21,29,50,17,9,4,18,21,17,0,75.0,74.8
2742319,2026-01-18,Cobham Cobras Senior Men,55,20,68,15,42,5,26,10,21,18,30,48,11,10,0,17,18,21,4,74.6,74.8
2742165,2026-01-18,St Helens Saints Senior Men,86,32,80,20,40,12,40,10,13,12,19,31,20,10,1,11,20,12,3,82.0,81.6
2742165,2026-01-18,Myerscough Basketball Academy Senior Men I,89,31,68,24,40,7,28,20,29,11,30,41,17,8,3,15,12,20,1,81.2,81.6
2742162,2026-01-23,Sheffield Arrows Senior Men,70,25,63,17,30,8,33,12,20,8,25,33,10,6,2,17,20,20,0,80.0,79.7
2742162,2026-01-23,Myerscough Basketball Academy Senior Men I,84,28,75,20,47,8,28,20,28,21,29,50,9,7,0,15,20,19,2,79.4,79.7
2742180,2026-01-24,Liverpool Senior Men,97,39,71,30,42,9,29,10,20,5,34,39,24,12,5,22,21,18,1,95.7,85.7
2742180,2026-01-24,Leicester Warriors Senior Men,87,33,82,27,63,6,19,15,28,14,23,37,12,18,1,18,19,19,5,97.0,85.6
2742159,2026-01-24,Birmingham City University Senior Men,99,37,88,27,52,10,36,15,19,12,36,48,22,18,1,9,20,14,6,90.8,92.3
2742159,2026-01-24,Sheffield Sharks Senior Men,73,25,74,19,49,6,25,17,23,11,33,44,16,4,6,22,14,20,1,93.8,92.3
2742316,2026-01-24,London Lions Senior Men II,60,23,70,19,46,4,24,10,18,14,27,41,9,5,5,15,16,16,2,76.5,77.5
2742316,2026-01-24,Barnet Bulldogs Senior Men,83,30,72,21,39,9,33,14,22,10,29,39,20,11,2,9,16,16,5,78.5,77.5
2742169,2026-01-31,Oxford Hoops Senior Men,83,34,85,29,58,5,27,10,11,15,28,43,19,4,7,15,16,14,4,86.2,85.1
2742169,2026-01-31,Sheffield Arrows Senior Men,106,40,85,31,58,9,27,17,18,14,29,43,24,10,4,7,14,16,7,83.9,85.1
2742156,2026-01-31,Leicester Warriors Senior Men,51,17,70,13,43,4,27,13,23,8,24,32,9,4,3,9,13,19,2,80.6,77.6
2742156,2026-01-31,Myerscough Basketball Academy Senior Men I,70,31,78,26,56,5,22,3,10,20,45,65,19,7,2,15,19,13,3,74.5,77.6
2742172,2026-01-31,Liverpool Senior Men,94,31,74,25,50,6,24,26,40,19,38,57,11,5,3,20,19,34,5,91.7,93.8
2742172,2026-01-31,Birmingham City University Senior Men,82,28,83,16,47,12,36,14,24,15,25,40,7,12,5,19,34,18,3,95.9,93.8
2742314,2026-01-31,Barking Abbey Senior Men I,91,31,73,25,45,6,28,23,30,17,31,48,19,6,8,14,22,22,0,82.4,82.0
2742314,2026-01-31,Barnet Bulldogs Senior Men,76,24,69,16,43,8,26,20,31,14,26,40,12,7,0,14,22,22,8,81.7,82.0
2742311,2026-01-31,London Lions Senior Men II,71,30,77,23,46,7,31,4,9,8,19,27,7,8,1,13,16,13,1,84.4,81.2
2742311,2026-01-31,Solent Kestrels Senior Men,89,37,65,33,48,4,17,11,16,7,34,41,25,4,1,14,13,16,1,78.0,81.2
2742176,2026-01-31,Teesside Lions Senior Men,67,23,66,13,43,10,23,11,12,7,21,28,17,4,3,17,13,16,4,79.8,78.5
2742176,2026-01-31,Worcester Wolves Senior Men,85,32,64,27,43,5,21,16,24,8,31,39,23,9,4,12,16,13,3,77.1,78.5
2742313,2026-01-31,CoLA Southwark Pride Senior Men,64,25,68,18,42,7,26,7,13,18,23,41,16,13,1,23,16,11,2,76.0,76.5
2742313,2026-01-31,Richmond Knights Senior Men,67,26,54,22,43,4,11,11,17,4,22,26,12,12,2,20,11,16,1,77.0,76.5
2742166,2026-01-31,Manchester Magic Senior Men I,82,34,78,26,49,8,29,6,14,18,37,55,19,10,3,15,14,14,3,77.4,77.3
2742166,2026-01-31,Cardiff Met Archers Senior Men I,55,23,65,19,48,4,17,5,10,6,21,27,15,11,3,14,14,14,3,77.1,77.3
2742235,2026-02-01,Leicester Warriors Senior Men,72,30,73,22,47,8,26,4,8,11,19,30,24,10,3,18,14,10,4,81.9,81.3
2742235,2026-02-01,Oxford Hoops Senior Men,75,29,63,25,54,4,9,13,19,9,29,38,21,11,4,21,10,14,3,80.7,81.3
2742163,2026-02-01,St Helens Saints Senior Men,95,35,74,18,32,17,42,8,12,8,22,30,11,10,0,11,20,13,0,78.8,82.8
2742163,2026-02-01,Sheffield Sharks Senior Men,72,26,66,17,38,9,28,11,23,7,21,28,9,2,0,21,13,19,0,86.8,82.8
2742154,2026-02-07,Liverpool Senior Men,63,25,84,24,57,1,27,12,15,17,30,47,10,11,5,17,16,17,5,87.4,88.5
2742154,2026-02-07,Worcester Wolves Senior Men,70,26,72,21,50,5,22,13,22,12,36,48,15,10,5,22,17,15,5,89.6,88.5
2742318,2026-02-07,Barnet Bulldogs Senior Men,84,34,77,27,48,7,29,9,14,15,29,44,12,7,2,12,15,14,4,77.5,77.0
2742318,2026-02-07,Cobham Cobras Senior Men,69,27,66,20,42,7,24,8,17,8,24,32,16,6,4,12,14,15,2,76.5,77.0
2742369,2026-02-07,Greenwich Titans Senior Men,87,33,72,24,41,9,31,12,22,9,27,36,12,6,0,10,20,16,1,81.5,81.3
2742369,2026-02-07,London Lions Senior Men II,90,31,67,18,35,13,32,15,21,11,28,39,11,6,1,16,16,20,0,81.1,81.3
2742155,2026-02-07,Birmingham City University Senior Men,69,25,79,15,42,10,37,9,17,19,21,40,14,14,4,13,17,12,0,77.1,77.6
2742155,2026-02-07,Manchester Magic Senior Men I,77,31,68,26,44,5,24,10,16,14,30,44,18,11,0,19,13,17,4,78.2,77.6
2742160,2026-02-07,Myerscough Basketball Academy Senior Men I,78,30,81,22,46,8,35,10,24,23,35,58,20,12,2,13,10,17,1,80.0,81.2
2742160,2026-02-07,Teesside Lions Senior Men,67,25,74,12,30,13,44,4,7,9,28,37,21,10,1,16,18,9,2,82.4,81.2
2742320,2026-02-07,London Stars Senior Men,83,30,71,24,47,6,24,17,26,10,33,43,16,12,6,17,18,21,0,89.0,88.1
2742320,2026-02-07,CoLA Southwark Pride Senior Men,75,26,73,18,49,8,24,15,22,12,32,44,11,9,0,18,21,18,6,87.3,88.1
2742150,2026-02-07,Cardiff Met Archers Senior Men I,74,31,69,20,42,11,27,1,5,8,29,37,25,17,2,18,20,13,1,79.9,79.9
2742150,2026-02-07,Oxford Hoops Senior Men,48,15,54,9,31,6,23,12,22,9,27,36,10,9,1,26,13,20,2,79.8,79.9
2742157,2026-02-07,Sheffield Arrows Senior Men,86,31,78,24,49,7,29,17,26,13,34,47,22,7,4,13,13,20,1,88.5,86.9
2742157,2026-02-07,St Helens Saints Senior Men,84,35,79,29,50,6,29,8,12,8,34,42,13,9,1,10,20,13,4,85.3,86.9
2742153,2026-02-07,Sheffield Sharks Senior Men,84,28,71,22,47,6,24,22,33,22,26,48,19,2,1,15,21,20,4,77.5,75.2
2742153,2026-02-07,Leicester Warriors Senior Men,92,32,66,20,37,12,29,16,24,7,22,29,19,7,4,4,20,21,1,72.8,75.2
2742317,2026-02-07,Richmond Knights Senior Men,45,19,68,17,51,2,17,5,16,13,27,40,6,9,3,22,14,18,8,83.4,83.3
2742317,2026-02-07,Solent Kestrels Senior Men,93,32,70,20,43,12,27,17,26,13,37,50,22,16,8,15,18,14,3,83.2,83.3
2742151,2026-02-08,St Helens Saints Senior Men,56,20,62,13,36,7,26,9,10,4,23,27,13,14,8,20,12,14,1,81.8,81.7
2742151,2026-02-08,Manchester Magic Senior Men I,80,28,65,21,48,7,17,17,19,11,35,46,12,8,1,21,14,11,8,81.6,81.7
2742312,2026-02-08,Barnet Bulldogs Senior Men,73,29,70,22,43,7,27,8,12,15,21,36,18,11,4,19,15,14,2,74.9,75.0
2742312,2026-02-08,London Lions Senior Men II,70,25,61,16,32,9,29,11,15,9,19,28,15,11,2,19,15,15,4,75.0,75.0
2742137,2026-02-14,Oxford Hoops Senior Men,66,24,69,16,41,8,28,10,17,12,34,46,17,6,4,24,13,18,4,87.3,89.0
2742137,2026-02-14,Birmingham City University Senior Men,98,36,85,19,42,17,43,9,15,10,32,42,29,19,4,11,18,13,4,90.7,89.0
2742143,2026-02-14,Liverpool Senior Men,75,28,81,20,52,8,29,11,18,13,36,49,16,9,2,16,19,14,4,89.2,89.2
2742143,2026-02-14,Teesside Lions Senior Men,76,29,69,21,40,8,29,10,19,3,34,37,7,9,4,15,16,17,2,89.1,89.2
2742296,2026-02-14,Greenwich Titans Senior Men,60,21,73,16,41,5,32,13,23,10,27,37,14,14,0,24,13,20,2,96.4,93.6
2742296,2026-02-14,Richmond Knights Senior Men,81,33,66,28,53,5,13,10,14,6,42,48,29,14,2,25,20,12,0,90.7,93.6
2742308,2026-02-14,CoLA Southwark Pride Senior Men,85,30,67,19,34,11,33,14,26,6,19,25,16,12,3,10,15,20,1,82.0,81.6
2742308,2026-02-14,Cobham Cobras Senior Men,71,27,59,23,43,4,16,13,21,9,31,40,13,6,1,24,20,15,3,81.2,81.6
2742140,2026-02-14,Leicester Warriors Senior Men,88,35,83,22,51,13,32,5,16,16,26,42,19,9,2,18,17,20,0,90.2,88.2
2742140,2026-02-14,Sheffield Arrows Senior Men,103,37,71,21,39,16,32,13,19,10,30,40,29,7,0,17,21,17,2,86.3,88.2
2742148,2026-02-14,Manchester Magic Senior Men I,80,29,69,18,44,11,25,11,15,12,26,38,23,9,2,11,11,15,1,71.9,71.8
2742148,2026-02-14,Worcester Wolves Senior Men,57,23,60,21,42,2,18,9,13,10,23,33,16,8,1,17,15,11,2,71.7,71.8
2742221,2026-02-14,Myerscough Basketball Academy Senior Men I,93,35,77,21,34,14,43,9,10,21,32,53,29,11,3,18,12,12,2,74.6,75.0
2742221,2026-02-14,Sheffield Sharks Senior Men,59,24,68,16,44,8,24,3,12,12,17,29,19,8,2,15,12,12,3,75.4,75.0
2742310,2026-02-14,Solent Kestrels Senior Men,96,35,79,25,47,10,32,16,19,17,40,57,26,9,1,15,20,15,2,81.8,83.8
2742310,2026-02-14,London Stars Senior Men,59,20,67,10,32,10,35,9,12,3,22,25,13,9,2,17,16,19,1,85.8,83.8
2742126,2026-02-15,Oxford Hoops Senior Men,59,24,82,20,56,4,26,7,11,21,25,46,9,4,5,14,14,14,3,76.3,75.5
2742126,2026-02-15,Myerscough Basketball Academy Senior Men I,77,29,71,16,38,13,33,6,11,14,32,46,20,8,3,15,14,14,5,74.7,75.5
2742131,2026-02-15,St Helens Saints Senior Men,81,27,74,16,38,11,36,16,21,15,32,47,15,12,5,21,20,16,1,88.2,86.7
2742131,2026-02-15,Cardiff Met Archers Senior Men I,68,29,75,24,50,5,25,5,9,10,32,42,17,8,1,18,16,19,5,85.2,86.7
2742134,2026-02-15,Manchester Magic Senior Men I,87,31,63,23,42,8,21,17,29,8,34,42,21,9,2,19,15,19,4,85.0,84.7
2742134,2026-02-15,Sheffield Arrows Senior Men,78,28,77,20,49,8,28,14,18,13,20,33,19,11,4,14,19,15,2,84.4,84.7
2742289,2026-02-21,Barnet Bulldogs Senior Men,87,33,78,23,49,10,29,11,15,12,30,42,17,14,5,10,14,10,2,80.2,78.0
2742289,2026-02-21,CoLA Southwark Pride Senior Men,43,16,66,14,52,2,14,9,14,17,28,45,10,7,2,23,10,14,5,75.8,78.0
2742144,2026-02-21,Birmingham City University Senior Men,95,33,80,22,50,11,30,18,26,21,32,53,22,18,3,25,24,20,9,94.4,94.0
2742144,2026-02-21,St Helens Saints Senior Men,77,23,74,15,40,8,34,23,30,14,27,41,18,7,9,23,20,23,3,93.6,94.0
2742292,2026-02-21,London Stars Senior Men,82,32,68,25,40,7,28,11,13,8,30,38,17,10,4,17,15,16,2,80.8,89.1
2742292,2026-02-21,Greenwich Titans Senior Men,66,22,65,15,41,7,24,15,23,14,23,37,7,9,2,19,16,15,4,79.5,89.1
2742141,2026-02-21,Myerscough Basketball Academy Senior Men I,78,26,69,13,32,13,37,13,26,15,31,46,21,10,4,16,10,19,1,80.0,81.9
2742141,2026-02-21,Liverpool Senior Men,74,31,78,24,46,7,32,5,11,12,27,39,28,10,1,15,19,10,4,83.8,81.9
2742139,2026-02-21,Sheffield Arrows Senior Men,80,31,74,22,43,9,31,9,15,15,33,48,18,7,3,15,18,14,2,78.8,80.1
2742139,2026-02-21,Sheffield Sharks Senior Men,72,26,70,19,48,7,22,13,25,12,26,38,10,9,2,13,15,18,3,81.4,80.1
2742149,2026-02-21,Cardiff Met Archers Senior Men I,81,32,68,27,55,5,13,12,20,6,28,34,17,9,0,19,25,20,3,89.0,87.2
2742149,2026-02-21,Leicester Warriors Senior Men,78,29,72,26,48,3,24,17,30,16,28,44,8,13,3,17,21,25,0,85.5,87.2
2742152,2026-02-21,Teesside Lions Senior Men,70,28,67,21,46,7,21,7,11,8,20,28,15,6,2,13,19,11,0,75.0,74.1
2742152,2026-02-21,Manchester Magic Senior Men I,82,31,65,23,43,8,22,12,15,8,26,34,19,8,0,12,12,19,2,73.2,74.1
2742328,2026-02-21,Richmond Knights Senior Men,61,23,73,20,59,3,14,12,22,18,44,62,17,8,2,22,10,16,6,86.5,85.9
2742328,2026-02-21,London Lions Senior Men II,58,21,81,14,38,7,43,9,14,12,35,47,12,15,6,12,17,10,2,85.4,86.0
2742147,2026-02-21,Worcester Wolves Senior Men,92,34,73,27,55,7,18,17,22,16,21,37,17,8,2,11,10,17,5,74.6,74.0
2742147,2026-02-21,Oxford Hoops Senior Men,80,34,62,25,42,9,20,3,7,6,19,25,23,4,5,15,17,10,2,73.4,74.0
2742287,2026-02-22,Cobham Cobras Senior Men,59,22,62,16,38,6,24,9,20,15,30,45,16,7,2,23,20,14,0,79.2,78.1
2742287,2026-02-22,Solent Kestrels Senior Men,76,28,73,21,42,7,31,13,23,15,29,44,23,13,0,10,15,20,2,77.1,78.1
2742123,2026-02-28,Liverpool Senior Men,88,34,79,26,49,8,30,12,22,11,21,32,11,13,1,11,12,21,9,88.4,85.4
2742123,2026-02-28,Oxford Hoops Senior Men,84,35,73,24,49,11,24,3,7,18,36,54,9,1,9,25,21,12,1,82.3,85.4
2742434,2026-02-28,Barnet Bulldogs Senior Men,62,24,78,20,54,4,24,10,16,14,23,37,15,13,0,8,17,16,3,76.5,75.9
2742434,2026-02-28,Solent Kestrels Senior Men,64,26,63,21,39,5,24,7,11,12,35,47,17,1,3,21,16,17,0,75.3,75.9
2742127,2026-02-28,Cardiff Met Archers Senior Men I,76,31,74,23,46,8,28,6,13,4,26,30,19,10,1,10,19,13,2,85.6,86.0
2742127,2026-02-28,Sheffield Arrows Senior Men,97,34,74,22,39,12,35,17,23,11,41,52,22,4,2,15,13,18,1,86.4,86.0
2742285,2026-02-28,CoLA Southwark Pride Senior Men,79,31,71,25,47,6,24,11,27,20,26,46,21,16,3,27,17,22,2,89.5,88.4
2742285,2026-02-28,Greenwich Titans Senior Men,70,26,69,19,43,7,26,11,19,14,22,36,18,16,2,26,22,17,3,87.3,88.4
2742135,2026-02-28,Myerscough Basketball Academy Senior Men I,84,35,81,27,56,8,25,6,14,18,28,46,21,14,7,13,9,14,2,80.9,78.9
2742135,2026-02-28,Manchester Magic Senior Men I,66,26,70,20,44,6,26,8,10,15,28,43,18,8,2,19,14,9,7,77.0,78.9
2742132,2026-02-28,Teesside Lions Senior Men,85,26,65,16,37,10,28,23,37,10,32,42,24,4,0,15,18,30,2,86.8,85.6
2742132,2026-02-28,St Helens Saints Senior Men,80,27,66,21,44,6,22,20,31,9,34,43,23,13,2,14,30,18,0,84.5,85.6
2742283,2026-02-28,Richmond Knights Senior Men,69,26,73,21,55,5,18,12,16,16,32,48,18,9,6,23,6,13,7,84.3,84.4
2742283,2026-02-28,London Elite Senior Men I,72,30,75,22,40,8,35,4,7,8,27,35,19,12,7,16,13,6,6,84.5,84.4
2742332,2026-03-01,Barking Abbey Senior Men I,74,23,62,15,34,8,28,20,26,15,22,37,14,12,5,16,16,20,1,72.5,74.2
2742332,2026-03-01,London Lions Senior Men II,52,20,63,16,34,4,29,8,14,11,22,33,8,7,1,22,20,16,5,75.8,74.2
2742145,2026-03-01,Worcester Wolves Senior Men,78,32,76,26,50,6,26,8,15,17,37,54,21,9,2,19,19,13,6,83.4,82.8
2742145,2026-03-01,Leicester Warriors Senior Men,62,23,67,16,42,7,25,9,13,7,27,34,14,6,6,17,13,17,2,82.2,82.8
2742193,2026-03-01,Manchester Magic Senior Men I,93,32,64,25,45,7,19,22,29,9,29,38,23,6,5,14,16,19,3,79.8,79.4
2742193,2026-03-01,St Helens Saints Senior Men,75,28,71,23,50,5,21,14,18,10,19,29,16,9,3,12,20,16,5,79.1,79.4
2742284,2026-03-06,Barnet Bulldogs Senior Men,79,30,73,18,41,12,32,7,11,13,17,30,19,18,4,15,17,11,2,78.6,78.7
2742284,2026-03-06,Richmond Knights Senior Men,59,22,53,21,36,1,17,14,21,9,29,38,19,9,2,28,11,17,4,78.8,78.7
2742194,2026-03-07,Sheffield Arrows Senior Men,101,39,80,30,50,9,30,14,17,10,33,43,19,13,4,12,9,10,0,87.9,89.6
2742194,2026-03-07,Cardiff Met Archers Senior Men I,71,31,77,29,54,2,23,7,13,9,28,37,14,8,0,19,10,9,4,91.2,89.6
2742136,2026-03-07,Oxford Hoops Senior Men,102,41,82,32,56,9,26,11,20,20,32,52,25,10,3,14,19,18,1,82.3,84.3
2742136,2026-03-07,Teesside Lions Senior Men,83,30,65,20,37,10,28,13,24,5,19,24,14,8,1,15,18,18,3,85.5,83.9
2742290,2026-03-07,Greenwich Titans Senior Men,77,31,83,24,51,7,32,8,19,17,27,44,18,10,0,10,23,18,1,83.8,81.4
2742290,2026-03-07,Cobham Cobras Senior Men,72,23,55,13,31,10,24,16,25,7,37,44,10,4,1,20,19,23,0,79.0,81.4
2742133,2026-03-07,Leicester Warriors Senior Men,74,25,67,15,35,10,32,14,23,16,21,37,12,9,2,25,10,20,4,84.6,84.5
2742133,2026-03-07,Birmingham City University Senior Men,99,38,82,22,41,16,41,7,13,19,25,44,27,18,4,19,20,9,2,84.4,84.5
2742288,2026-03-07,Solent Kestrels Senior Men,87,31,76,17,32,14,44,11,18,14,31,45,24,15,5,12,24,18,3,80.9,81.8
2742288,2026-03-07,CoLA Southwark Pride Senior Men,49,19,54,17,40,2,14,9,35,8,31,39,13,5,3,21,18,22,5,82.7,81.8
2742293,2026-03-07,London Lions Senior Men II,67,25,59,16,31,9,28,8,13,11,30,41,22,8,4,21,23,8,2,71.9,73.8
2742293,2026-03-07,London Elite Senior Men I,57,19,61,18,48,1,13,18,31,11,18,29,11,11,2,13,8,23,4,75.6,73.8
2742138,2026-03-07,Manchester Magic Senior Men I,89,32,74,24,46,8,28,17,24,14,36,50,25,8,4,13,12,18,8,82.6,82.4
2742138,2026-03-07,Liverpool Senior Men,72,28,78,20,55,8,23,8,11,11,28,39,20,7,8,12,18,12,4,82.3,82.4
2742130,2026-03-08,St Helens Saints Senior Men,69,26,67,16,33,10,34,7,13,6,30,36,12,7,5,16,21,15,1,81.8,83.8
2742130,2026-03-08,Worcester Wolves Senior Men,81,30,72,24,49,6,23,15,29,15,32,47,15,7,1,16,16,20,5,85.8,83.8
2742309,2026-03-08,Cobham Cobras Senior Men,57,24,72,21,46,3,26,6,16,12,28,40,16,9,3,12,14,18,1,78.5,78.5
2742309,2026-03-08,London Stars Senior Men,84,36,72,28,44,8,28,4,9,9,37,46,16,6,1,12,18,14,3,78.6,78.5
2742125,2026-03-08,Myerscough Basketball Academy Senior Men I,73,30,72,23,42,7,30,6,13,13,30,43,18,16,4,17,15,17,0,80.8,82.8
2742125,2026-03-08,Birmingham City University Senior Men,69,23,70,11,33,12,37,11,18,13,29,42,16,14,0,22,17,15,4,84.7,82.8
2742142,2026-03-08,Sheffield Sharks Senior Men,79,33,69,28,41,5,28,8,17,12,29,41,19,9,4,15,14,15,2,77.9,77.5
2742142,2026-03-08,Cardiff Met Archers Senior Men I,62,26,63,23,44,3,19,7,13,7,22,29,19,7,2,16,15,14,4,77.0,77.5
2742286,2026-03-08,Barking Abbey Senior Men I,71,26,68,16,33,10,35,9,13,12,27,39,21,13,5,21,17,11,4,80.5,79.1
2742286,2026-03-08,Richmond Knights Senior Men,50,19,50,16,37,3,13,9,20,5,26,31,12,13,4,24,11,17,5,77.6,79.1
2742315,2026-03-12,London Elite Senior Men I,44,16,59,12,42,4,17,8,12,7,17,24,5,14,4,23,9,12,6,79.0,80.8
2742315,2026-03-12,Barking Abbey Senior Men I,86,36,69,25,44,11,25,3,8,14,32,46,16,10,6,26,12,8,4,82.6,80.8
2742275,2026-03-14,London Stars Senior Men,71,28,65,21,41,7,24,8,16,7,25,32,8,15,2,13,14,16,2,77.6,79.7
2742275,2026-03-14,Barking Abbey Senior Men I,69,26,63,20,40,6,23,11,17,8,30,38,12,9,2,21,16,13,2,81.9,79.7
2742353,2026-03-15,London Stars Senior Men,69,28,77,24,53,4,24,9,14,10,33,43,15,8,4,10,17,16,3,81.5,81.5
2742353,2026-03-15,Solent Kestrels Senior Men,72,25,67,16,37,9,30,13,17,5,35,40,16,5,3,13,16,17,4,81.6,81.5
2742225,2026-03-15,Sheffield Sharks Senior Men,87,26,81,19,57,7,24,28,33,23,30,53,18,7,2,14,14,22,9,78.8,80.2
2742225,2026-03-15,St Helens Saints Senior Men,82,29,71,17,36,12,35,12,14,7,21,28,22,8,9,13,22,14,2,81.7,80.2
2830517,2026-03-28,Barnet Bulldogs Senior Men,103,41,83,29,52,12,31,9,14,12,32,44,17,6,3,15,27,14,4,89.2,81.7
2830517,2026-03-28,Manchester Magic Senior Men I,106,37,77,26,49,11,28,21,37,15,24,39,22,8,4,15,14,27,3,94.6,81.7
2830516,2026-03-28,Myerscough Basketball Academy Senior Men I,83,30,68,16,33,14,35,9,14,10,21,31,20,6,3,17,19,16,3,77.6,77.9
2830516,2026-03-28,Barking Abbey Senior Men I,92,33,69,24,44,9,25,17,27,16,20,36,21,10,3,14,16,18,3,78.2,77.9
2830515,2026-03-28,Solent Kestrels Senior Men,85,27,64,20,40,7,24,24,39,16,30,46,22,7,3,20,21,27,2,83.6,82.8
2830515,2026-03-28,Birmingham City University Senior Men,70,23,75,14,44,9,31,15,22,15,20,35,16,17,2,16,27,21,3,82.1,82.8
2830514,2026-03-28,Worcester Wolves Senior Men,86,28,63,16,38,12,25,18,30,14,31,45,24,10,3,19,18,21,2,81.8,81.5
2830514,2026-03-28,London Stars Senior Men,72,28,75,20,42,8,33,8,14,13,25,38,12,6,2,15,23,17,3,81.3,81.5
2834371,2026-04-11,Solent Kestrels Senior Men,65,21,67,16,37,5,30,18,27,17,30,47,14,10,8,12,13,21,6,71.4,71.2
2834371,2026-04-11,Barking Abbey Senior Men I,50,21,63,18,44,3,19,5,10,9,26,35,8,6,6,14,21,13,8,71.0,71.2
2834370,2026-04-11,Worcester Wolves Senior Men,82,36,76,28,53,8,23,2,2,10,27,37,19,15,4,15,20,13,3,80.6,78.7
2834370,2026-04-11,Manchester Magic Senior Men I,66,22,57,15,33,7,24,15,17,7,28,35,10,6,3,20,14,19,4,76.8,78.7
2838697,2026-04-26,Solent Kestrels Senior Men,74,27,67,21,42,6,25,14,20,12,31,43,19,7,9,15,17,19,9,76.5,76.2
2838697,2026-04-26,Worcester Wolves Senior Men,66,24,69,17,47,7,22,11,17,11,24,35,13,8,9,12,19,17,9,75.9,76.2
